reaction_id,bigg_id,human1_reaction_ids,subsystem,all_human1_subsystems,mapping_source
R_25HVITD2t,25HVITD2t,R_HMR_7997,Transport reactions,Transport reactions,Human1 BiGG cross-reference
R_25HVITD2tin,25HVITD2tin,,Unassigned,,unmapped
R_25HVITD2tin_m,25HVITD2tin_m,R_HMR_7998,Transport reactions,Transport reactions,Human1 BiGG cross-reference
R_25HVITD2tm,25HVITD2tm,,Unassigned,,unmapped
R_25HVITD3t,25HVITD3t,R_HMR_8010,Transport reactions,Transport reactions,Human1 BiGG cross-reference
R_25HVITD3tin,25HVITD3tin,,Unassigned,,unmapped
R_25HVITD3tin_m,25HVITD3tin_m,R_HMR_8009,Transport reactions,Transport reactions,Human1 BiGG cross-reference
R_25HVITD3tm,25HVITD3tm,,Unassigned,,unmapped
R_25VITD2Hm,25VITD2Hm,R_HMR_8004,Vitamin D metabolism,Vitamin D metabolism,Human1 BiGG cross-reference
R_3SPYRSP,3SPYRSP,R_HMR_3851,Sulfur metabolism,Sulfur metabolism,Human1 BiGG cross-reference
R_3SPYRSPm,3SPYRSPm,R_HMR_3866,Sulfur metabolism,Sulfur metabolism,Human1 BiGG cross-reference
R_25VITD3Hm,25VITD3Hm,R_HMR_8008,Vitamin D metabolism,Vitamin D metabolism,Human1 BiGG cross-reference
R_2AMACHYD,2AMACHYD,R_HMR_3974,"Glycine, serine and threonine metabolism","Glycine, serine and threonine metabolism",Human1 BiGG cross-reference
R_2AMACSULT,2AMACSULT,R_HMR_8062,Cysteine and methionine metabolism,Cysteine and methionine metabolism,Human1 BiGG cross-reference
R_2AMADPTm,2AMADPTm,R_HMR_8022,Transport reactions,Transport reactions,Human1 BiGG cross-reference
R_2DR1PP,2DR1PP,R_HMR_8072,Pyrimidine metabolism,Pyrimidine metabolism,Human1 BiGG cross-reference
R_2HBO,2HBO,,Unassigned,,unmapped
R_2HBt2,2HBt2,R_HMR_8075,Transport reactions,Transport reactions,Human1 BiGG cross-reference
R_2HCO3_NAt,2HCO3_NAt,R_HMR_8076,Transport reactions,Transport reactions,Human1 BiGG cross-reference
R_2MCITt,2MCITt,R_HMR_8079,Transport reactions,Transport reactions,Human1 BiGG cross-reference
R_2OXOADOXm,2OXOADOXm,R_HMR_4239,Lysine metabolism,Lysine metabolism,Human1 BiGG cross-reference
R_2OXOADPTm,2OXOADPTm,R_HMR_4237,Transport reactions,Transport reactions,Human1 BiGG cross-reference
R_CYTK14,CYTK14,R_HMR_8455,Nucleotide metabolism,Nucleotide metabolism,Human1 BiGG cross-reference
R_34DHOXPEGOX,34DHOXPEGOX,,Unassigned,,unmapped
R_34DHOXPEGt,34DHOXPEGt,R_HMR_8080,Transport reactions,Transport reactions,Human1 BiGG cross-reference
R_34DHPHAMT,34DHPHAMT,,Unassigned,,unmapped
R_34DHPHEt,34DHPHEt,R_HMR_8081,Transport reactions,Transport reactions,Human1 BiGG cross-reference
R_34DHALDD,34DHALDD,,Unassigned,,unmapped
R_CYTK14n,CYTK14n,R_HMR_8456,Nucleotide metabolism,Nucleotide metabolism,Human1 BiGG cross-reference
R_CYTK1m,CYTK1m,R_HMR_4026;R_HMR_8457,Nucleotide metabolism,Nucleotide metabolism,Human1 BiGG cross-reference
R_CYTK1n,CYTK1n,,Unassigned,,unmapped
R_34DHPLACOX_NADP,34DHPLACOX_NADP,,Unassigned,,unmapped
R_CYTK2,CYTK2,R_HMR_4512;R_HMR_8458,Nucleotide metabolism,Nucleotide metabolism;Pyrimidine metabolism,Human1 BiGG cross-reference
R_34DHXMANDACOX,34DHXMANDACOX,,Unassigned,,unmapped
R_34DHXMANDACOX_NADP,34DHXMANDACOX_NADP,,Unassigned,,unmapped
R_CYTK2n,CYTK2n,,Unassigned,,unmapped
R_5ADTSTSTERONESULT,5ADTSTSTERONESULT,R_HMR_7974,Steroid metabolism,Steroid metabolism,Human1 BiGG cross-reference
R_34HPLFM,34HPLFM,R_34HPLFM,Ubiquinone synthesis,Ubiquinone synthesis,Human1 BiGG cross-reference
R_41R1H2MAE12BOOX,41R1H2MAE12BOOX,,Unassigned,,unmapped
R_CYTK3,CYTK3,R_HMR_3967;R_HMR_8459,Nucleotide metabolism,Nucleotide metabolism,Human1 BiGG cross-reference
R_CYTK3n,CYTK3n,,Unassigned,,unmapped
R_CYTK4,CYTK4,R_HMR_8460,Nucleotide metabolism,Nucleotide metabolism,Human1 BiGG cross-reference
R_41R2A1H12BOOX,41R2A1H12BOOX,R_HMR_6752,"Phenylalanine, tyrosine and tryptophan biosynthesis","Phenylalanine, tyrosine and tryptophan biosynthesis",Human1 BiGG cross-reference
R_42A12BOOX,42A12BOOX,R_HMR_6758,"Phenylalanine, tyrosine and tryptophan biosynthesis","Phenylalanine, tyrosine and tryptophan biosynthesis",Human1 BiGG cross-reference
R_CYTK4n,CYTK4n,R_HMR_8461,Nucleotide metabolism,Nucleotide metabolism,Human1 BiGG cross-reference
R_34HPPOR,34HPPOR,R_HMR_6772,"Phenylalanine, tyrosine and tryptophan biosynthesis","Phenylalanine, tyrosine and tryptophan biosynthesis",Human1 BiGG cross-reference
R_35CGMPtn,35CGMPtn,R_HMR_8082,Transport reactions,Transport reactions,Human1 BiGG cross-reference
R_CYTK2_1,CYTK2_1,R_HMR_8462,Nucleotide metabolism,Nucleotide metabolism,Human1 BiGG cross-reference
R_3AIBTm,3AIBTm,R_HMR_8088,"Valine, leucine, and isoleucine metabolism","Valine, leucine, and isoleucine metabolism",Human1 BiGG cross-reference
R_CYTK5n,CYTK5n,R_HMR_8463,Nucleotide metabolism,Nucleotide metabolism,Human1 BiGG cross-reference
R_3AIBt,3AIBt,R_HMR_8090,Transport reactions,Transport reactions,Human1 BiGG cross-reference
R_CPK1,CPK1,R_HMR_8464,Nucleotide metabolism,Nucleotide metabolism,Human1 BiGG cross-reference
R_4ABUTtm,4ABUTtm,R_HMR_4692,Transport reactions,Transport reactions,Human1 BiGG cross-reference
R_3AIBtm,3AIBtm,R_HMR_8089,Transport reactions,Transport reactions,Human1 BiGG cross-reference
R_4HBZCOAFm,4HBZCOAFm,R_4HBZCOAFm,Ubiquinone synthesis,Ubiquinone synthesis,Human1 BiGG cross-reference
R_4HBZFm,4HBZFm,R_4HBZFm,Ubiquinone synthesis,Ubiquinone synthesis,Human1 BiGG cross-reference
R_CYTK6n,CYTK6n,R_HMR_8465,Nucleotide metabolism,Nucleotide metabolism,Human1 BiGG cross-reference
R_CYTK7,CYTK7,R_HMR_8466,Nucleotide metabolism,Nucleotide metabolism,Human1 BiGG cross-reference
R_CYTK7n,CYTK7n,R_HMR_8467,Nucleotide metabolism,Nucleotide metabolism,Human1 BiGG cross-reference
R_CYTK8,CYTK8,R_HMR_8468,Nucleotide metabolism,Nucleotide metabolism,Human1 BiGG cross-reference
R_4HDEBRISOQUINEte,4HDEBRISOQUINEte,R_HMR_8033,Transport reactions,Transport reactions,Human1 BiGG cross-reference
R_5ADTSTSTERONESte,5ADTSTSTERONESte,R_HMR_7975,Transport reactions,Transport reactions,Human1 BiGG cross-reference
R_CYTK8n,CYTK8n,R_HMR_8469,Nucleotide metabolism,Nucleotide metabolism,Human1 BiGG cross-reference
R_CYTK9,CYTK9,R_HMR_8470,Nucleotide metabolism,Nucleotide metabolism,Human1 BiGG cross-reference
R_CYTK9n,CYTK9n,R_HMR_8471;R_HMR_8472,Nucleotide metabolism,Nucleotide metabolism,Human1 BiGG cross-reference
R_D3AIBTm,D3AIBTm,R_HMR_3793,Pyrimidine metabolism,Pyrimidine metabolism,Human1 BiGG cross-reference
R_5ADTSTSTERONEte,5ADTSTSTERONEte,R_HMR_8104,Transport reactions,Transport reactions,Human1 BiGG cross-reference
R_5ADTSTSTERONEtr,5ADTSTSTERONEtr,R_HMR_7988,Transport reactions,Transport reactions,Human1 BiGG cross-reference
R_4HGLSDm,4HGLSDm,R_HMR_8097,Arginine and proline metabolism,Arginine and proline metabolism,Human1 BiGG cross-reference
R_4HOXPACDOX_NADP,4HOXPACDOX_NADP,,Unassigned,,unmapped
R_4MOPt2im,4MOPt2im,R_HMR_8099,Transport reactions,Transport reactions,Human1 BiGG cross-reference
R_DADA,DADA,R_HMR_4694,Purine metabolism,Purine metabolism,Human1 BiGG cross-reference
R_DADAe,DADAe,,Unassigned,,unmapped
R_3DPHBH1,3DPHBH1,R_3DPHBH1,Ubiquinone synthesis,Ubiquinone synthesis,Human1 BiGG cross-reference
R_DADNK,DADNK,R_HMR_4633;R_HMR_8473,Nucleotide metabolism,Nucleotide metabolism,Human1 BiGG cross-reference
R_DADNt4,DADNt4,R_HMR_6367,Transport reactions,Transport reactions,Human1 BiGG cross-reference
R_4MTOLBUTAMIDEte,4MTOLBUTAMIDEte,R_HMR_8053,Transport reactions,Transport reactions,Human1 BiGG cross-reference
R_4NPHSFte,4NPHSFte,R_HMR_8101,Transport reactions,Transport reactions,Human1 BiGG cross-reference
R_3DPHBH2,3DPHBH2,,Unassigned,,unmapped
R_3DSPHR,3DSPHR,R_HMR_0741,Sphingolipid metabolism,Sphingolipid metabolism,Human1 BiGG cross-reference
R_3HAO,3HAO,R_HMR_4228,Nicotinate and nicotinamide metabolism,Nicotinate and nicotinamide metabolism,Human1 BiGG cross-reference
R_4NPHSULT,4NPHSULT,R_HMR_7688,Metabolism of xenobiotics by cytochrome P450,Metabolism of xenobiotics by cytochrome P450,Human1 BiGG cross-reference
R_DAGK_hs,DAGK_hs,R_HMR_0604,Acylglycerides metabolism,Acylglycerides metabolism,Human1 BiGG cross-reference
R_DAGKn_hs,DAGKn_hs,R_DAGKn_hs,Glycerophospholipid metabolism,Glycerophospholipid metabolism,Human1 BiGG cross-reference
R_4NPHte,4NPHte,R_HMR_7690,Transport reactions,Transport reactions,Human1 BiGG cross-reference
R_3HBCDm,3HBCDm,R_HMR_7709,Butanoate metabolism,Butanoate metabolism,Human1 BiGG cross-reference
R_4PYRDX,4PYRDX,R_HMR_8103,Transport reactions,Transport reactions,Human1 BiGG cross-reference
R_5ADTSTSTERONEGLCte,5ADTSTSTERONEGLCte,R_HMR_7990,Transport reactions,Transport reactions,Human1 BiGG cross-reference
R_DAG_HSter,DAG_HSter,R_DAG_HSter,Transport reactions,Transport reactions,Human1 BiGG cross-reference
R_DALAOXx,DALAOXx,R_HMR_7647,Metabolism of other amino acids,Metabolism of other amino acids,Human1 BiGG cross-reference
R_3HBCOAHLm,3HBCOAHLm,R_3HBCOAHLm,"Valine, leucine, and isoleucine metabolism","Valine, leucine, and isoleucine metabolism",Human1 BiGG cross-reference
R_5ADTSTSTERONEGLCtr,5ADTSTSTERONEGLCtr,R_HMR_7989,Transport reactions,Transport reactions,Human1 BiGG cross-reference
R_5AOPtm,5AOPtm,R_HMR_4743,Transport reactions,Transport reactions,Human1 BiGG cross-reference
R_5DHFtl,5DHFtl,R_HMR_8118,Transport reactions,Transport reactions,Human1 BiGG cross-reference
R_3HCO3_NAt,3HCO3_NAt,R_HMR_8077,Transport reactions,Transport reactions,Human1 BiGG cross-reference
R_5FTHFt2,5FTHFt2,R_5FTHFt2;R_HMR_7682,Transport reactions,Transport reactions,Human1 BiGG cross-reference
R_5HLTDL,5HLTDL,R_HMR_4545,Serotonin and melatonin biosynthesis,Serotonin and melatonin biosynthesis,Human1 BiGG cross-reference
R_5HOMEPRAZOLEte,5HOMEPRAZOLEte,R_HMR_8047,Transport reactions,Transport reactions,Human1 BiGG cross-reference
R_5HOXINDACTO2OX,5HOXINDACTO2OX,R_HMR_4560,Serotonin and melatonin biosynthesis,Serotonin and melatonin biosynthesis,Human1 BiGG cross-reference
R_5HOXINDACTOX,5HOXINDACTOX,,Unassigned,,unmapped
R_5HOXINDACTOXm,5HOXINDACTOXm,R_5HOXINDACTOXm,Tryptophan metabolism,Tryptophan metabolism,Human1 BiGG cross-reference
R_DALAt2r,DALAt2r,R_HMR_7645,Transport reactions,Transport reactions,Human1 BiGG cross-reference
R_DALAt2rL,DALAt2rL,,Unassigned,,unmapped
R_DALAxt,DALAxt,R_HMR_7646;R_HMR_8688,Transport reactions,Transport reactions,Human1 BiGG cross-reference
R_DARGOp,DARGOp,,Unassigned,,unmapped
R_DASCBH,DASCBH,R_HMR_8689,Metabolism of other amino acids,Metabolism of other amino acids,Human1 BiGG cross-reference
R_DASCBR,DASCBR,R_HMR_6396,Ascorbate and aldarate metabolism,Ascorbate and aldarate metabolism,Human1 BiGG cross-reference
R_DASPO1p,DASPO1p,R_HMR_7641,"Alanine, aspartate and glutamate metabolism","Alanine, aspartate and glutamate metabolism",Human1 BiGG cross-reference
R_5HOXINOXDA,5HOXINOXDA,R_HMR_4558,Serotonin and melatonin biosynthesis,Serotonin and melatonin biosynthesis,Human1 BiGG cross-reference
R_5HTRPDOX,5HTRPDOX,,Unassigned,,unmapped
R_DATPtn,DATPtn,R_HMR_7861,Transport reactions,Transport reactions,Human1 BiGG cross-reference
R_5HTRPVESSEC,5HTRPVESSEC,R_5HTRPVESSEC;R_HMR_7634,Transport reactions,Transport reactions,Human1 BiGG cross-reference
R_DCIm,DCIm,R_HMR_3239;R_HMR_3272;R_HMR_3355,Beta oxidation of unsaturated fatty acids (n-7) (mitochondrial),Beta oxidation of unsaturated fatty acids (n-7) (mitochondrial);Beta oxidation of unsaturated fatty acids (n-9) (mitochondrial);Beta oxidation of unsaturated fatty acids (n-9) (peroxisomal),Human1 BiGG cross-reference
R_3HKYNAKGAT,3HKYNAKGAT,R_HMR_4244,"Phenylalanine, tyrosine and tryptophan biosynthesis","Phenylalanine, tyrosine and tryptophan biosynthesis",Human1 BiGG cross-reference
R_3HLYTCL,3HLYTCL,,Unassigned,,unmapped
R_3HPCOAHYD,3HPCOAHYD,R_3HPCOAHYD,Beta-alanine metabolism,Beta-alanine metabolism,Human1 BiGG cross-reference
R_5MTHFt,5MTHFt,R_HMR_3916,Transport reactions,Transport reactions,Human1 BiGG cross-reference
R_5MTHFt2,5MTHFt2,R_5MTHFt2;R_HMR_7683,Transport reactions,Transport reactions,Human1 BiGG cross-reference
R_3HPPD,3HPPD,R_3HPPD,Propanoate metabolism,Propanoate metabolism,Human1 BiGG cross-reference
R_3HXKYNDCL,3HXKYNDCL,R_HMR_8091,Tryptophan metabolism,Tryptophan metabolism,Human1 BiGG cross-reference
R_5HXKYNDCL,5HXKYNDCL,,Unassigned,,unmapped
R_5HXKYNOXDA,5HXKYNOXDA,R_HMR_6719,"Phenylalanine, tyrosine and tryptophan biosynthesis","Phenylalanine, tyrosine and tryptophan biosynthesis",Human1 BiGG cross-reference
R_5THFtl,5THFtl,R_HMR_8119,Transport reactions,Transport reactions,Human1 BiGG cross-reference
R_3HXKYNOXDA,3HXKYNOXDA,R_HMR_8092,Tryptophan metabolism,Tryptophan metabolism,Human1 BiGG cross-reference
R_5THFtm,5THFtm,R_HMR_8120,Transport reactions,Transport reactions,Human1 BiGG cross-reference
R_3M4HDXPAC,3M4HDXPAC,,Unassigned,,unmapped
R_6DHFtl,6DHFtl,R_HMR_8121,Transport reactions,Transport reactions,Human1 BiGG cross-reference
R_6DHFtm,6DHFtm,R_HMR_8122,Transport reactions,Transport reactions,Human1 BiGG cross-reference
R_6HTSTSTERONEte,6HTSTSTERONEte,R_HMR_7961,Transport reactions,Transport reactions,Human1 BiGG cross-reference
R_6HTSTSTERONEtr,6HTSTSTERONEtr,R_HMR_7960,Transport reactions,Transport reactions,Human1 BiGG cross-reference
R_6THFtl,6THFtl,R_HMR_8123,Transport reactions,Transport reactions,Human1 BiGG cross-reference
R_ABUTD,ABUTD,R_HMR_4689,Beta-alanine metabolism,Beta-alanine metabolism,Human1 BiGG cross-reference
R_ABUTt2r,ABUTt2r,R_HMR_8354,Transport reactions,Transport reactions,Human1 BiGG cross-reference
R_6THFtm,6THFtm,R_HMR_8124,Transport reactions,Transport reactions,Human1 BiGG cross-reference
R_3MLDAt,3MLDAt,R_HMR_4432,Transport reactions,Transport reactions,Human1 BiGG cross-reference
R_7DHCHSTEROLtr,7DHCHSTEROLtr,R_7DHCHSTEROLtr,Transport reactions,Transport reactions,Human1 BiGG cross-reference
R_3MOBt2im,3MOBt2im,R_3MOBt2im,Transport reactions,Transport reactions,Human1 BiGG cross-reference
R_7DHFtl,7DHFtl,R_HMR_8125,Transport reactions,Transport reactions,Human1 BiGG cross-reference
R_7DHFtm,7DHFtm,R_HMR_8126,Transport reactions,Transport reactions,Human1 BiGG cross-reference
R_7THFtl,7THFtl,R_HMR_8127,Transport reactions,Transport reactions,Human1 BiGG cross-reference
R_10FTHF7GLUtm,10FTHF7GLUtm,R_HMR_7923,Transport reactions,Transport reactions,Human1 BiGG cross-reference
R_10FTHFtl,10FTHFtl,R_HMR_7927,Transport reactions,Transport reactions,Human1 BiGG cross-reference
R_7THFtm,7THFtm,R_HMR_8128,Transport reactions,Transport reactions,Human1 BiGG cross-reference
R_3MOPt2im,3MOPt2im,R_HMR_8093,Transport reactions,Transport reactions,Human1 BiGG cross-reference
R_A4GALTc,A4GALTc,,Unassigned,,unmapped
R_A4GALTg,A4GALTg,R_HMR_8148,Sphingolipid metabolism,Sphingolipid metabolism,Human1 BiGG cross-reference
R_10FTHFtm,10FTHFtm,R_10FTHFtm,Transport reactions,Transport reactions,Human1 BiGG cross-reference
R_11DOCRTSLtm,11DOCRTSLtm,,Unassigned,,unmapped
R_3MOX4HOXPGALDOX,3MOX4HOXPGALDOX,,Unassigned,,unmapped
R_11DOCRTSLtr,11DOCRTSLtr,R_HMR_7929,Transport reactions,Transport reactions,Human1 BiGG cross-reference
R_A4GNT1g,A4GNT1g,R_HMR_8254,O-glycan metabolism,O-glycan metabolism,Human1 BiGG cross-reference
R_10FTHF5GLUtl,10FTHF5GLUtl,R_HMR_7915,Transport reactions,Transport reactions,Human1 BiGG cross-reference
R_A4GNT2g,A4GNT2g,R_HMR_8255,O-glycan metabolism,O-glycan metabolism,Human1 BiGG cross-reference
R_3MOX4HOXPGALDOX_NADP,3MOX4HOXPGALDOX_NADP,,Unassigned,,unmapped
R_AACOAT,AACOAT,R_HMR_1436,Butanoate metabolism,Butanoate metabolism,Human1 BiGG cross-reference
R_10FTHF5GLUtm,10FTHF5GLUtm,R_HMR_7914,Transport reactions,Transport reactions,Human1 BiGG cross-reference
R_10FTHF6GLUtl,10FTHF6GLUtl,R_HMR_7918,Transport reactions,Transport reactions,Human1 BiGG cross-reference
R_3MOXTYROX,3MOXTYROX,R_HMR_6764,"Phenylalanine, tyrosine and tryptophan biosynthesis","Phenylalanine, tyrosine and tryptophan biosynthesis",Human1 BiGG cross-reference
R_10FTHF6GLUtm,10FTHF6GLUtm,R_HMR_7917,Transport reactions,Transport reactions,Human1 BiGG cross-reference
R_10FTHF7GLUtl,10FTHF7GLUtl,R_HMR_7924,Transport reactions,Transport reactions,Human1 BiGG cross-reference
R_11DOCRTSTRNtm,11DOCRTSTRNtm,,Unassigned,,unmapped
R_11DOCRTSTRNtr,11DOCRTSTRNtr,R_HMR_7933,Transport reactions,Transport reactions,Human1 BiGG cross-reference
R_13DAMPPOX,13DAMPPOX,R_13DAMPPOX;R_HMR_7992,Beta-alanine metabolism,Beta-alanine metabolism,Human1 BiGG cross-reference
R_AACTOOR,AACTOOR,R_HMR_3852,"Glycine, serine and threonine metabolism","Glycine, serine and threonine metabolism",Human1 BiGG cross-reference
R_AACTtm,AACTtm,R_HMR_3954,Transport reactions,Transport reactions,Human1 BiGG cross-reference
R_AADSACYCL,AADSACYCL,,Unassigned,,unmapped
R_1MNCAMti,1MNCAMti,R_HMR_7679,Transport reactions,Transport reactions,Human1 BiGG cross-reference
R_3NTD7l,3NTD7l,R_3NTD7l,Purine metabolism,Purine metabolism,Human1 BiGG cross-reference
R_1PPDCRp,1PPDCRp,R_HMR_8019,Lysine metabolism,Lysine metabolism,Human1 BiGG cross-reference
R_AASAD3,AASAD3,,Unassigned,,unmapped
R_3SALAASPm,3SALAASPm,R_HMR_3863,Transport reactions,Transport reactions,Human1 BiGG cross-reference
R_AASAD3m,AASAD3m,R_HMR_4739,Lysine metabolism,Lysine metabolism,Human1 BiGG cross-reference
R_1a_24_25VITD2Hm,1a_24_25VITD2Hm,R_HMR_8003,Vitamin D metabolism,Vitamin D metabolism,Human1 BiGG cross-reference
R_1a_24_25VITD3Hm,1a_24_25VITD3Hm,R_HMR_8006,Vitamin D metabolism,Vitamin D metabolism,Human1 BiGG cross-reference
R_3SALACBOXL,3SALACBOXL,R_HMR_3910,Bile acid biosynthesis,Bile acid biosynthesis,Human1 BiGG cross-reference
R_1a_25VITD2Hm,1a_25VITD2Hm,R_HMR_8005,Vitamin D metabolism,Vitamin D metabolism,Human1 BiGG cross-reference
R_1a_25VITD3Hm,1a_25VITD3Hm,,Unassigned,,unmapped
R_24NPHte,24NPHte,R_HMR_8035,Transport reactions,Transport reactions,Human1 BiGG cross-reference
R_AATA,AATA,,Unassigned,,unmapped
R_ABO1g,ABO1g,R_HMR_8263,Blood group biosynthesis,Blood group biosynthesis,Human1 BiGG cross-reference
R_ABO2g,ABO2g,R_HMR_8267,Blood group biosynthesis,Blood group biosynthesis,Human1 BiGG cross-reference
R_24_25DHVITD2t,24_25DHVITD2t,R_HMR_8002,Transport reactions,Transport reactions,Human1 BiGG cross-reference
R_3SALAOX,3SALAOX,R_HMR_8063,Bile acid biosynthesis,Bile acid biosynthesis,Human1 BiGG cross-reference
R_24_25DHVITD2tm,24_25DHVITD2tm,R_HMR_8001,Transport reactions,Transport reactions,Human1 BiGG cross-reference
R_24_25DHVITD3t,24_25DHVITD3t,R_HMR_8007,Transport reactions,Transport reactions,Human1 BiGG cross-reference
R_ABO3g,ABO3g,R_HMR_8281,Blood group biosynthesis,Blood group biosynthesis,Human1 BiGG cross-reference
R_ABO4g,ABO4g,R_HMR_8284,Blood group biosynthesis,Blood group biosynthesis,Human1 BiGG cross-reference
R_24_25DHVITD3tm,24_25DHVITD3tm,R_HMR_8000,Transport reactions,Transport reactions,Human1 BiGG cross-reference
R_ABO5g,ABO5g,R_HMR_8288,Blood group biosynthesis,Blood group biosynthesis,Human1 BiGG cross-reference
R_24_25VITD2Hm,24_25VITD2Hm,R_HMR_7999,Vitamin D metabolism,Vitamin D metabolism,Human1 BiGG cross-reference
R_3SALATAi,3SALATAi,,Unassigned,,unmapped
R_24_25VITD3Hm,24_25VITD3Hm,,Unassigned,,unmapped
R_ABO6g,ABO6g,R_HMR_8292,Blood group biosynthesis,Blood group biosynthesis,Human1 BiGG cross-reference
R_ABO7g,ABO7g,R_HMR_8295,Blood group biosynthesis,Blood group biosynthesis,Human1 BiGG cross-reference
R_ABO8g,ABO8g,R_HMR_8298,Blood group biosynthesis,Blood group biosynthesis,Human1 BiGG cross-reference
R_ABO9g,ABO9g,R_HMR_8302,Blood group biosynthesis,Blood group biosynthesis,Human1 BiGG cross-reference
R_ABTArm,ABTArm,R_HMR_4693,"Alanine, aspartate and glutamate metabolism","Alanine, aspartate and glutamate metabolism",Human1 BiGG cross-reference
R_ABTD,ABTD,R_HMR_8342,Pentose and glucuronate interconversions,Pentose and glucuronate interconversions,Human1 BiGG cross-reference
R_ABTt,ABTt,R_HMR_8343,Transport reactions,Transport reactions,Human1 BiGG cross-reference
R_ABUTt2rL,ABUTt2rL,R_HMR_8355,Transport reactions,Transport reactions,Human1 BiGG cross-reference
R_ABUTt4_2_r,ABUTt4_2_r,R_HMR_4691,Transport reactions,Transport reactions,Human1 BiGG cross-reference
R_ACACT1r_copy1,ACACT1r_copy1,,Unassigned,,unmapped
R_3SALATAim,3SALATAim,R_HMR_3865,"Alanine, aspartate and glutamate metabolism","Alanine, aspartate and glutamate metabolism",Human1 BiGG cross-reference
R_ACACT10m,ACACT10m,R_HMR_3206,"Valine, leucine, and isoleucine metabolism","Valine, leucine, and isoleucine metabolism",Human1 BiGG cross-reference
R_ACACT1r_copy2,ACACT1r_copy2,,Unassigned,,unmapped
R_AG13T10g,AG13T10g,R_HMR_7353,Keratan sulfate biosynthesis,Keratan sulfate biosynthesis,Human1 BiGG cross-reference
R_ACACT1m,ACACT1m,R_HMR_3885,Tryptophan metabolism,Tryptophan metabolism,Human1 BiGG cross-reference
R_ACACT1x,ACACT1x,R_HMR_3105,Cholesterol metabolism,Cholesterol metabolism,Human1 BiGG cross-reference
R_ACACT4p,ACACT4p,R_HMR_3093,Beta oxidation of even-chain fatty acids (peroxisomal),Beta oxidation of even-chain fatty acids (peroxisomal),Human1 BiGG cross-reference
R_ACACT5p,ACACT5p,R_HMR_3089,Beta oxidation of even-chain fatty acids (peroxisomal),Beta oxidation of even-chain fatty acids (peroxisomal),Human1 BiGG cross-reference
R_ACACT6p,ACACT6p,R_HMR_3085,Beta oxidation of even-chain fatty acids (peroxisomal),Beta oxidation of even-chain fatty acids (peroxisomal),Human1 BiGG cross-reference
R_ACACT7p,ACACT7p,R_HMR_3081,Beta oxidation of even-chain fatty acids (peroxisomal),Beta oxidation of even-chain fatty acids (peroxisomal),Human1 BiGG cross-reference
R_ACACT8p,ACACT8p,,Unassigned,,unmapped
R_ACACT9p,ACACT9p,,Unassigned,,unmapped
R_ACOAD8m,ACOAD8m,R_HMR_3770,"Glycine, serine and threonine metabolism","Glycine, serine and threonine metabolism",Human1 BiGG cross-reference
R_ACOAD9m,ACOAD9m,R_HMR_3752,"Glycine, serine and threonine metabolism","Glycine, serine and threonine metabolism",Human1 BiGG cross-reference
R_ACOAH,ACOAH,R_HMR_4093,Pyruvate metabolism,Pyruvate metabolism,Human1 BiGG cross-reference
R_AG13T11g,AG13T11g,R_HMR_7356,Keratan sulfate biosynthesis,Keratan sulfate biosynthesis,Human1 BiGG cross-reference
R_ACOAO7p,ACOAO7p,R_HMR_3078,Beta oxidation of even-chain fatty acids (peroxisomal),Beta oxidation of even-chain fatty acids (peroxisomal),Human1 BiGG cross-reference
R_ACOATA,ACOATA,R_HMR_2150,Fatty acid biosynthesis,Fatty acid biosynthesis,Human1 BiGG cross-reference
R_ACACt2,ACACt2,R_HMR_4976,Transport reactions,Transport reactions,Human1 BiGG cross-reference
R_ACACt2m,ACACt2m,R_HMR_4977,Transport reactions,Transport reactions,Human1 BiGG cross-reference
R_ACODA,ACODA,R_HMR_8425,Arginine and proline metabolism,Arginine and proline metabolism,Human1 BiGG cross-reference
R_ACONT,ACONT,R_HMR_4454,Tricarboxylic acid cycle and glyoxylate/dicarboxylate metabolism,Tricarboxylic acid cycle and glyoxylate/dicarboxylate metabolism,Human1 BiGG cross-reference
R_ACACtx,ACACtx,R_ACACtx,Transport reactions,Transport reactions,Human1 BiGG cross-reference
R_ACALDt,ACALDt,R_HMR_4948,Transport reactions,Transport reactions,Human1 BiGG cross-reference
R_ACALDtm,ACALDtm,R_HMR_8356,Transport reactions,Transport reactions,Human1 BiGG cross-reference
R_ACONTm,ACONTm,R_HMR_4456,Tricarboxylic acid cycle and glyoxylate/dicarboxylate metabolism,Tricarboxylic acid cycle and glyoxylate/dicarboxylate metabolism,Human1 BiGG cross-reference
R_ACOX22x,ACOX22x,R_ACOX22x,Bile acid biosynthesis,Bile acid biosynthesis,Human1 BiGG cross-reference
R_ACALDtx,ACALDtx,R_HMR_8359,Transport reactions,Transport reactions,Human1 BiGG cross-reference
R_AG13T12g,AG13T12g,R_HMR_7359,Keratan sulfate biosynthesis,Keratan sulfate biosynthesis,Human1 BiGG cross-reference
R_ACCOAC,ACCOAC,R_HMR_4156,Fatty acid biosynthesis (even-chain),Fatty acid biosynthesis (even-chain),Human1 BiGG cross-reference
R_ACCOACrm,ACCOACrm,R_HMR_4295,Fatty acid biosynthesis (even-chain),Fatty acid biosynthesis (even-chain),Human1 BiGG cross-reference
R_ACCOAL,ACCOAL,R_ACCOAL,Propanoate metabolism,Propanoate metabolism,Human1 BiGG cross-reference
R_ACOX2x,ACOX2x,R_HMR_1638,Bile acid biosynthesis,Bile acid biosynthesis,Human1 BiGG cross-reference
R_AG13T13g,AG13T13g,R_HMR_7362,Keratan sulfate biosynthesis,Keratan sulfate biosynthesis,Human1 BiGG cross-reference
R_ACP1_FMN,ACP1_FMN,,Unassigned,,unmapped
R_ACRNtm,ACRNtm,R_ACRNtm;R_HMR_2590,Transport reactions,Transport reactions,Human1 BiGG cross-reference
R_ACCOALm,ACCOALm,R_HMR_3797,Propanoate metabolism,Propanoate metabolism,Human1 BiGG cross-reference
R_AG13T14g,AG13T14g,R_HMR_7365,Keratan sulfate biosynthesis,Keratan sulfate biosynthesis,Human1 BiGG cross-reference
R_ACS,ACS,R_HMR_4097,Glycolysis / Gluconeogenesis,Glycolysis / Gluconeogenesis,Human1 BiGG cross-reference
R_AG13T15g,AG13T15g,R_HMR_7368,Keratan sulfate biosynthesis,Keratan sulfate biosynthesis,Human1 BiGG cross-reference
R_ACCOAgt,ACCOAgt,R_HMR_8225,Transport reactions,Transport reactions,Human1 BiGG cross-reference
R_AG13T16g,AG13T16g,R_HMR_7473,Keratan sulfate biosynthesis,Keratan sulfate biosynthesis,Human1 BiGG cross-reference
R_ACCOAtn,ACCOAtn,R_HMR_1090,Transport reactions,Transport reactions,Human1 BiGG cross-reference
R_ACCOAtr,ACCOAtr,R_ACCOAtr,Transport reactions,Transport reactions,Human1 BiGG cross-reference
R_ACS2,ACS2,R_HMR_0153,Propanoate metabolism,Propanoate metabolism,Human1 BiGG cross-reference
R_ACSOMT,ACSOMT,,Unassigned,,unmapped
R_ACSRTNMT,ACSRTNMT,,Unassigned,,unmapped
R_ACETONEt2,ACETONEt2,R_HMR_8364,Transport reactions,Transport reactions,Human1 BiGG cross-reference
R_AG13T17g,AG13T17g,R_HMR_7475,Keratan sulfate biosynthesis,Keratan sulfate biosynthesis,Human1 BiGG cross-reference
R_ACETONEt2m,ACETONEt2m,R_HMR_8365,Transport reactions,Transport reactions,Human1 BiGG cross-reference
R_ACGAGBSIDEtg,ACGAGBSIDEtg,R_HMR_8199,Transport reactions,Transport reactions,Human1 BiGG cross-reference
R_ACGAGBSIDEtl,ACGAGBSIDEtl,R_HMR_8200,Transport reactions,Transport reactions,Human1 BiGG cross-reference
R_ACGALFUCGALACGALFUC12GAL14ACGLCGALGLUSIDEte,ACGALFUCGALACGALFUC12GAL14ACGLCGALGLUSIDEte,R_HMR_8290,Transport reactions,Transport reactions,Human1 BiGG cross-reference
R_ACSm,ACSm,R_HMR_4099,Glycolysis / Gluconeogenesis,Glycolysis / Gluconeogenesis,Human1 BiGG cross-reference
R_ACTLMO,ACTLMO,R_HMR_8499,Pyruvate metabolism,Pyruvate metabolism,Human1 BiGG cross-reference
R_ACTNMO,ACTNMO,R_HMR_8498,Pyruvate metabolism,Pyruvate metabolism,Human1 BiGG cross-reference
R_ACYP,ACYP,R_HMR_4370,Glycolysis / Gluconeogenesis,Glycolysis / Gluconeogenesis,Human1 BiGG cross-reference
R_ACt2m,ACt2m,R_ACt2m;R_HMR_5292,Transport reactions,Transport reactions,Human1 BiGG cross-reference
R_ACGALFUCGALACGALFUC12GAL14ACGLCGALGLUSIDEtg,ACGALFUCGALACGALFUC12GAL14ACGLCGALGLUSIDEtg,R_HMR_8289,Transport reactions,Transport reactions,Human1 BiGG cross-reference
R_ACGALFUCGALACGALFUCGALACGLCGAL14ACGLCGALGLUSIDEte,ACGALFUCGALACGALFUCGALACGLCGAL14ACGLCGALGLUSIDEte,R_HMR_8297,Transport reactions,Transport reactions,Human1 BiGG cross-reference
R_AG13T18g,AG13T18g,R_HMR_7478,Keratan sulfate biosynthesis,Keratan sulfate biosynthesis,Human1 BiGG cross-reference
R_ACGALFUCGALACGALFUCGALACGLCGAL14ACGLCGALGLUSIDEtg,ACGALFUCGALACGALFUCGALACGLCGAL14ACGLCGALGLUSIDEtg,R_HMR_8296,Transport reactions,Transport reactions,Human1 BiGG cross-reference
R_ACGALK,ACGALK,R_HMR_8366,Amino sugar and nucleotide sugar metabolism,Amino sugar and nucleotide sugar metabolism,Human1 BiGG cross-reference
R_ACt2r,ACt2r,R_HMR_4935,Transport reactions,Transport reactions,Human1 BiGG cross-reference
R_ACtg,ACtg,R_HMR_8496,Transport reactions,Transport reactions,Human1 BiGG cross-reference
R_ADA,ADA,R_HMR_4481,Purine metabolism,Purine metabolism,Human1 BiGG cross-reference
R_ACGALK2,ACGALK2,R_HMR_8367,Amino sugar and nucleotide sugar metabolism,Amino sugar and nucleotide sugar metabolism,Human1 BiGG cross-reference
R_ACGALtlg,ACGALtlg,R_HMR_8193,Transport reactions,Transport reactions,Human1 BiGG cross-reference
R_ADAe,ADAe,R_HMR_4482,Purine metabolism,Purine metabolism,Human1 BiGG cross-reference
R_AG13T1g,AG13T1g,R_HMR_7444,Keratan sulfate biosynthesis,Keratan sulfate biosynthesis,Human1 BiGG cross-reference
R_ADCim,ADCim,R_HMR_4464,Propanoate metabolism,Propanoate metabolism,Human1 BiGG cross-reference
R_ACGALtly,ACGALtly,R_HMR_8370,Transport reactions,Transport reactions,Human1 BiGG cross-reference
R_ACGAM2E,ACGAM2E,R_HMR_4527,Amino sugar and nucleotide sugar metabolism,Amino sugar and nucleotide sugar metabolism,Human1 BiGG cross-reference
R_AG13T2g,AG13T2g,R_HMR_7446,Keratan sulfate biosynthesis,Keratan sulfate biosynthesis,Human1 BiGG cross-reference
R_ACGAM6PS,ACGAM6PS,R_HMR_4628,Amino sugar and nucleotide sugar metabolism,Amino sugar and nucleotide sugar metabolism,Human1 BiGG cross-reference
R_ADEt,ADEt,R_HMR_4847,Transport reactions,Transport reactions,Human1 BiGG cross-reference
R_ADEtl,ADEtl,R_HMR_7710,Transport reactions,Transport reactions,Human1 BiGG cross-reference
R_ADHAPtx,ADHAPtx,R_HMR_7590,Transport reactions,Transport reactions,Human1 BiGG cross-reference
R_ACGAMK,ACGAMK,R_HMR_4524,Amino sugar and nucleotide sugar metabolism,Amino sugar and nucleotide sugar metabolism,Human1 BiGG cross-reference
R_ACGAMPM,ACGAMPM,R_HMR_4631,Amino sugar and nucleotide sugar metabolism,Amino sugar and nucleotide sugar metabolism,Human1 BiGG cross-reference
R_ACGAMtly,ACGAMtly,R_HMR_4962,Transport reactions,Transport reactions,Human1 BiGG cross-reference
R_ACGBGBSIDEtg,ACGBGBSIDEtg,R_HMR_8195,Transport reactions,Transport reactions,Human1 BiGG cross-reference
R_ADK1,ADK1,R_HMR_4002,Purine metabolism,Purine metabolism,Human1 BiGG cross-reference
R_ADK1m,ADK1m,R_HMR_4004,Purine metabolism,Purine metabolism,Human1 BiGG cross-reference
R_ADK3,ADK3,R_HMR_7800,Nucleotide metabolism,Nucleotide metabolism,Human1 BiGG cross-reference
R_ADK3m,ADK3m,R_HMR_7801,Nucleotide metabolism,Nucleotide metabolism,Human1 BiGG cross-reference
R_ACGBGBSIDEtl,ACGBGBSIDEtl,R_HMR_8196,Transport reactions,Transport reactions,Human1 BiGG cross-reference
R_ACGPID,ACGPID,R_HMR_8380,Glycosylphosphatidylinositol (GPI)-anchor biosynthesis,Glycosylphosphatidylinositol (GPI)-anchor biosynthesis,Human1 BiGG cross-reference
R_ADKd,ADKd,R_HMR_7802,Nucleotide metabolism,Nucleotide metabolism,Human1 BiGG cross-reference
R_AG13T3g,AG13T3g,R_HMR_7449,Keratan sulfate biosynthesis,Keratan sulfate biosynthesis,Human1 BiGG cross-reference
R_ADMDC,ADMDC,R_HMR_4073,Arginine and proline metabolism,Arginine and proline metabolism,Human1 BiGG cross-reference
R_ADNCYC,ADNCYC,R_HMR_4000,Purine metabolism,Purine metabolism,Human1 BiGG cross-reference
R_ADNK1,ADNK1,R_HMR_4012,Purine metabolism,Purine metabolism,Human1 BiGG cross-reference
R_ACGSm,ACGSm,R_HMR_8416,Arginine and proline metabolism,Arginine and proline metabolism,Human1 BiGG cross-reference
R_ACHEe,ACHEe,R_HMR_8421,Glycerophospholipid metabolism,Glycerophospholipid metabolism,Human1 BiGG cross-reference
R_AG13T4g,AG13T4g,R_HMR_7336,Keratan sulfate biosynthesis,Keratan sulfate biosynthesis,Human1 BiGG cross-reference
R_ACHVESSEC,ACHVESSEC,R_ACHVESSEC;R_HMR_7681,Transport reactions,Transport reactions,Human1 BiGG cross-reference
R_ACHtn,ACHtn,R_HMR_8363,Transport reactions,Transport reactions,Human1 BiGG cross-reference
R_ADNK1m,ADNK1m,R_HMR_4083,Nucleotide metabolism,Nucleotide metabolism,Human1 BiGG cross-reference
R_ADNt,ADNt,R_HMR_5032,Transport reactions,Transport reactions,Human1 BiGG cross-reference
R_AG13T5g,AG13T5g,R_HMR_7338,Keratan sulfate biosynthesis,Keratan sulfate biosynthesis,Human1 BiGG cross-reference
R_ADNt4,ADNt4,R_HMR_4845,Transport reactions,Transport reactions,Human1 BiGG cross-reference
R_ADNt5,ADNt5,R_HMR_6355,Transport reactions,Transport reactions,Human1 BiGG cross-reference
R_AG13T6g,AG13T6g,R_HMR_7341,Keratan sulfate biosynthesis,Keratan sulfate biosynthesis,Human1 BiGG cross-reference
R_ADNtl,ADNtl,R_HMR_7714,Transport reactions,Transport reactions,Human1 BiGG cross-reference
R_ADNtm,ADNtm,R_HMR_5031,Transport reactions,Transport reactions,Human1 BiGG cross-reference
R_ACITL,ACITL,R_HMR_4149,Tricarboxylic acid cycle and glyoxylate/dicarboxylate metabolism,Tricarboxylic acid cycle and glyoxylate/dicarboxylate metabolism,Human1 BiGG cross-reference
R_AG13T7g,AG13T7g,R_HMR_7344,Keratan sulfate biosynthesis,Keratan sulfate biosynthesis,Human1 BiGG cross-reference
R_ACN13ACNGALGBSIDEte,ACN13ACNGALGBSIDEte,R_HMR_8158,Transport reactions,Transport reactions,Human1 BiGG cross-reference
R_ACN13ACNGALGBSIDEtg,ACN13ACNGALGBSIDEtg,R_HMR_8157,Transport reactions,Transport reactions,Human1 BiGG cross-reference
R_ACN23ACNGALGBSIDEte,ACN23ACNGALGBSIDEte,R_HMR_8161,Transport reactions,Transport reactions,Human1 BiGG cross-reference
R_ADPGLC,ADPGLC,R_HMR_8443,Nucleotide metabolism,Nucleotide metabolism,Human1 BiGG cross-reference
R_ADPMAN,ADPMAN,R_HMR_8444,Nucleotide metabolism,Nucleotide metabolism,Human1 BiGG cross-reference
R_ADPRDP,ADPRDP,R_HMR_7144,Purine metabolism,Purine metabolism,Human1 BiGG cross-reference
R_ADPRDPm,ADPRDPm,R_ADPRDPm,Nucleotide metabolism,Nucleotide metabolism,Human1 BiGG cross-reference
R_ADPRIBt,ADPRIBt,R_HMR_7905,Transport reactions,Transport reactions,Human1 BiGG cross-reference
R_ADPT,ADPT,R_HMR_4085,Purine metabolism,Purine metabolism,Human1 BiGG cross-reference
R_ADPtx,ADPtx,R_HMR_7782,Transport reactions,Transport reactions,Human1 BiGG cross-reference
R_ACN23ACNGALGBSIDEtg,ACN23ACNGALGBSIDEtg,R_HMR_8160,Transport reactions,Transport reactions,Human1 BiGG cross-reference
R_ACNACNGAL14ACGLCGALGLUSIDEte,ACNACNGAL14ACGLCGALGLUSIDEte,R_HMR_8329,Transport reactions,Transport reactions,Human1 BiGG cross-reference
R_ACNACNGAL14ACGLCGALGLUSIDEtg,ACNACNGAL14ACGLCGALGLUSIDEtg,R_HMR_8328,Transport reactions,Transport reactions,Human1 BiGG cross-reference
R_ADRNCOAtx,ADRNCOAtx,R_ADRNCOAtx,Transport reactions,Transport reactions,Human1 BiGG cross-reference
R_ACNACNGALGBSIDEte,ACNACNGALGBSIDEte,R_HMR_8164,Transport reactions,Transport reactions,Human1 BiGG cross-reference
R_AG13T8g,AG13T8g,R_HMR_7347,Keratan sulfate biosynthesis,Keratan sulfate biosynthesis,Human1 BiGG cross-reference
R_ACNACNGALGBSIDEtg,ACNACNGALGBSIDEtg,R_HMR_8163,Transport reactions,Transport reactions,Human1 BiGG cross-reference
R_ACNAM9PL,ACNAM9PL,R_HMR_4529,Amino sugar and nucleotide sugar metabolism,Amino sugar and nucleotide sugar metabolism,Human1 BiGG cross-reference
R_ADRNCPT1,ADRNCPT1,R_HMR_2759,Carnitine shuttle (cytosolic),Carnitine shuttle (cytosolic),Human1 BiGG cross-reference
R_ADRNCPT2,ADRNCPT2,R_HMR_2761,Carnitine shuttle (mitochondrial),Carnitine shuttle (mitochondrial),Human1 BiGG cross-reference
R_ADRNCRNt,ADRNCRNt,R_ADRNCRNt,Fatty acid oxidation,Fatty acid oxidation,Human1 BiGG cross-reference
R_ACNAM9PL2,ACNAM9PL2,R_HMR_8371,Amino sugar and nucleotide sugar metabolism,Amino sugar and nucleotide sugar metabolism,Human1 BiGG cross-reference
R_AG13T9g,AG13T9g,R_HMR_7350,Keratan sulfate biosynthesis,Keratan sulfate biosynthesis,Human1 BiGG cross-reference
R_ACNAMPH,ACNAMPH,R_HMR_4530,Amino sugar and nucleotide sugar metabolism,Amino sugar and nucleotide sugar metabolism,Human1 BiGG cross-reference
R_ACNAMlt,ACNAMlt,R_HMR_7196,Transport reactions,Transport reactions,Human1 BiGG cross-reference
R_ADRNLPVESSEC,ADRNLPVESSEC,R_ADRNLPVESSEC;R_HMR_7635,Transport reactions,Transport reactions,Human1 BiGG cross-reference
R_ADRNt,ADRNt,R_HMR_0412,Transport reactions,Transport reactions,Human1 BiGG cross-reference
R_ADSELK,ADSELK,R_HMR_7129,Metabolism of other amino acids,Metabolism of other amino acids,Human1 BiGG cross-reference
R_ADSK,ADSK,R_HMR_4186,Nucleotide metabolism,Nucleotide metabolism,Human1 BiGG cross-reference
R_ACNAMtn,ACNAMtn,R_HMR_5424,Transport reactions,Transport reactions,Human1 BiGG cross-reference
R_AGDC,AGDC,R_HMR_4629,Amino sugar and nucleotide sugar metabolism,Amino sugar and nucleotide sugar metabolism,Human1 BiGG cross-reference
R_ACNGALACGLCGAL14ACGLCGALGLUSIDEte,ACNGALACGLCGAL14ACGLCGALGLUSIDEte,R_HMR_8339,Transport reactions,Transport reactions,Human1 BiGG cross-reference
R_ACNGALACGLCGAL14ACGLCGALGLUSIDEtg,ACNGALACGLCGAL14ACGLCGALGLUSIDEtg,R_HMR_8338,Transport reactions,Transport reactions,Human1 BiGG cross-reference
R_ACNML,ACNML,R_HMR_8373,Amino sugar and nucleotide sugar metabolism,Amino sugar and nucleotide sugar metabolism,Human1 BiGG cross-reference
R_ADSL1r,ADSL1r,R_HMR_4412,Purine metabolism,Purine metabolism,Human1 BiGG cross-reference
R_ADSL2r,ADSL2r,R_HMR_4812,Purine metabolism,Purine metabolism,Human1 BiGG cross-reference
R_ADSS,ADSS,R_HMR_4042,Purine metabolism,Purine metabolism,Human1 BiGG cross-reference
R_ACOAD10m,ACOAD10m,R_HMR_3784,"Glycine, serine and threonine metabolism","Glycine, serine and threonine metabolism",Human1 BiGG cross-reference
R_AGLPC,AGLPC,R_HMR_7600,Ether lipid metabolism,Ether lipid metabolism,Human1 BiGG cross-reference
R_ACOAD1fm,ACOAD1fm,R_HMR_3163,Butanoate metabolism,Butanoate metabolism,Human1 BiGG cross-reference
R_AFLATOXINte,AFLATOXINte,,Unassigned,,unmapped
R_AGLPED,AGLPED,R_HMR_7601,Glycerophospholipid metabolism,Glycerophospholipid metabolism,Human1 BiGG cross-reference
R_AGLPET,AGLPET,,Unassigned,,unmapped
R_AGLPH,AGLPH,,Unassigned,,unmapped
R_AHEXASE2ly,AHEXASE2ly,R_HMR_7587,N-glycan metabolism,N-glycan metabolism,Human1 BiGG cross-reference
R_AGLPR,AGLPR,,Unassigned,,unmapped
R_AHEXASEly,AHEXASEly,R_HMR_7578,N-glycan metabolism,N-glycan metabolism,Human1 BiGG cross-reference
R_AGLPT,AGLPT,R_HMR_7597,Glycerophospholipid metabolism,Glycerophospholipid metabolism,Human1 BiGG cross-reference
R_AICART,AICART,R_HMR_4814,Purine metabolism,Purine metabolism,Human1 BiGG cross-reference
R_AHCYStn,AHCYStn,R_HMR_7767,Transport reactions,Transport reactions,Human1 BiGG cross-reference
R_AGMTm,AGMTm,R_HMR_4424,Arginine and proline metabolism,Arginine and proline metabolism,Human1 BiGG cross-reference
R_AHCYStr,AHCYStr,R_HMR_7768,Transport reactions,Transport reactions,Human1 BiGG cross-reference
R_AGPAT1,AGPAT1,,Unassigned,,unmapped
R_AIRCr,AIRCr,R_HMR_4804,Purine metabolism,Purine metabolism,Human1 BiGG cross-reference
R_AGPRim,AGPRim,R_HMR_9557,Isolated,Isolated,Human1 BiGG cross-reference
R_AKGDm,AKGDm,R_HMR_5297,Tricarboxylic acid cycle and glyoxylate/dicarboxylate metabolism,Tricarboxylic acid cycle and glyoxylate/dicarboxylate metabolism,Human1 BiGG cross-reference
R_ALDD2x,ALDD2x,R_HMR_1568,Pyruvate metabolism,Pyruvate metabolism,Human1 BiGG cross-reference
R_AGPSx,AGPSx,R_HMR_7594,Glycerophospholipid metabolism,Glycerophospholipid metabolism,Human1 BiGG cross-reference
R_AGPex,AGPex,R_HMR_7596,Transport reactions,Transport reactions,Human1 BiGG cross-reference
R_ALDD2xm,ALDD2xm,R_HMR_8357,Glycolysis / Gluconeogenesis,Glycolysis / Gluconeogenesis,Human1 BiGG cross-reference
R_ALDD2y,ALDD2y,,Unassigned,,unmapped
R_AKGMALtm,AKGMALtm,R_HMR_4852,Transport reactions,Transport reactions,Human1 BiGG cross-reference
R_AKGt4_3,AKGt4_3,R_HMR_5992,Transport reactions,Transport reactions,Human1 BiGG cross-reference
R_AKGtp,AKGtp,R_HMR_7797,Transport reactions,Transport reactions,Human1 BiGG cross-reference
R_AKR1C1,AKR1C1,R_HMR_7976,Steroid metabolism,Steroid metabolism,Human1 BiGG cross-reference
R_ALDSTRNte,ALDSTRNte,,Unassigned,,unmapped
R_ALDSTRNtm,ALDSTRNtm,,Unassigned,,unmapped
R_AGTim,AGTim,,Unassigned,,unmapped
R_ALKP,ALKP,R_ALKP,Glycerophospholipid metabolism,Glycerophospholipid metabolism,Human1 BiGG cross-reference
R_AKR1C41,AKR1C41,R_HMR_1678,Bile acid biosynthesis,Bile acid biosynthesis,Human1 BiGG cross-reference
R_AKR1C42,AKR1C42,R_HMR_1598,Bile acid biosynthesis,Bile acid biosynthesis,Human1 BiGG cross-reference
R_ALOX12,ALOX12,,Unassigned,,unmapped
R_AKR1D,AKR1D,R_HMR_1595;R_HMR_1673,Bile acid biosynthesis,Bile acid biosynthesis,Human1 BiGG cross-reference
R_AGTix,AGTix,,Unassigned,,unmapped
R_AKR1D2,AKR1D2,,Unassigned,,unmapped
R_ALAASNNaEx,ALAASNNaEx,R_HMR_5612,Transport reactions,Transport reactions,Human1 BiGG cross-reference
R_ALOX12R,ALOX12R,R_HMR_8545,Eicosanoid metabolism,Eicosanoid metabolism,Human1 BiGG cross-reference
R_ALOX15,ALOX15,,Unassigned,,unmapped
R_ALOX5,ALOX5,,Unassigned,,unmapped
R_ALACYSNaEx,ALACYSNaEx,R_HMR_5609,Transport reactions,Transport reactions,Human1 BiGG cross-reference
R_AHANDROSTANGLCte,AHANDROSTANGLCte,R_HMR_7982,Transport reactions,Transport reactions,Human1 BiGG cross-reference
R_ALADGLNexR,ALADGLNexR,R_HMR_7643,Transport reactions,Transport reactions,Human1 BiGG cross-reference
R_ALADGLYexR,ALADGLYexR,R_HMR_7644,Transport reactions,Transport reactions,Human1 BiGG cross-reference
R_ALAGLNNaEx,ALAGLNNaEx,R_HMR_5603,Transport reactions,Transport reactions,Human1 BiGG cross-reference
R_ALOX52,ALOX52,,Unassigned,,unmapped
R_ALR,ALR,,Unassigned,,unmapped
R_ALR2,ALR2,R_HMR_8497,Pyruvate metabolism,Pyruvate metabolism,Human1 BiGG cross-reference
R_ALAGLNexR,ALAGLNexR,R_HMR_5473,Transport reactions,Transport reactions,Human1 BiGG cross-reference
R_AHANDROSTANGLCtr,AHANDROSTANGLCtr,R_HMR_7981,Transport reactions,Transport reactions,Human1 BiGG cross-reference
R_ALAGLYexR,ALAGLYexR,R_HMR_5458,Transport reactions,Transport reactions,Human1 BiGG cross-reference
R_AHCi,AHCi,R_HMR_3877,Cysteine and methionine metabolism,Cysteine and methionine metabolism,Human1 BiGG cross-reference
R_ALAR,ALAR,R_HMR_7642,"Alanine, aspartate and glutamate metabolism","Alanine, aspartate and glutamate metabolism",Human1 BiGG cross-reference
R_ALASERNaEx,ALASERNaEx,R_HMR_5604,Transport reactions,Transport reactions,Human1 BiGG cross-reference
R_ALASm,ALASm,R_HMR_4742,"Glycine, serine and threonine metabolism","Glycine, serine and threonine metabolism",Human1 BiGG cross-reference
R_ALATA_L,ALATA_L,R_HMR_3899,"Alanine, aspartate and glutamate metabolism","Alanine, aspartate and glutamate metabolism",Human1 BiGG cross-reference
R_ALATHRNaEx,ALATHRNaEx,R_HMR_5614,Transport reactions,Transport reactions,Human1 BiGG cross-reference
R_ALAt2r,ALAt2r,R_HMR_5077;R_HMR_6372,Transport reactions,Transport reactions,Human1 BiGG cross-reference
R_ALAt2rL,ALAt2rL,R_ALAt2rL;R_HMR_5064,Transport reactions,Transport reactions,Human1 BiGG cross-reference
R_ALR3,ALR3,R_HMR_8500,Pyruvate metabolism,Pyruvate metabolism,Human1 BiGG cross-reference
R_AM6SAD,AM6SAD,,Unassigned,,unmapped
R_AMACR2p,AMACR2p,R_AMACR2p,Bile acid biosynthesis,Bile acid biosynthesis,Human1 BiGG cross-reference
R_AMACR2r,AMACR2r,R_AMACR2r,Bile acid biosynthesis,Bile acid biosynthesis,Human1 BiGG cross-reference
R_AMACRp,AMACRp,,Unassigned,,unmapped
R_AMACRr,AMACRr,R_AMACRr,Bile acid biosynthesis,Bile acid biosynthesis,Human1 BiGG cross-reference
R_AMANK,AMANK,R_HMR_4528,Amino sugar and nucleotide sugar metabolism,Amino sugar and nucleotide sugar metabolism,Human1 BiGG cross-reference
R_AMCOXO,AMCOXO,R_HMR_4235,"Phenylalanine, tyrosine and tryptophan biosynthesis","Phenylalanine, tyrosine and tryptophan biosynthesis",Human1 BiGG cross-reference
R_AMETr,AMETr,R_HMR_7765,Transport reactions,Transport reactions,Human1 BiGG cross-reference
R_ALAt4,ALAt4,R_HMR_5305,Transport reactions,Transport reactions,Human1 BiGG cross-reference
R_ALAtN1,ALAtN1,R_HMR_5307,Transport reactions,Transport reactions,Human1 BiGG cross-reference
R_ARGNm,ARGNm,R_HMR_8426,Arginine and proline metabolism,Arginine and proline metabolism,Human1 BiGG cross-reference
R_ALCD1,ALCD1,R_HMR_4202,Miscellaneous,Miscellaneous,Human1 BiGG cross-reference
R_ALCD21_D,ALCD21_D,R_HMR_8507,Pyruvate metabolism,Pyruvate metabolism,Human1 BiGG cross-reference
R_AMETt2m,AMETt2m,R_HMR_7769,Transport reactions,Transport reactions,Human1 BiGG cross-reference
R_AMETtn,AMETtn,R_HMR_7766,Transport reactions,Transport reactions,Human1 BiGG cross-reference
R_AMPDA,AMPDA,R_HMR_4080,Purine metabolism,Purine metabolism,Human1 BiGG cross-reference
R_AMPTASECG,AMPTASECG,R_HMR_4328,Glutathione metabolism,Glutathione metabolism,Human1 BiGG cross-reference
R_AMPTASECGe,AMPTASECGe,R_HMR_4329,Glutathione metabolism,Glutathione metabolism,Human1 BiGG cross-reference
R_AMPtp,AMPtp,R_HMR_7783,Transport reactions,Transport reactions,Human1 BiGG cross-reference
R_AMPtr,AMPtr,R_HMR_7784,Transport reactions,Transport reactions,Human1 BiGG cross-reference
R_AMY1e,AMY1e,R_HMR_8583,Starch and sucrose metabolism,Starch and sucrose metabolism,Human1 BiGG cross-reference
R_LCARS,LCARS,R_HMR_8508,Pyruvate metabolism,Pyruvate metabolism,Human1 BiGG cross-reference
R_ALCD22_D,ALCD22_D,,Unassigned,,unmapped
R_ALCD22_L,ALCD22_L,,Unassigned,,unmapped
R_ALCD2x,ALCD2x,R_HMR_3905,Glycolysis / Gluconeogenesis,Glycolysis / Gluconeogenesis,Human1 BiGG cross-reference
R_ALCD2y,ALCD2y,R_HMR_3907,Glycolysis / Gluconeogenesis,Glycolysis / Gluconeogenesis,Human1 BiGG cross-reference
R_AMY2e,AMY2e,R_AMY2e,Starch and sucrose metabolism,Starch and sucrose metabolism,Human1 BiGG cross-reference
R_ANDRSTRNGLCte,ANDRSTRNGLCte,R_HMR_7967,Transport reactions,Transport reactions,Human1 BiGG cross-reference
R_ANDRSTRNte,ANDRSTRNte,R_HMR_8593,Transport reactions,Transport reactions,Human1 BiGG cross-reference
R_ANDRSTRNtr,ANDRSTRNtr,R_HMR_8594,Transport reactions,Transport reactions,Human1 BiGG cross-reference
R_ANTIPYRENEte,ANTIPYRENEte,R_HMR_8042,Transport reactions,Transport reactions,Human1 BiGG cross-reference
R_AOBUTDsm,AOBUTDsm,R_HMR_3860,"Glycine, serine and threonine metabolism","Glycine, serine and threonine metabolism",Human1 BiGG cross-reference
R_AP4AH1,AP4AH1,R_HMR_9570,Isolated,Isolated,Human1 BiGG cross-reference
R_ALDD19xr,ALDD19xr,,Unassigned,,unmapped
R_ALDD19x_P,ALDD19x_P,,Unassigned,,unmapped
R_APAT2rm,APAT2rm,R_HMR_4330,Beta-alanine metabolism,Beta-alanine metabolism,Human1 BiGG cross-reference
R_ARGSL,ARGSL,R_HMR_3813,"Alanine, aspartate and glutamate metabolism","Alanine, aspartate and glutamate metabolism",Human1 BiGG cross-reference
R_APNNOXte,APNNOXte,R_HMR_8602,Transport reactions,Transport reactions,Human1 BiGG cross-reference
R_APOCF,APOCF,R_HMR_7669,Biotin metabolism,Biotin metabolism,Human1 BiGG cross-reference
R_APOCFm,APOCFm,R_APOCFm,Biotin metabolism,Biotin metabolism,Human1 BiGG cross-reference
R_APOC_LYS_BTNP,APOC_LYS_BTNP,R_HMR_7671,Biotin metabolism,Biotin metabolism,Human1 BiGG cross-reference
R_ALDD20x,ALDD20x,,Unassigned,,unmapped
R_ALDD20xm,ALDD20xm,R_HMR_8563,Tryptophan metabolism,Tryptophan metabolism,Human1 BiGG cross-reference
R_APOC_LYS_BTNPm,APOC_LYS_BTNPm,R_APOC_LYS_BTNPm,Biotin metabolism,Biotin metabolism,Human1 BiGG cross-reference
R_APPNNte,APPNNte,R_HMR_8600,Transport reactions,Transport reactions,Human1 BiGG cross-reference
R_ALDD21,ALDD21,R_ALDD21,Fatty acid oxidation,Fatty acid oxidation,Human1 BiGG cross-reference
R_APRGSTRNte,APRGSTRNte,R_HMR_7977,Transport reactions,Transport reactions,Human1 BiGG cross-reference
R_ARGSS,ARGSS,R_HMR_3811,"Alanine, aspartate and glutamate metabolism","Alanine, aspartate and glutamate metabolism",Human1 BiGG cross-reference
R_APRTO2,APRTO2,R_HMR_8604,Arginine and proline metabolism,Arginine and proline metabolism,Human1 BiGG cross-reference
R_AQCOBALt,AQCOBALt,R_HMR_8612,Transport reactions,Transport reactions,Human1 BiGG cross-reference
R_ARABR,ARABR,R_HMR_8341,Pentose and glucuronate interconversions,Pentose and glucuronate interconversions,Human1 BiGG cross-reference
R_ARAB_Lt,ARAB_Lt,R_HMR_8340,Transport reactions,Transport reactions,Human1 BiGG cross-reference
R_ATPH1e,ATPH1e,R_HMR_8474,Nucleotide metabolism,Nucleotide metabolism,Human1 BiGG cross-reference
R_ARACHCOAtx,ARACHCOAtx,R_ARACHCOAtx,Transport reactions,Transport reactions,Human1 BiGG cross-reference
R_ARGt4,ARGt4,R_HMR_8629,Transport reactions,Transport reactions,Human1 BiGG cross-reference
R_ARACHCPT1,ARACHCPT1,R_HMR_2678,Carnitine shuttle (cytosolic),Carnitine shuttle (cytosolic),Human1 BiGG cross-reference
R_ARACHCPT2,ARACHCPT2,R_HMR_2680,Carnitine shuttle (mitochondrial),Carnitine shuttle (mitochondrial),Human1 BiGG cross-reference
R_ATPH2e,ATPH2e,R_HMR_3999,Nucleotide metabolism,Nucleotide metabolism,Human1 BiGG cross-reference
R_ATPS4m,ATPS4m,R_HMR_6916,Oxidative phosphorylation,Oxidative phosphorylation,Human1 BiGG cross-reference
R_ATPasel,ATPasel,R_ATPasel;R_HMR_7799,Transport reactions,Transport reactions,Human1 BiGG cross-reference
R_ATPtm,ATPtm,R_HMR_6328,Transport reactions,Transport reactions,Human1 BiGG cross-reference
R_ATPtn,ATPtn,R_HMR_7786,Transport reactions,Transport reactions,Human1 BiGG cross-reference
R_ATPtx,ATPtx,R_HMR_7785,Transport reactions,Transport reactions,Human1 BiGG cross-reference
R_AVITE1t,AVITE1t,R_HMR_6474,Transport reactions,Transport reactions,Human1 BiGG cross-reference
R_AVITE2t,AVITE2t,R_HMR_6424,Transport reactions,Transport reactions,Human1 BiGG cross-reference
R_A_MANASE,A_MANASE,R_A_MANASE,N-glycan metabolism,N-glycan metabolism,Human1 BiGG cross-reference
R_A_MANASEly,A_MANASEly,R_HMR_7428,N-glycan metabolism,N-glycan metabolism,Human1 BiGG cross-reference
R_B3GALT3g,B3GALT3g,R_HMR_8149,Sphingolipid metabolism,Sphingolipid metabolism,Human1 BiGG cross-reference
R_B3GALT41g,B3GALT41g,R_HMR_8166,Sphingolipid metabolism,Sphingolipid metabolism,Human1 BiGG cross-reference
R_B3GALT42g,B3GALT42g,R_HMR_8185,Sphingolipid metabolism,Sphingolipid metabolism,Human1 BiGG cross-reference
R_B3GALT43g,B3GALT43g,R_HMR_8186,Sphingolipid metabolism,Sphingolipid metabolism,Human1 BiGG cross-reference
R_B3GALT44g,B3GALT44g,R_HMR_8187,Sphingolipid metabolism,Sphingolipid metabolism,Human1 BiGG cross-reference
R_B3GALT5g,B3GALT5g,R_HMR_8150,Sphingolipid metabolism,Sphingolipid metabolism,Human1 BiGG cross-reference
R_B3GALTg,B3GALTg,R_HMR_8276,Blood group biosynthesis,Blood group biosynthesis,Human1 BiGG cross-reference
R_B3GNT11g,B3GNT11g,R_HMR_8278,Blood group biosynthesis,Blood group biosynthesis,Human1 BiGG cross-reference
R_B3GNT12g,B3GNT12g,R_HMR_8305,Blood group biosynthesis,Blood group biosynthesis,Human1 BiGG cross-reference
R_B3GNT310g,B3GNT310g,R_HMR_8277,Blood group biosynthesis,Blood group biosynthesis,Human1 BiGG cross-reference
R_B3GNT311g,B3GNT311g,R_HMR_8285,Blood group biosynthesis,Blood group biosynthesis,Human1 BiGG cross-reference
R_B3GNT312g,B3GNT312g,R_B3GNT312g;R_HMR_8279,Blood group biosynthesis,Blood group biosynthesis,Human1 BiGG cross-reference
R_B3GNT313g,B3GNT313g,R_HMR_8293,Blood group biosynthesis,Blood group biosynthesis,Human1 BiGG cross-reference
R_B3GNT314g,B3GNT314g,R_B3GNT314g;R_HMR_8317,Blood group biosynthesis,Blood group biosynthesis,Human1 BiGG cross-reference
R_B3GNT315g,B3GNT315g,R_HMR_8306,Blood group biosynthesis,Blood group biosynthesis,Human1 BiGG cross-reference
R_B3GNT31g,B3GNT31g,R_HMR_8249,Sphingolipid metabolism,Sphingolipid metabolism,Human1 BiGG cross-reference
R_B3GNT32g,B3GNT32g,R_HMR_8250,Sphingolipid metabolism,Sphingolipid metabolism,Human1 BiGG cross-reference
R_B3GNT33g,B3GNT33g,R_HMR_8251,Sphingolipid metabolism,Sphingolipid metabolism,Human1 BiGG cross-reference
R_B3GNT34g,B3GNT34g,R_HMR_8151,Sphingolipid metabolism,Sphingolipid metabolism,Human1 BiGG cross-reference
R_B3GNT35g,B3GNT35g,R_HMR_8152,Sphingolipid metabolism,Sphingolipid metabolism,Human1 BiGG cross-reference
R_B3GNT36g,B3GNT36g,R_HMR_8194,Sphingolipid metabolism,Sphingolipid metabolism,Human1 BiGG cross-reference
R_B3GNT37g,B3GNT37g,R_HMR_8173,Sphingolipid metabolism,Sphingolipid metabolism,Human1 BiGG cross-reference
R_B3GNT38g,B3GNT38g,,Unassigned,,unmapped
R_B3GNT39g,B3GNT39g,R_HMR_8147,Sphingolipid metabolism,Sphingolipid metabolism,Human1 BiGG cross-reference
R_B3GNT51g,B3GNT51g,R_HMR_8275,Blood group biosynthesis,Blood group biosynthesis,Human1 BiGG cross-reference
R_BAAT1x,BAAT1x,R_BAAT1x,Bile acid biosynthesis,Bile acid biosynthesis,Human1 BiGG cross-reference
R_BAAT2x,BAAT2x,R_HMR_1667,Bile acid biosynthesis,Bile acid biosynthesis,Human1 BiGG cross-reference
R_BAAT3x,BAAT3x,R_BAAT3x,Bile acid biosynthesis,Bile acid biosynthesis,Human1 BiGG cross-reference
R_BAAT4x,BAAT4x,R_BAAT4x,Bile acid biosynthesis,Bile acid biosynthesis,Human1 BiGG cross-reference
R_BAAT5x,BAAT5x,R_HMR_1720,Bile acid biosynthesis,Bile acid biosynthesis,Human1 BiGG cross-reference
R_BACCL,BACCL,R_HMR_7668,Biotin metabolism,Biotin metabolism,Human1 BiGG cross-reference
R_BACCLm,BACCLm,R_BACCLm,Biotin metabolism,Biotin metabolism,Human1 BiGG cross-reference
R_BALAVECSEC,BALAVECSEC,R_BALAVECSEC;R_HMR_7736,Transport reactions,Transport reactions,Human1 BiGG cross-reference
R_BALAtmr,BALAtmr,R_HMR_4953,Transport reactions,Transport reactions,Human1 BiGG cross-reference
R_BAMPPALDOX,BAMPPALDOX,R_HMR_7993,Beta-alanine metabolism,Beta-alanine metabolism,Human1 BiGG cross-reference
R_BAMPPALDOXm,BAMPPALDOXm,R_BAMPPALDOXm,Beta-alanine metabolism,Beta-alanine metabolism,Human1 BiGG cross-reference
R_BBHOX,BBHOX,,Unassigned,,unmapped
R_BCDO,BCDO,R_HMR_8697,Retinol metabolism,Retinol metabolism,Human1 BiGG cross-reference
R_BDG2HCGHD,BDG2HCGHD,R_HMR_9555,Isolated,Isolated,Human1 BiGG cross-reference
R_BDHm,BDHm,R_HMR_4461,Butanoate metabolism,Butanoate metabolism,Human1 BiGG cross-reference
R_BDMT_L,BDMT_L,,Unassigned,,unmapped
R_BDMT_U,BDMT_U,,Unassigned,,unmapped
R_BETALDHx,BETALDHx,,Unassigned,,unmapped
R_BETALDHxm,BETALDHxm,R_HMR_8440,"Glycine, serine and threonine metabolism","Glycine, serine and threonine metabolism",Human1 BiGG cross-reference
R_BHBt,BHBt,R_HMR_5018,Transport reactions,Transport reactions,Human1 BiGG cross-reference
R_BHBtm,BHBtm,R_HMR_5015;R_HMR_5016,Transport reactions,Transport reactions,Human1 BiGG cross-reference
R_BHMT,BHMT,,Unassigned,,unmapped
R_BILDGLCURt,BILDGLCURt,R_HMR_8631,Transport reactions,Transport reactions,Human1 BiGG cross-reference
R_BILDGLCURte,BILDGLCURte,R_HMR_1896,Bile acid recycling,Bile acid recycling,Human1 BiGG cross-reference
R_BILDGLCURtr,BILDGLCURtr,R_BILDGLCURtr,Transport reactions,Transport reactions,Human1 BiGG cross-reference
R_BILGLCURt,BILGLCURt,R_HMR_8632,Transport reactions,Transport reactions,Human1 BiGG cross-reference
R_BILGLCURte,BILGLCURte,R_HMR_8633,Transport reactions,Transport reactions,Human1 BiGG cross-reference
R_BILGLCURtr,BILGLCURtr,R_BILGLCURtr,Transport reactions,Transport reactions,Human1 BiGG cross-reference
R_BILIRED,BILIRED,R_HMR_8634,Porphyrin metabolism,Porphyrin metabolism,Human1 BiGG cross-reference
R_CAt7r,CAt7r,R_HMR_7630;R_HMR_8360,Glycolysis / Gluconeogenesis,Glycolysis / Gluconeogenesis;Transport reactions,Human1 BiGG cross-reference
R_CBL2OR,CBL2OR,,Unassigned,,unmapped
R_CBL2tm,CBL2tm,R_HMR_8613,Vitamin B12 metabolism,Vitamin B12 metabolism,Human1 BiGG cross-reference
R_CBLATm,CBLATm,R_HMR_8614;R_HMR_8616,Vitamin B12 metabolism,Transport reactions;Vitamin B12 metabolism,Human1 BiGG cross-reference
R_CBPPer,CBPPer,,Unassigned,,unmapped
R_CBPS,CBPS,R_HMR_4034;R_HMR_8652,Glycolysis / Gluconeogenesis,Glycolysis / Gluconeogenesis;Pyrimidine metabolism,Human1 BiGG cross-reference
R_CBPSam,CBPSam,,Unassigned,,unmapped
R_CBPter,CBPter,R_HMR_8654,"Alanine, aspartate and glutamate metabolism","Alanine, aspartate and glutamate metabolism",Human1 BiGG cross-reference
R_CBR1,CBR1,R_HMR_8651,Transport reactions,Transport reactions,Human1 BiGG cross-reference
R_CBR2,CBR2,R_HMR_8546,Eicosanoid metabolism,Eicosanoid metabolism,Human1 BiGG cross-reference
R_CCA_D3t,CCA_D3t,,Unassigned,,unmapped
R_CCA_D3tm,CCA_D3tm,R_HMR_8656,Transport reactions,Transport reactions,Human1 BiGG cross-reference
R_CDIPTr,CDIPTr,R_HMR_0610;R_HMR_8655,Glycerophospholipid metabolism,Glycerophospholipid metabolism;Transport reactions,Human1 BiGG cross-reference
R_CDPDAGtm,CDPDAGtm,R_CDPDAGtm,Transport reactions,Transport reactions,Human1 BiGG cross-reference
R_CDS,CDS,R_CDS,Glycerophospholipid metabolism,Glycerophospholipid metabolism,Human1 BiGG cross-reference
R_CDSm,CDSm,R_CDSm,Glycerophospholipid metabolism,Glycerophospholipid metabolism,Human1 BiGG cross-reference
R_CEPTC,CEPTC,R_HMR_0468;R_HMR_0625,Glycerophospholipid metabolism,Glycerophospholipid metabolism,Human1 BiGG cross-reference
R_CEPTE,CEPTE,R_HMR_0614;R_HMR_0615,Glycerophospholipid metabolism,Glycerophospholipid metabolism,Human1 BiGG cross-reference
R_CERK,CERK,,Unassigned,,unmapped
R_CERT1gt,CERT1gt,R_HMR_0730,Transport reactions,Transport reactions,Human1 BiGG cross-reference
R_CERT1rt,CERT1rt,,Unassigned,,unmapped
R_CERT2gt,CERT2gt,,Unassigned,,unmapped
R_CERT2rt,CERT2rt,R_HMR_8146,Transport reactions,Transport reactions,Human1 BiGG cross-reference
R_CGLYt3_2,CGLYt3_2,R_HMR_7680,Transport reactions,Transport reactions,Human1 BiGG cross-reference
R_CGMPt,CGMPt,R_HMR_7692,Transport reactions,Transport reactions,Human1 BiGG cross-reference
R_CH25H,CH25H,R_HMR_1581,Bile acid biosynthesis,Bile acid biosynthesis,Human1 BiGG cross-reference
R_CHAT,CHAT,,Unassigned,,unmapped
R_CHATn,CHATn,,Unassigned,,unmapped
R_CHLP,CHLP,R_HMR_8362,Glycerophospholipid metabolism,Glycerophospholipid metabolism,Human1 BiGG cross-reference
R_CHLPCTD,CHLPCTD,R_HMR_0638;R_HMR_8424,Glycerophospholipid metabolism,Glycerophospholipid metabolism,Human1 BiGG cross-reference
R_CHLtm,CHLtm,,Unassigned,,unmapped
R_CHOLATEt,CHOLATEt,R_HMR_8657,Transport reactions,Transport reactions,Human1 BiGG cross-reference
R_CHOLATEt2,CHOLATEt2,R_HMR_8659,Transport reactions,Transport reactions,Human1 BiGG cross-reference
R_CHOLATEt3,CHOLATEt3,R_HMR_8660,Transport reactions,Transport reactions,Human1 BiGG cross-reference
R_CHOLD2m,CHOLD2m,R_HMR_8658,Transport reactions,Transport reactions,Human1 BiGG cross-reference
R_CHOLK,CHOLK,R_HMR_0636;R_HMR_8441,Glycerophospholipid metabolism,"Glycerophospholipid metabolism;Glycine, serine and threonine metabolism",Human1 BiGG cross-reference
R_CHOLPtg,CHOLPtg,,Unassigned,,unmapped
R_CHOLPtl,CHOLPtl,R_HMR_8243,Transport reactions,Transport reactions,Human1 BiGG cross-reference
R_CHOLt4,CHOLt4,R_HMR_7734;R_HMR_8244,Transport reactions,Transport reactions,Human1 BiGG cross-reference
R_CHOLtg,CHOLtg,,Unassigned,,unmapped
R_CHOLtn,CHOLtn,R_HMR_8524,Transport reactions,Transport reactions,Human1 BiGG cross-reference
R_CHOLtr,CHOLtr,R_HMR_8361,Transport reactions,Transport reactions,Human1 BiGG cross-reference
R_CHOLtu,CHOLtu,R_HMR_4954;R_HMR_8526,Transport reactions,Transport reactions,Human1 BiGG cross-reference
R_CHSTEROLSULT,CHSTEROLSULT,,Unassigned,,unmapped
R_CHSTEROLt,CHSTEROLt,R_HMR_1911,Transport reactions,Transport reactions,Human1 BiGG cross-reference
R_CHSTEROLt1,CHSTEROLt1,R_HMR_5046,Transport reactions,Transport reactions,Human1 BiGG cross-reference
R_CHSTEROLt2,CHSTEROLt2,R_CHSTEROLt2,Transport reactions,Transport reactions,Human1 BiGG cross-reference
R_CHSTEROLt3,CHSTEROLt3,,Unassigned,,unmapped
R_CHSTEROLtg,CHSTEROLtg,,Unassigned,,unmapped
R_CHTNASE,CHTNASE,R_HMR_8661;R_HMR_9485,Isolated,Isolated;Transport reactions,Human1 BiGG cross-reference
R_CHTNASEe,CHTNASEe,R_HMR_8375,Amino sugar and nucleotide sugar metabolism,Amino sugar and nucleotide sugar metabolism,Human1 BiGG cross-reference
R_CITL,CITL,R_CITL;R_HMR_8376,Amino sugar and nucleotide sugar metabolism,Amino sugar and nucleotide sugar metabolism;Tricarboxylic acid cycle and glyoxylate/dicarboxylate metabolism,Human1 BiGG cross-reference
R_CITMCOAHm,CITMCOAHm,,Unassigned,,unmapped
R_CITMCOALm,CITMCOALm,R_HMR_8664,C5-branched dibasic acid metabolism,C5-branched dibasic acid metabolism,Human1 BiGG cross-reference
R_CITRtm,CITRtm,R_CITRtm;R_HMR_6327;R_HMR_8666,Transport reactions,C5-branched dibasic acid metabolism;Transport reactions,Human1 BiGG cross-reference
R_CITt4_2,CITt4_2,R_HMR_5995,Transport reactions,Transport reactions,Human1 BiGG cross-reference
R_CITt4_4,CITt4_4,R_HMR_5997,Transport reactions,Transport reactions,Human1 BiGG cross-reference
R_CITtam,CITtam,R_CITtam;R_HMR_4964,Transport reactions,Transport reactions,Human1 BiGG cross-reference
R_CITtbm,CITtbm,R_HMR_4971,Transport reactions,Transport reactions,Human1 BiGG cross-reference
R_CK,CK,,Unassigned,,unmapped
R_CKc,CKc,R_HMR_8427,Arginine and proline metabolism,Arginine and proline metabolism,Human1 BiGG cross-reference
R_CLFORtex,CLFORtex,,Unassigned,,unmapped
R_CSNATer,CSNATer,R_HMR_2780,Carnitine shuttle (endoplasmic reticular),Carnitine shuttle (endoplasmic reticular),Human1 BiGG cross-reference
R_CSNATm,CSNATm,R_HMR_2593,Carnitine shuttle (mitochondrial),Carnitine shuttle (mitochondrial),Human1 BiGG cross-reference
R_CSNATp,CSNATp,R_HMR_3030,Carnitine shuttle (peroxisomal),Carnitine shuttle (peroxisomal),Human1 BiGG cross-reference
R_CSNATr,CSNATr,R_HMR_2591,Carnitine shuttle (cytosolic),Carnitine shuttle (cytosolic),Human1 BiGG cross-reference
R_CSND,CSND,,Unassigned,,unmapped
R_CSNt,CSNt,R_HMR_8637,Pyrimidine metabolism,Pyrimidine metabolism,Human1 BiGG cross-reference
R_CSPG_At,CSPG_At,R_HMR_7499;R_HMR_8636,Transport reactions,Transport reactions,Human1 BiGG cross-reference
R_CSPG_Atly,CSPG_Atly,R_HMR_7500,Transport reactions,Transport reactions,Human1 BiGG cross-reference
R_CSPG_Bt,CSPG_Bt,R_HMR_7511,Transport reactions,Transport reactions,Human1 BiGG cross-reference
R_CSPG_Btly,CSPG_Btly,R_HMR_7512,Transport reactions,Transport reactions,Human1 BiGG cross-reference
R_CSPG_Ct,CSPG_Ct,R_HMR_7523,Transport reactions,Transport reactions,Human1 BiGG cross-reference
R_CSPG_Ctly,CSPG_Ctly,R_HMR_7524,Transport reactions,Transport reactions,Human1 BiGG cross-reference
R_CSPG_Dt,CSPG_Dt,R_HMR_7539,Transport reactions,Transport reactions,Human1 BiGG cross-reference
R_CSPG_Dtly,CSPG_Dtly,R_HMR_7540,Transport reactions,Transport reactions,Human1 BiGG cross-reference
R_CSPG_Et,CSPG_Et,R_HMR_7555,Transport reactions,Transport reactions,Human1 BiGG cross-reference
R_CSPG_Etly,CSPG_Etly,R_HMR_7556,Transport reactions,Transport reactions,Human1 BiGG cross-reference
R_CSm,CSm,R_HMR_4145,Tricarboxylic acid cycle and glyoxylate/dicarboxylate metabolism,Tricarboxylic acid cycle and glyoxylate/dicarboxylate metabolism,Human1 BiGG cross-reference
R_CTPS1,CTPS1,R_HMR_4032,Pyrimidine metabolism,Pyrimidine metabolism,Human1 BiGG cross-reference
R_CTPS2,CTPS2,R_HMR_4194,Pyrimidine metabolism,Pyrimidine metabolism,Human1 BiGG cross-reference
R_CTPtn,CTPtn,R_HMR_5423,Transport reactions,Transport reactions,Human1 BiGG cross-reference
R_CYANSTm,CYANSTm,R_HMR_6520,Cysteine and methionine metabolism,Cysteine and methionine metabolism,Human1 BiGG cross-reference
R_CYANt,CYANt,R_HMR_6516,Transport reactions,Transport reactions,Human1 BiGG cross-reference
R_CYANtm,CYANtm,R_HMR_6517,Transport reactions,Transport reactions,Human1 BiGG cross-reference
R_CYOOm3,CYOOm3,,Oxidative phosphorylation,,curated override
R_CYOR_u10m,CYOR_u10m,,Oxidative phosphorylation,,curated override
R_CYSALANaEx,CYSALANaEx,R_HMR_5708,Transport reactions,Transport reactions,Human1 BiGG cross-reference
R_CYSAMO,CYSAMO,,Unassigned,,unmapped
R_CYSASNNaEx,CYSASNNaEx,R_HMR_5717,Transport reactions,Transport reactions,Human1 BiGG cross-reference
R_CYSGLNNaEx,CYSGLNNaEx,R_HMR_5709,Transport reactions,Transport reactions,Human1 BiGG cross-reference
R_CYSGLTH,CYSGLTH,,Unassigned,,unmapped
R_CYSGLUexR,CYSGLUexR,R_HMR_5492;R_HMR_8682,Cysteine and methionine metabolism,Cysteine and methionine metabolism;Transport reactions,Human1 BiGG cross-reference
R_CYSGLYex_copy1,CYSGLYex_copy1,,Unassigned,,unmapped
R_CYSGLYex_copy2,CYSGLYex_copy2,,Unassigned,,unmapped
R_CYSLYSL,CYSLYSL,,Unassigned,,unmapped
R_CYSO,CYSO,R_HMR_3908;R_HMR_8683,Bile acid biosynthesis,Bile acid biosynthesis;Cysteine and methionine metabolism,Human1 BiGG cross-reference
R_CYSSERNaEx,CYSSERNaEx,R_HMR_5710,Transport reactions,Transport reactions,Human1 BiGG cross-reference
R_CYSTA,CYSTA,R_HMR_3912,Cysteine and methionine metabolism,Cysteine and methionine metabolism,Human1 BiGG cross-reference
R_CYSTAm,CYSTAm,,Unassigned,,unmapped
R_CYSTGL,CYSTGL,R_HMR_3881,Cysteine and methionine metabolism,Cysteine and methionine metabolism,Human1 BiGG cross-reference
R_CYSTGLUex,CYSTGLUex,R_HMR_4931,Transport reactions,Transport reactions,Human1 BiGG cross-reference
R_CYSTHRNaEx,CYSTHRNaEx,R_HMR_5719,Transport reactions,Transport reactions,Human1 BiGG cross-reference
R_CYSTS,CYSTS,R_HMR_3879,Cysteine and methionine metabolism,Cysteine and methionine metabolism,Human1 BiGG cross-reference
R_CYSTSERex,CYSTSERex,,Unassigned,,unmapped
R_CYSt4,CYSt4,R_HMR_6377,Transport reactions,Transport reactions,Human1 BiGG cross-reference
R_CYStec,CYStec,R_HMR_5084;R_HMR_8684,Cysteine and methionine metabolism,Cysteine and methionine metabolism;Transport reactions,Human1 BiGG cross-reference
R_CYTD,CYTD,R_HMR_4580;R_HMR_8687,Pyrimidine metabolism,Pyrimidine metabolism;Transport reactions,Human1 BiGG cross-reference
R_CYTDK1,CYTDK1,R_HMR_4180,Nucleotide metabolism,Nucleotide metabolism,Human1 BiGG cross-reference
R_CYTDK2m,CYTDK2m,,Unassigned,,unmapped
R_CYTDn,CYTDn,R_HMR_8445,Nucleotide metabolism,Nucleotide metabolism,Human1 BiGG cross-reference
R_CYTDt,CYTDt,R_HMR_5003;R_HMR_8446,Nucleotide metabolism,Nucleotide metabolism;Transport reactions,Human1 BiGG cross-reference
R_CYTDt4,CYTDt4,R_HMR_5038,Transport reactions,Transport reactions,Human1 BiGG cross-reference
R_CYTDt5,CYTDt5,R_HMR_6361,Transport reactions,Transport reactions,Human1 BiGG cross-reference
R_CYTDtl,CYTDtl,R_HMR_7722,Transport reactions,Transport reactions,Human1 BiGG cross-reference
R_CYTDtm,CYTDtm,R_HMR_7723,Transport reactions,Transport reactions,Human1 BiGG cross-reference
R_CYTDtn,CYTDtn,,Unassigned,,unmapped
R_CYTK1,CYTK1,R_HMR_4024;R_HMR_8447,Nucleotide metabolism,Nucleotide metabolism;Transport reactions,Human1 BiGG cross-reference
R_CYTK10,CYTK10,,Unassigned,,unmapped
R_CYTK10n,CYTK10n,R_HMR_8448,Nucleotide metabolism,Nucleotide metabolism,Human1 BiGG cross-reference
R_CYTK11,CYTK11,R_HMR_8449,Nucleotide metabolism,Nucleotide metabolism,Human1 BiGG cross-reference
R_CYTK11n,CYTK11n,R_HMR_8450,Nucleotide metabolism,Nucleotide metabolism,Human1 BiGG cross-reference
R_CYTK12,CYTK12,R_HMR_8451,Nucleotide metabolism,Nucleotide metabolism,Human1 BiGG cross-reference
R_CYTK12n,CYTK12n,R_HMR_8452,Nucleotide metabolism,Nucleotide metabolism,Human1 BiGG cross-reference
R_CYTK13,CYTK13,R_HMR_8453,Nucleotide metabolism,Nucleotide metabolism,Human1 BiGG cross-reference
R_CYTK13n,CYTK13n,R_HMR_8454,Nucleotide metabolism,Nucleotide metabolism,Human1 BiGG cross-reference
R_DIGALSIDEtg,DIGALSIDEtg,,Unassigned,,unmapped
R_DIGALSIDEtl,DIGALSIDEtl,R_HMR_8214,Transport reactions,Transport reactions,Human1 BiGG cross-reference
R_DINt,DINt,R_HMR_6369;R_HMR_8213,Transport reactions,Transport reactions,Human1 BiGG cross-reference
R_DITPtn,DITPtn,R_HMR_7855;R_HMR_8215,Transport reactions,Transport reactions,Human1 BiGG cross-reference
R_DKMPPD,DKMPPD,R_DKMPPD;R_HMR_8216,Arginine and proline metabolism,Arginine and proline metabolism;Transport reactions,Human1 BiGG cross-reference
R_DLNLCGCPT1,DLNLCGCPT1,R_HMR_2752,Carnitine shuttle (cytosolic),Carnitine shuttle (cytosolic),Human1 BiGG cross-reference
R_DLNLCGCPT2,DLNLCGCPT2,R_HMR_2754,Carnitine shuttle (mitochondrial),Carnitine shuttle (mitochondrial),Human1 BiGG cross-reference
R_DLNLCGCRNt,DLNLCGCRNt,R_DLNLCGCRNt;R_HMR_8513,Fatty acid oxidation,Fatty acid oxidation;Transport reactions,Human1 BiGG cross-reference
R_DLNLCGt,DLNLCGt,R_HMR_0404,Transport reactions,Transport reactions,Human1 BiGG cross-reference
R_DMANTIPYRINEte,DMANTIPYRINEte,,Unassigned,,unmapped
R_DMATT,DMATT,,Unassigned,,unmapped
R_DMATTx,DMATTx,R_DMATTx;R_HMR_1457,Cholesterol metabolism,Cholesterol metabolism,Human1 BiGG cross-reference
R_DMGDHm,DMGDHm,R_HMR_8044,Transport reactions,Transport reactions,Human1 BiGG cross-reference
R_DMGtm,DMGtm,,Unassigned,,unmapped
R_DMHPTCRNCPT1,DMHPTCRNCPT1,R_HMR_8419,Carnitine shuttle (cytosolic),Carnitine shuttle (cytosolic),Human1 BiGG cross-reference
R_DMHPTCRNCPT2,DMHPTCRNCPT2,R_HMR_8439,"Glycine, serine and threonine metabolism","Glycine, serine and threonine metabolism",Human1 BiGG cross-reference
R_DMHPTCRNt,DMHPTCRNt,R_DMHPTCRNt;R_HMR_8438,Fatty acid oxidation,Fatty acid oxidation;Transport reactions,Human1 BiGG cross-reference
R_DMHPTCRNte,DMHPTCRNte,,Unassigned,,unmapped
R_DM_13_cis_oretn_n,DM_13_cis_oretn_n,,Exchange/demand reactions,,exchange/demand prefix
R_DM_13_cis_retn_n,DM_13_cis_retn_n,,Exchange/demand reactions,,exchange/demand prefix
R_DM_Asn_X_Ser_Thr_l,DM_Asn_X_Ser_Thr_l,,Exchange/demand reactions,,exchange/demand prefix
R_DM_Ser_Thr_l,DM_Ser_Thr_l,,Exchange/demand reactions,,exchange/demand prefix
R_DM_Ser_Gly_Ala_X_Gly_l,DM_Ser_Gly_Ala_X_Gly_l,,Exchange/demand reactions,,exchange/demand prefix
R_DM_avite1_c,DM_avite1_c,,Exchange/demand reactions,,exchange/demand prefix
R_DM_avite2_c,DM_avite2_c,,Exchange/demand reactions,,exchange/demand prefix
R_DM_bvite_c,DM_bvite_c,,Exchange/demand reactions,,exchange/demand prefix
R_DM_datp_m,DM_datp_m,,Exchange/demand reactions,,exchange/demand prefix
R_DM_datp_n,DM_datp_n,,Exchange/demand reactions,,exchange/demand prefix
R_DM_dctp_m,DM_dctp_m,,Exchange/demand reactions,,exchange/demand prefix
R_DM_dctp_n,DM_dctp_n,,Exchange/demand reactions,,exchange/demand prefix
R_DM_dgtp_m,DM_dgtp_m,,Exchange/demand reactions,,exchange/demand prefix
R_DM_dgtp_n,DM_dgtp_n,,Exchange/demand reactions,,exchange/demand prefix
R_DM_dsT_antigen_g,DM_dsT_antigen_g,,Exchange/demand reactions,,exchange/demand prefix
R_DM_dttp_m,DM_dttp_m,,Exchange/demand reactions,,exchange/demand prefix
R_DM_dttp_n,DM_dttp_n,,Exchange/demand reactions,,exchange/demand prefix
R_DM_ethamp_r,DM_ethamp_r,,Exchange/demand reactions,,exchange/demand prefix
R_DM_gpi_sig_r,DM_gpi_sig_r,,Exchange/demand reactions,,exchange/demand prefix
R_DM_hretn_n,DM_hretn_n,,Exchange/demand reactions,,exchange/demand prefix
R_DM_kdn_c,DM_kdn_c,,Exchange/demand reactions,,exchange/demand prefix
R_DM_melanin_c,DM_melanin_c,,Exchange/demand reactions,,exchange/demand prefix
R_DM_oretn_n,DM_oretn_n,,Exchange/demand reactions,,exchange/demand prefix
R_DM_sTn_antigen_g,DM_sTn_antigen_g,,Exchange/demand reactions,,exchange/demand prefix
R_DM_sprm_c,DM_sprm_c,,Exchange/demand reactions,,exchange/demand prefix
R_DM_yvite_c,DM_yvite_c,,Exchange/demand reactions,,exchange/demand prefix
R_DNADDP,DNADDP,R_HMR_4255,Nicotinate and nicotinamide metabolism,Nicotinate and nicotinamide metabolism,Human1 BiGG cross-reference
R_DNADtn,DNADtn,R_HMR_3520;R_HMR_4274,Carnitine shuttle (mitochondrial),Carnitine shuttle (mitochondrial);Transport reactions,Human1 BiGG cross-reference
R_DNAMTSEn,DNAMTSEn,,Unassigned,,unmapped
R_DNAMTn,DNAMTn,,Unassigned,,unmapped
R_DNDPt10m,DNDPt10m,R_HMR_8641,Cysteine and methionine metabolism,Cysteine and methionine metabolism,Human1 BiGG cross-reference
R_DNDPt11m,DNDPt11m,R_HMR_8640,Metabolism of other amino acids,Metabolism of other amino acids,Human1 BiGG cross-reference
R_DNDPt12m,DNDPt12m,R_HMR_6335,Transport reactions,Transport reactions,Human1 BiGG cross-reference
R_DNDPt13m,DNDPt13m,R_HMR_6332,Transport reactions,Transport reactions,Human1 BiGG cross-reference
R_DNDPt14m,DNDPt14m,,Unassigned,,unmapped
R_DNDPt15m,DNDPt15m,,Unassigned,,unmapped
R_DNDPt16m,DNDPt16m,,Unassigned,,unmapped
R_DNDPt17m,DNDPt17m,,Unassigned,,unmapped
R_DNDPt18m,DNDPt18m,R_HMR_6337,Transport reactions,Transport reactions,Human1 BiGG cross-reference
R_DNDPt19m,DNDPt19m,R_HMR_6334,Transport reactions,Transport reactions,Human1 BiGG cross-reference
R_DNDPt1m,DNDPt1m,R_HMR_6341,Transport reactions,Transport reactions,Human1 BiGG cross-reference
R_DNDPt20m,DNDPt20m,R_HMR_7815,Transport reactions,Transport reactions,Human1 BiGG cross-reference
R_DNDPt21m,DNDPt21m,R_HMR_7816,Transport reactions,Transport reactions,Human1 BiGG cross-reference
R_DNDPt22m,DNDPt22m,R_HMR_7808,Transport reactions,Transport reactions,Human1 BiGG cross-reference
R_DNDPt23m,DNDPt23m,,Unassigned,,unmapped
R_DNDPt24m,DNDPt24m,,Unassigned,,unmapped
R_DNDPt25m,DNDPt25m,,Unassigned,,unmapped
R_DNDPt26m,DNDPt26m,R_HMR_7814,Transport reactions,Transport reactions,Human1 BiGG cross-reference
R_DNDPt27m,DNDPt27m,R_HMR_7822,Transport reactions,Transport reactions,Human1 BiGG cross-reference
R_DNDPt28m,DNDPt28m,,Unassigned,,unmapped
R_DNDPt29m,DNDPt29m,R_HMR_7804,Transport reactions,Transport reactions,Human1 BiGG cross-reference
R_DNDPt2m,DNDPt2m,R_HMR_6338,Transport reactions,Transport reactions,Human1 BiGG cross-reference
R_ARACHCRNt,ARACHCRNt,R_ARACHCRNt,Fatty acid oxidation,Fatty acid oxidation,Human1 BiGG cross-reference
R_ARACHDCOAtx,ARACHDCOAtx,R_ARACHDCOAtx,Transport reactions,Transport reactions,Human1 BiGG cross-reference
R_ARACHDt2,ARACHDt2,R_HMR_0408,Transport reactions,Transport reactions,Human1 BiGG cross-reference
R_ARACHDtr,ARACHDtr,R_ARACHDtr,Transport reactions,Transport reactions,Human1 BiGG cross-reference
R_ARACHt,ARACHt,R_HMR_0282,Transport reactions,Transport reactions,Human1 BiGG cross-reference
R_ARGDCm,ARGDCm,R_HMR_4191,Arginine and proline metabolism,Arginine and proline metabolism,Human1 BiGG cross-reference
R_ARGLYSex,ARGLYSex,R_HMR_5578,Transport reactions,Transport reactions,Human1 BiGG cross-reference
R_ARGN,ARGN,,Unassigned,,unmapped
R_DCK1m,DCK1m,,Unassigned,,unmapped
R_BILIRUBt2,BILIRUBt2,R_HMR_8635,Transport reactions,Transport reactions,Human1 BiGG cross-reference
R_BILIRUBtr,BILIRUBtr,R_HMR_4765,Transport reactions,Transport reactions,Human1 BiGG cross-reference
R_BIOCYTtn,BIOCYTtn,R_HMR_7664,Transport reactions,Transport reactions,Human1 BiGG cross-reference
R_BMTer_L,BMTer_L,R_HMR_8388,Glycosylphosphatidylinositol (GPI)-anchor biosynthesis,Glycosylphosphatidylinositol (GPI)-anchor biosynthesis,Human1 BiGG cross-reference
R_BMTer_U,BMTer_U,,Unassigned,,unmapped
R_BPNT,BPNT,R_HMR_4084,Sulfur metabolism,Sulfur metabolism,Human1 BiGG cross-reference
R_BPNT2,BPNT2,R_HMR_4187,Sulfur metabolism,Sulfur metabolism,Human1 BiGG cross-reference
R_BTND1,BTND1,R_HMR_7661,Biotin metabolism,Biotin metabolism,Human1 BiGG cross-reference
R_BTND1n,BTND1n,R_HMR_7662,Biotin metabolism,Biotin metabolism,Human1 BiGG cross-reference
R_BTNDe,BTNDe,R_HMR_7663,Biotin metabolism,Biotin metabolism,Human1 BiGG cross-reference
R_BTNDm,BTNDm,R_BTNDm,Biotin metabolism,Biotin metabolism,Human1 BiGG cross-reference
R_BTNPL,BTNPL,R_HMR_7670,Biotin metabolism,Biotin metabolism,Human1 BiGG cross-reference
R_BTNPLm,BTNPLm,R_BTNPLm,Biotin metabolism,Biotin metabolism,Human1 BiGG cross-reference
R_BTNt2i,BTNt2i,R_HMR_7666,Transport reactions,Transport reactions,Human1 BiGG cross-reference
R_BTNt2m,BTNt2m,R_BTNt2m,Transport reactions,Transport reactions,Human1 BiGG cross-reference
R_BTNt3i,BTNt3i,R_BTNt3i;R_HMR_7667,Transport reactions,Transport reactions,Human1 BiGG cross-reference
R_BTNt4i,BTNt4i,R_BTNt4i,Transport reactions,Transport reactions,Human1 BiGG cross-reference
R_BTNtn,BTNtn,R_HMR_7665,Transport reactions,Transport reactions,Human1 BiGG cross-reference
R_BUP2,BUP2,R_BUP2;R_HMR_4819,Pyrimidine metabolism,Pyrimidine metabolism,Human1 BiGG cross-reference
R_BUTt2m,BUTt2m,R_BUTt2m,Transport reactions,Transport reactions,Human1 BiGG cross-reference
R_BUTt2r,BUTt2r,R_BUTt2r,Transport reactions,Transport reactions,Human1 BiGG cross-reference
R_BVITEt,BVITEt,R_BVITEt,Transport reactions,Transport reactions,Human1 BiGG cross-reference
R_BZt,BZt,R_BZt,Transport reactions,Transport reactions,Human1 BiGG cross-reference
R_BZtr,BZtr,R_BZtr,Transport reactions,Transport reactions,Human1 BiGG cross-reference
R_B_MANNASEly,B_MANNASEly,R_HMR_7429,N-glycan metabolism,N-glycan metabolism,Human1 BiGG cross-reference
R_C110CPT2m,C110CPT2m,R_HMR_3519;R_HMR_8418,Carnitine shuttle (mitochondrial),Carnitine shuttle (mitochondrial),Human1 BiGG cross-reference
R_C14STRr,C14STRr,R_C14STRr,Cholesterol metabolism,Cholesterol metabolism,Human1 BiGG cross-reference
R_C160CPT1,C160CPT1,R_HMR_2626,Carnitine shuttle (cytosolic),Carnitine shuttle (cytosolic),Human1 BiGG cross-reference
R_C160CPT2,C160CPT2,R_HMR_2630,Carnitine shuttle (mitochondrial),Carnitine shuttle (mitochondrial),Human1 BiGG cross-reference
R_C160CRNt,C160CRNt,R_C160CRNt,Fatty acid oxidation,Fatty acid oxidation,Human1 BiGG cross-reference
R_C161CPT1,C161CPT1,R_HMR_2636,Carnitine shuttle (cytosolic),Carnitine shuttle (cytosolic),Human1 BiGG cross-reference
R_C161CPT12,C161CPT12,R_C161CPT12,Fatty acid oxidation,Fatty acid oxidation,Human1 BiGG cross-reference
R_C161CPT2,C161CPT2,R_HMR_2640,Carnitine shuttle (mitochondrial),Carnitine shuttle (mitochondrial),Human1 BiGG cross-reference
R_C161CPT22,C161CPT22,R_C161CPT22,Fatty acid oxidation,Fatty acid oxidation,Human1 BiGG cross-reference
R_C161CRN2t,C161CRN2t,R_C161CRN2t,Fatty acid oxidation,Fatty acid oxidation,Human1 BiGG cross-reference
R_C161CRNt,C161CRNt,R_C161CRNt,Fatty acid oxidation,Fatty acid oxidation,Human1 BiGG cross-reference
R_C180CPT1,C180CPT1,R_HMR_2654,Carnitine shuttle (cytosolic),Carnitine shuttle (cytosolic),Human1 BiGG cross-reference
R_C180CPT2,C180CPT2,R_HMR_2656,Carnitine shuttle (mitochondrial),Carnitine shuttle (mitochondrial),Human1 BiGG cross-reference
R_C180CRNt,C180CRNt,R_C180CRNt,Fatty acid oxidation,Fatty acid oxidation,Human1 BiGG cross-reference
R_C181CPT1,C181CPT1,R_C181CPT1,Fatty acid oxidation,Fatty acid oxidation,Human1 BiGG cross-reference
R_C181CPT2,C181CPT2,R_C181CPT2,Fatty acid oxidation,Fatty acid oxidation,Human1 BiGG cross-reference
R_C181CRNt,C181CRNt,R_C181CRNt,Fatty acid oxidation,Fatty acid oxidation,Human1 BiGG cross-reference
R_C204CPT1,C204CPT1,R_HMR_2755,Carnitine shuttle (cytosolic),Carnitine shuttle (cytosolic),Human1 BiGG cross-reference
R_C204CPT2,C204CPT2,R_HMR_2758,Carnitine shuttle (mitochondrial),Carnitine shuttle (mitochondrial),Human1 BiGG cross-reference
R_C204CRNt,C204CRNt,R_C204CRNt,Fatty acid oxidation,Fatty acid oxidation,Human1 BiGG cross-reference
R_C226COAtx,C226COAtx,,Unassigned,,unmapped
R_C226CPT1,C226CPT1,R_HMR_2730,Carnitine shuttle (cytosolic),Carnitine shuttle (cytosolic),Human1 BiGG cross-reference
R_C226CPT2,C226CPT2,R_HMR_2732,Carnitine shuttle (mitochondrial),Carnitine shuttle (mitochondrial),Human1 BiGG cross-reference
R_C226CRNt,C226CRNt,R_C226CRNt,Fatty acid oxidation,Fatty acid oxidation,Human1 BiGG cross-reference
R_C2M26DCOAHLm,C2M26DCOAHLm,,Unassigned,,unmapped
R_C2M26DCOAHLx,C2M26DCOAHLx,R_HMR_9567,Isolated,Isolated,Human1 BiGG cross-reference
R_C3STDH1Pr,C3STDH1Pr,R_C3STDH1Pr;R_HMR_9568,Cholesterol metabolism,Cholesterol metabolism;Isolated,Human1 BiGG cross-reference
R_C3STDH1r,C3STDH1r,R_C3STDH1r,Cholesterol metabolism,Cholesterol metabolism,Human1 BiGG cross-reference
R_C3STKR2r,C3STKR2r,R_C3STKR2r,Cholesterol metabolism,Cholesterol metabolism,Human1 BiGG cross-reference
R_C4STMO1r,C4STMO1r,R_C4STMO1r,Cholesterol metabolism,Cholesterol metabolism,Human1 BiGG cross-reference
R_C4STMO2Pr,C4STMO2Pr,R_C4STMO2Pr,Cholesterol metabolism,Cholesterol metabolism,Human1 BiGG cross-reference
R_C4STMO2r,C4STMO2r,R_C4STMO2r,Cholesterol metabolism,Cholesterol metabolism,Human1 BiGG cross-reference
R_CAATPS,CAATPS,R_CAATPS;R_HMR_7629,Transport reactions,Transport reactions,Human1 BiGG cross-reference
R_CAMPt,CAMPt,R_HMR_7691,Transport reactions,Transport reactions,Human1 BiGG cross-reference
R_CAROtr,CAROtr,,Unassigned,,unmapped
R_CARVEOLte,CARVEOLte,R_HMR_8696,Transport reactions,Transport reactions,Human1 BiGG cross-reference
R_CAT2p,CAT2p,R_HMR_8597,Transport reactions,Transport reactions,Human1 BiGG cross-reference
R_CATm,CATm,R_HMR_3982,ROS detoxification,ROS detoxification,Human1 BiGG cross-reference
R_CATp,CATp,R_HMR_3984,Miscellaneous,Miscellaneous,Human1 BiGG cross-reference
R_CLFORtex2,CLFORtex2,,Unassigned,,unmapped
R_CLHCO3tex2,CLHCO3tex2,R_HMR_8670,Transport reactions,Transport reactions,Human1 BiGG cross-reference
R_CLHCOtex,CLHCOtex,,Unassigned,,unmapped
R_CLI2tex,CLI2tex,,Unassigned,,unmapped
R_CLOHtex2,CLOHtex2,R_CLOHtex2;R_HMR_8671,Transport reactions,Transport reactions,Human1 BiGG cross-reference
R_CLOXAtex2,CLOXAtex2,,Unassigned,,unmapped
R_CLPNDCOAtx,CLPNDCOAtx,R_CLPNDCOAtx,Transport reactions,Transport reactions,Human1 BiGG cross-reference
R_CLPNDCPT1,CLPNDCPT1,R_HMR_2726,Carnitine shuttle (cytosolic),Carnitine shuttle (cytosolic),Human1 BiGG cross-reference
R_CLPNDCPT2,CLPNDCPT2,R_HMR_2729,Carnitine shuttle (mitochondrial),Carnitine shuttle (mitochondrial),Human1 BiGG cross-reference
R_CLPNDCRNt,CLPNDCRNt,R_CLPNDCRNt,Fatty acid oxidation,Fatty acid oxidation,Human1 BiGG cross-reference
R_CLPNDt,CLPNDt,R_HMR_0364,Transport reactions,Transport reactions,Human1 BiGG cross-reference
R_CLS_hs,CLS_hs,R_CLS_hs,Glycerophospholipid metabolism,Glycerophospholipid metabolism,Human1 BiGG cross-reference
R_CMPACNAtg,CMPACNAtg,R_HMR_7693,Transport reactions,Transport reactions,Human1 BiGG cross-reference
R_CMPACNAtn,CMPACNAtn,R_HMR_4535,Transport reactions,Transport reactions,Human1 BiGG cross-reference
R_ACNMCT,ACNMCT,,Unassigned,,unmapped
R_CMPSASn,CMPSASn,R_HMR_4536;R_HMR_8377,Amino sugar and nucleotide sugar metabolism,Amino sugar and nucleotide sugar metabolism,Human1 BiGG cross-reference
R_CO2t,CO2t,R_HMR_4919,Transport reactions,Transport reactions,Human1 BiGG cross-reference
R_CO2ter,CO2ter,,Unassigned,,unmapped
R_CO2tg,CO2tg,R_HMR_4917,Transport reactions,Transport reactions,Human1 BiGG cross-reference
R_CO2tm,CO2tm,R_HMR_4922;R_HMR_8673,Transport reactions,Transport reactions,Human1 BiGG cross-reference
R_CO2tn,CO2tn,R_CO2tn,Transport reactions,Transport reactions,Human1 BiGG cross-reference
R_CO2tp,CO2tp,R_HMR_4924,Transport reactions,Transport reactions,Human1 BiGG cross-reference
R_COAtl,COAtl,R_HMR_7730,Transport reactions,Transport reactions,Human1 BiGG cross-reference
R_COAtim,COAtim,R_HMR_4914,Transport reactions,Transport reactions,Human1 BiGG cross-reference
R_COAtn,COAtn,,Unassigned,,unmapped
R_COAtp,COAtp,R_HMR_4915,Transport reactions,Transport reactions,Human1 BiGG cross-reference
R_COAtr,COAtr,R_HMR_4913,Transport reactions,Transport reactions,Human1 BiGG cross-reference
R_COKECBESr,COKECBESr,,Unassigned,,unmapped
R_COQ3m,COQ3m,R_COQ3m;R_HMR_8645,Isolated,Isolated;Ubiquinone synthesis,Human1 BiGG cross-reference
R_COQ5m,COQ5m,R_COQ5m,Ubiquinone synthesis,Ubiquinone synthesis,Human1 BiGG cross-reference
R_COQ6m,COQ6m,R_COQ6m,Ubiquinone synthesis,Ubiquinone synthesis,Human1 BiGG cross-reference
R_COQ7m,COQ7m,R_COQ7m,Ubiquinone synthesis,Ubiquinone synthesis,Human1 BiGG cross-reference
R_CORE2GTg,CORE2GTg,R_HMR_7440,O-glycan metabolism,O-glycan metabolism,Human1 BiGG cross-reference
R_CORE3GTg,CORE3GTg,R_HMR_7174,O-glycan metabolism,O-glycan metabolism,Human1 BiGG cross-reference
R_CORE4GTg,CORE4GTg,R_HMR_7175,O-glycan metabolism,O-glycan metabolism,Human1 BiGG cross-reference
R_CORE5GTg,CORE5GTg,,Unassigned,,unmapped
R_CORE6GTg,CORE6GTg,R_HMR_8256,O-glycan metabolism,O-glycan metabolism,Human1 BiGG cross-reference
R_CORE7GTg,CORE7GTg,R_HMR_8257,O-glycan metabolism,O-glycan metabolism,Human1 BiGG cross-reference
R_CORE8GTg,CORE8GTg,R_HMR_8260,O-glycan metabolism,O-glycan metabolism,Human1 BiGG cross-reference
R_COUCOAFm,COUCOAFm,R_COUCOAFm,Ubiquinone synthesis,Ubiquinone synthesis,Human1 BiGG cross-reference
R_COUMARINte,COUMARINte,,Unassigned,,unmapped
R_COt,COt,R_HMR_7798;R_HMR_8261,O-glycan metabolism,O-glycan metabolism;Transport reactions,Human1 BiGG cross-reference
R_CPCTDTX,CPCTDTX,R_HMR_8039,Transport reactions,Transport reactions,Human1 BiGG cross-reference
R_CPPPGO,CPPPGO,R_HMR_9559,Isolated,Isolated,Human1 BiGG cross-reference
R_CREATt4_2_r,CREATt4_2_r,,Unassigned,,unmapped
R_CREATtmdiffir,CREATtmdiffir,R_HMR_8429,Transport reactions,Transport reactions,Human1 BiGG cross-reference
R_CRMPte,CRMPte,R_CRMPte;R_HMR_8428,Transport reactions,Transport reactions,Human1 BiGG cross-reference
R_CRNCAR3tp,CRNCAR3tp,R_HMR_3035,Carnitine shuttle (peroxisomal),Carnitine shuttle (peroxisomal),Human1 BiGG cross-reference
R_CRNCARtp,CRNCARtp,R_HMR_3029,Carnitine shuttle (peroxisomal),Carnitine shuttle (peroxisomal),Human1 BiGG cross-reference
R_CRNt_copy1,CRNt_copy1,,Unassigned,,unmapped
R_CRNtHa,CRNtHa,R_CRNtHa;R_HMR_8676,Transport reactions,Transport reactions,Human1 BiGG cross-reference
R_CRNtim,CRNtim,,Unassigned,,unmapped
R_CRNt_copy2,CRNt_copy2,,Unassigned,,unmapped
R_CRNtuNa,CRNtuNa,,Unassigned,,unmapped
R_CRNtx,CRNtx,R_CRNtx;R_HMR_8677,Transport reactions,Transport reactions,Human1 BiGG cross-reference
R_CRTNsyn,CRTNsyn,,Unassigned,,unmapped
R_CRTSLtm,CRTSLtm,R_HMR_8678,Transport reactions,Transport reactions,Human1 BiGG cross-reference
R_CRTSLtr,CRTSLtr,,Unassigned,,unmapped
R_CRTSTRNtm,CRTSTRNtm,R_HMR_8679,Transport reactions,Transport reactions,Human1 BiGG cross-reference
R_CRTSTRNtr,CRTSTRNtr,R_HMR_8680,Transport reactions,Transport reactions,Human1 BiGG cross-reference
R_CRVNCtr,CRVNCtr,R_HMR_0376;R_HMR_8681,Transport reactions,Transport reactions,Human1 BiGG cross-reference
R_CSAPASEly,CSAPASEly,R_HMR_7501,Chondroitin sulfate degradation,Chondroitin sulfate degradation,Human1 BiGG cross-reference
R_CSBPASEly,CSBPASEly,R_HMR_7513,Chondroitin sulfate degradation,Chondroitin sulfate degradation,Human1 BiGG cross-reference
R_CSCPASEly,CSCPASEly,R_HMR_7525,Chondroitin sulfate degradation,Chondroitin sulfate degradation,Human1 BiGG cross-reference
R_CSDPASEly,CSDPASEly,R_HMR_7541,Chondroitin sulfate degradation,Chondroitin sulfate degradation,Human1 BiGG cross-reference
R_CSEPASEly,CSEPASEly,R_HMR_7557,Chondroitin sulfate degradation,Chondroitin sulfate degradation,Human1 BiGG cross-reference
R_CSNAT2m,CSNAT2m,R_HMR_2598,Carnitine shuttle (mitochondrial),Carnitine shuttle (mitochondrial),Human1 BiGG cross-reference
R_CSNAT2x,CSNAT2x,R_CSNAT2x,Fatty acid oxidation,Fatty acid oxidation,Human1 BiGG cross-reference
R_CSNAT3x,CSNAT3x,R_HMR_3037,Carnitine shuttle (peroxisomal),Carnitine shuttle (peroxisomal),Human1 BiGG cross-reference
R_DCK1n,DCK1n,R_HMR_8477,Nucleotide metabolism,Nucleotide metabolism,Human1 BiGG cross-reference
R_DCK2n,DCK2n,R_HMR_8478,Nucleotide metabolism,Nucleotide metabolism,Human1 BiGG cross-reference
R_DCMPDA,DCMPDA,R_HMR_4507;R_HMR_8479,Nucleotide metabolism,Nucleotide metabolism,Human1 BiGG cross-reference
R_DCSPTN1COAtx,DCSPTN1COAtx,,Unassigned,,unmapped
R_DCSPTN1CPT1,DCSPTN1CPT1,,Unassigned,,unmapped
R_DCSPTN1CPT2,DCSPTN1CPT2,,Unassigned,,unmapped
R_DCSPTN1CRNt,DCSPTN1CRNt,R_DCSPTN1CRNt,Fatty acid oxidation,Fatty acid oxidation,Human1 BiGG cross-reference
R_DCSPTN1t,DCSPTN1t,,Unassigned,,unmapped
R_DCT,DCT,,Unassigned,,unmapped
R_DCTPtn,DCTPtn,R_HMR_7860,Transport reactions,Transport reactions,Human1 BiGG cross-reference
R_DCYTD,DCYTD,R_HMR_4514,Pyrimidine metabolism,Pyrimidine metabolism,Human1 BiGG cross-reference
R_DCYTDn,DCYTDn,,Unassigned,,unmapped
R_DCYTt,DCYTt,R_HMR_6368;R_HMR_8480,Nucleotide metabolism,Nucleotide metabolism;Transport reactions,Human1 BiGG cross-reference
R_DDPGAm,DDPGAm,,Unassigned,,unmapped
R_DEBRISOQUINEt,DEBRISOQUINEt,,Unassigned,,unmapped
R_DECDPtm,DECDPtm,R_HMR_8031,Transport reactions,Transport reactions,Human1 BiGG cross-reference
R_DEDOLP1_L,DEDOLP1_L,R_HMR_7258,N-glycan metabolism,N-glycan metabolism,Human1 BiGG cross-reference
R_DEDOLP1_U,DEDOLP1_U,,Unassigned,,unmapped
R_DEDOLP2_L,DEDOLP2_L,R_HMR_7259,N-glycan metabolism,N-glycan metabolism,Human1 BiGG cross-reference
R_DEDOLP2_U,DEDOLP2_U,,Unassigned,,unmapped
R_DEDOLR_L,DEDOLR_L,R_HMR_7260,N-glycan metabolism,N-glycan metabolism,Human1 BiGG cross-reference
R_DEDOLR_U,DEDOLR_U,,Unassigned,,unmapped
R_DESAT16_2,DESAT16_2,R_DESAT16_2,Fatty acid biosynthesis,Fatty acid biosynthesis,Human1 BiGG cross-reference
R_DESAT18_10,DESAT18_10,R_DESAT18_10,Fatty acid biosynthesis,Fatty acid biosynthesis,Human1 BiGG cross-reference
R_DESAT18_3,DESAT18_3,R_DESAT18_3,Fatty acid biosynthesis,Fatty acid biosynthesis,Human1 BiGG cross-reference
R_DESAT18_4,DESAT18_4,R_DESAT18_4,Fatty acid biosynthesis,Fatty acid biosynthesis,Human1 BiGG cross-reference
R_DESAT18_5,DESAT18_5,R_DESAT18_5,Fatty acid biosynthesis,Fatty acid biosynthesis,Human1 BiGG cross-reference
R_DESAT18_6,DESAT18_6,R_DESAT18_6,Fatty acid biosynthesis,Fatty acid biosynthesis,Human1 BiGG cross-reference
R_DESAT18_7,DESAT18_7,R_DESAT18_7,Fatty acid biosynthesis,Fatty acid biosynthesis,Human1 BiGG cross-reference
R_DESAT18_8,DESAT18_8,R_DESAT18_8,Fatty acid biosynthesis,Fatty acid biosynthesis,Human1 BiGG cross-reference
R_DESAT18_9,DESAT18_9,R_DESAT18_9,Fatty acid biosynthesis,Fatty acid biosynthesis,Human1 BiGG cross-reference
R_DESAT20_1,DESAT20_1,R_DESAT20_1,Fatty acid biosynthesis,Fatty acid biosynthesis,Human1 BiGG cross-reference
R_DESAT20_2,DESAT20_2,R_DESAT20_2,Fatty acid biosynthesis,Fatty acid biosynthesis,Human1 BiGG cross-reference
R_DESAT22_1p,DESAT22_1p,R_DESAT22_1p,Fatty acid biosynthesis,Fatty acid biosynthesis,Human1 BiGG cross-reference
R_DESAT22_2p,DESAT22_2p,R_DESAT22_2p,Fatty acid biosynthesis,Fatty acid biosynthesis,Human1 BiGG cross-reference
R_DESAT24_1,DESAT24_1,,Unassigned,,unmapped
R_DGAT,DGAT,,Unassigned,,unmapped
R_DGCHOLte,DGCHOLte,R_DGCHOLte,Transport reactions,Transport reactions,Human1 BiGG cross-reference
R_DGCHOLtx,DGCHOLtx,R_DGCHOLtx,Transport reactions,Transport reactions,Human1 BiGG cross-reference
R_DGK1,DGK1,R_HMR_5353,Purine metabolism,Purine metabolism,Human1 BiGG cross-reference
R_DGK2m,DGK2m,,Unassigned,,unmapped
R_DGNSKm,DGNSKm,R_HMR_4601,Nucleotide metabolism,Nucleotide metabolism,Human1 BiGG cross-reference
R_DGSNt,DGSNt,R_HMR_6366,Transport reactions,Transport reactions,Human1 BiGG cross-reference
R_DGSNtm,DGSNtm,R_HMR_4997;R_HMR_8481,Nucleotide metabolism,Nucleotide metabolism;Transport reactions,Human1 BiGG cross-reference
R_DGTPtn,DGTPtn,R_HMR_7862,Transport reactions,Transport reactions,Human1 BiGG cross-reference
R_DGULND,DGULND,,Unassigned,,unmapped
R_DHAAt1r,DHAAt1r,,Unassigned,,unmapped
R_DHAPA,DHAPA,R_HMR_7588,Acylglycerides metabolism,Acylglycerides metabolism,Human1 BiGG cross-reference
R_DHAPAx,DHAPAx,R_HMR_8353,Pentose and glucuronate interconversions,Pentose and glucuronate interconversions,Human1 BiGG cross-reference
R_DHCHOLESTANATEtm,DHCHOLESTANATEtm,R_DHCHOLESTANATEtm;R_HMR_8846,Transport reactions,Transport reactions,Human1 BiGG cross-reference
R_DHCR241r,DHCR241r,,Unassigned,,unmapped
R_DHCR242r,DHCR242r,,Unassigned,,unmapped
R_DHCR243r,DHCR243r,R_DHCR243r,Cholesterol metabolism,Cholesterol metabolism,Human1 BiGG cross-reference
R_DHCR71r,DHCR71r,R_DHCR71r;R_HMR_1519,Cholesterol biosynthesis 1 (Bloch pathway) ,Cholesterol biosynthesis 1 (Bloch pathway) ;Cholesterol metabolism,Human1 BiGG cross-reference
R_DHCR72r,DHCR72r,R_DHCR72r;R_HMR_1565,Cholesterol biosynthesis 2,Cholesterol biosynthesis 2;Cholesterol metabolism,Human1 BiGG cross-reference
R_DHCRD1,DHCRD1,,Unassigned,,unmapped
R_DHCRD2,DHCRD2,,Unassigned,,unmapped
R_DHDPBMTm,DHDPBMTm,,Unassigned,,unmapped
R_DHEASULT,DHEASULT,,Unassigned,,unmapped
R_DHEASt,DHEASt,R_HMR_8219,Sphingolipid metabolism,Sphingolipid metabolism,Human1 BiGG cross-reference
R_DHEAStr,DHEAStr,R_HMR_8220,Sphingolipid metabolism,Sphingolipid metabolism,Human1 BiGG cross-reference
R_DHFR,DHFR,R_HMR_4333;R_HMR_7951,Folate metabolism,Folate metabolism;Transport reactions,Human1 BiGG cross-reference
R_DHFtl,DHFtl,,Unassigned,,unmapped
R_DHFtm,DHFtm,R_DHFtm;R_HMR_7953,Transport reactions,Transport reactions,Human1 BiGG cross-reference
R_DHORD9,DHORD9,R_HMR_4575,Pyrimidine metabolism,Pyrimidine metabolism,Human1 BiGG cross-reference
R_DHORTS,DHORTS,R_HMR_4608;R_HMR_8131,Pyrimidine metabolism,Pyrimidine metabolism;Transport reactions,Human1 BiGG cross-reference
R_DHPM1,DHPM1,R_HMR_4346,Pyrimidine metabolism,Pyrimidine metabolism,Human1 BiGG cross-reference
R_DHPM2,DHPM2,R_HMR_4736,Pyrimidine metabolism,Pyrimidine metabolism,Human1 BiGG cross-reference
R_DHPR,DHPR,R_HMR_3925,Folate metabolism,Folate metabolism,Human1 BiGG cross-reference
R_DHPR2,DHPR2,,Unassigned,,unmapped
R_DIDPtn,DIDPtn,R_HMR_7877,Transport reactions,Transport reactions,Human1 BiGG cross-reference
R_DIGALSGALSIDEte,DIGALSGALSIDEte,,Unassigned,,unmapped
R_DIGALSGALSIDEtg,DIGALSGALSIDEtg,R_HMR_8740,Biopterin metabolism,Biopterin metabolism,Human1 BiGG cross-reference
R_DNDPt30m,DNDPt30m,R_HMR_7825,Transport reactions,Transport reactions,Human1 BiGG cross-reference
R_DNDPt31m,DNDPt31m,R_HMR_7826,Transport reactions,Transport reactions,Human1 BiGG cross-reference
R_DNDPt32m,DNDPt32m,R_HMR_6333,Transport reactions,Transport reactions,Human1 BiGG cross-reference
R_DNDPt33m,DNDPt33m,R_HMR_7810,Transport reactions,Transport reactions,Human1 BiGG cross-reference
R_DNDPt34m,DNDPt34m,R_HMR_7818,Transport reactions,Transport reactions,Human1 BiGG cross-reference
R_DNDPt35m,DNDPt35m,R_HMR_7806,Transport reactions,Transport reactions,Human1 BiGG cross-reference
R_DNDPt36m,DNDPt36m,R_HMR_7824,Transport reactions,Transport reactions,Human1 BiGG cross-reference
R_DNDPt37m,DNDPt37m,R_HMR_7827,Transport reactions,Transport reactions,Human1 BiGG cross-reference
R_DNDPt38m,DNDPt38m,R_HMR_7828,Transport reactions,Transport reactions,Human1 BiGG cross-reference
R_DNDPt39m,DNDPt39m,R_HMR_7829,Transport reactions,Transport reactions,Human1 BiGG cross-reference
R_DNDPt3m,DNDPt3m,R_HMR_7830,Transport reactions,Transport reactions,Human1 BiGG cross-reference
R_DNDPt40m,DNDPt40m,R_HMR_7831,Transport reactions,Transport reactions,Human1 BiGG cross-reference
R_DNDPt41m,DNDPt41m,R_HMR_7832,Transport reactions,Transport reactions,Human1 BiGG cross-reference
R_DNDPt42m,DNDPt42m,R_HMR_6343,Transport reactions,Transport reactions,Human1 BiGG cross-reference
R_DNDPt43m,DNDPt43m,R_HMR_6340,Transport reactions,Transport reactions,Human1 BiGG cross-reference
R_DNDPt44m,DNDPt44m,R_HMR_7833,Transport reactions,Transport reactions,Human1 BiGG cross-reference
R_DNDPt45m,DNDPt45m,R_HMR_7834,Transport reactions,Transport reactions,Human1 BiGG cross-reference
R_DNDPt46m,DNDPt46m,R_HMR_7835,Transport reactions,Transport reactions,Human1 BiGG cross-reference
R_DNDPt47m,DNDPt47m,R_DTTPtm;R_HMR_7836,Transport reactions,Transport reactions,Human1 BiGG cross-reference
R_DNDPt48m,DNDPt48m,R_HMR_7837,Transport reactions,Transport reactions,Human1 BiGG cross-reference
R_DNDPt49m,DNDPt49m,R_HMR_7838,Transport reactions,Transport reactions,Human1 BiGG cross-reference
R_DNDPt4m,DNDPt4m,R_HMR_7839,Transport reactions,Transport reactions,Human1 BiGG cross-reference
R_DNDPt50m,DNDPt50m,R_HMR_7840,Transport reactions,Transport reactions,Human1 BiGG cross-reference
R_DNDPt51m,DNDPt51m,R_DCTPtm;R_HMR_7841,Transport reactions,Transport reactions,Human1 BiGG cross-reference
R_DNDPt52m,DNDPt52m,R_HMR_7842,Transport reactions,Transport reactions,Human1 BiGG cross-reference
R_DNDPt53m,DNDPt53m,R_HMR_7843,Transport reactions,Transport reactions,Human1 BiGG cross-reference
R_DNDPt54m,DNDPt54m,R_HMR_7844,Transport reactions,Transport reactions,Human1 BiGG cross-reference
R_DNDPt55m,DNDPt55m,R_HMR_7845,Transport reactions,Transport reactions,Human1 BiGG cross-reference
R_DNDPt56m,DNDPt56m,R_HMR_7846,Transport reactions,Transport reactions,Human1 BiGG cross-reference
R_DNDPt57m,DNDPt57m,R_HMR_6339,Transport reactions,Transport reactions,Human1 BiGG cross-reference
R_DNDPt58m,DNDPt58m,R_HMR_6342,Transport reactions,Transport reactions,Human1 BiGG cross-reference
R_DNDPt59m,DNDPt59m,R_HMR_7847,Transport reactions,Transport reactions,Human1 BiGG cross-reference
R_DNDPt5m,DNDPt5m,R_HMR_7848,Transport reactions,Transport reactions,Human1 BiGG cross-reference
R_DNDPt60m,DNDPt60m,R_HMR_7849,Transport reactions,Transport reactions,Human1 BiGG cross-reference
R_DNDPt61m,DNDPt61m,R_HMR_7850,Transport reactions,Transport reactions,Human1 BiGG cross-reference
R_DNDPt62m,DNDPt62m,R_HMR_7851,Transport reactions,Transport reactions,Human1 BiGG cross-reference
R_DNDPt63m,DNDPt63m,R_HMR_7852,Transport reactions,Transport reactions,Human1 BiGG cross-reference
R_DNDPt6m,DNDPt6m,R_HMR_7853,Transport reactions,Transport reactions,Human1 BiGG cross-reference
R_DNDPt7m,DNDPt7m,R_HMR_7854,Transport reactions,Transport reactions,Human1 BiGG cross-reference
R_DNDPt8m,DNDPt8m,R_HMR_7812,Transport reactions,Transport reactions,Human1 BiGG cross-reference
R_DNDPt9m,DNDPt9m,R_HMR_7820,Transport reactions,Transport reactions,Human1 BiGG cross-reference
R_DOGULND1,DOGULND1,,Unassigned,,unmapped
R_DOGULND2,DOGULND2,,Unassigned,,unmapped
R_DOGULNO1,DOGULNO1,R_HMR_8622,Ascorbate and aldarate metabolism,Ascorbate and aldarate metabolism,Human1 BiGG cross-reference
R_DOGULNO2,DOGULNO2,R_HMR_8623,Ascorbate and aldarate metabolism,Ascorbate and aldarate metabolism,Human1 BiGG cross-reference
R_DOLASNT_Ler,DOLASNT_Ler,R_HMR_7285;R_HMR_8624,Ascorbate and aldarate metabolism,Ascorbate and aldarate metabolism;N-glycan metabolism,Human1 BiGG cross-reference
R_DOLASNT_Uer,DOLASNT_Uer,R_HMR_8625,Ascorbate and aldarate metabolism,Ascorbate and aldarate metabolism,Human1 BiGG cross-reference
R_DOLDPP_Ler,DOLDPP_Ler,,Unassigned,,unmapped
R_DOLDPP_Uer,DOLDPP_Uer,,Unassigned,,unmapped
R_DOLGLCP_Lter,DOLGLCP_Lter,R_DOLGLCP_Lter;R_HMR_8691,N-glycan metabolism,N-glycan metabolism,Human1 BiGG cross-reference
R_DOLGLCP_Uter,DOLGLCP_Uter,,Unassigned,,unmapped
R_DOLGPP_Ler,DOLGPP_Ler,,Unassigned,,unmapped
R_DOLGPP_Uer,DOLGPP_Uer,,Unassigned,,unmapped
R_DOLICHOL_Lter,DOLICHOL_Lter,R_HMR_7262;R_HMR_8692,N-glycan metabolism,N-glycan metabolism;Transport reactions,Human1 BiGG cross-reference
R_DOLICHOL_Uter,DOLICHOL_Uter,R_DOLICHOL_Uter,N-glycan metabolism,N-glycan metabolism,Human1 BiGG cross-reference
R_DOLK_L,DOLK_L,,Unassigned,,unmapped
R_DOLK_U,DOLK_U,,Unassigned,,unmapped
R_DOLMANP_Lter,DOLMANP_Lter,R_HMR_7272,Transport reactions,Transport reactions,Human1 BiGG cross-reference
R_DOLMANP_Uter,DOLMANP_Uter,,Unassigned,,unmapped
R_DOLPGT1_Ler,DOLPGT1_Ler,,Unassigned,,unmapped
R_DOLPGT1_Uer,DOLPGT1_Uer,,Unassigned,,unmapped
R_DOLPGT2_Ler,DOLPGT2_Ler,,Unassigned,,unmapped
R_DOLPGT2_Uer,DOLPGT2_Uer,,Unassigned,,unmapped
R_DOLPGT3_Ler,DOLPGT3_Ler,,Unassigned,,unmapped
R_DOLPGT3_Uer,DOLPGT3_Uer,,Unassigned,,unmapped
R_DOLPH_Ler,DOLPH_Ler,R_HMR_7261,N-glycan metabolism,N-glycan metabolism,Human1 BiGG cross-reference
R_DOLPH_Uer,DOLPH_Uer,,Unassigned,,unmapped
R_DOLPMT1_Ler,DOLPMT1_Ler,,Unassigned,,unmapped
R_DOLPMT1_Uer,DOLPMT1_Uer,,Unassigned,,unmapped
R_DOLPMT2_Ler,DOLPMT2_Ler,,Unassigned,,unmapped
R_EHGLAT2m,EHGLAT2m,R_HMR_8648,Isolated,Isolated,Human1 BiGG cross-reference
R_EHGLATm,EHGLATm,,Unassigned,,unmapped
R_EICOSTETCPT1,EICOSTETCPT1,R_HMR_8098,Arginine and proline metabolism,Arginine and proline metabolism,Human1 BiGG cross-reference
R_EICOSTETCPT2,EICOSTETCPT2,,Unassigned,,unmapped
R_EICOSTETCRNt,EICOSTETCRNt,R_EICOSTETCRNt,Fatty acid oxidation,Fatty acid oxidation,Human1 BiGG cross-reference
R_EICOSTETt,EICOSTETt,,Unassigned,,unmapped
R_ELAIDCPT1,ELAIDCPT1,R_ELAIDCPT1,Fatty acid oxidation,Fatty acid oxidation,Human1 BiGG cross-reference
R_ELAIDCPT2,ELAIDCPT2,R_ELAIDCPT2,Fatty acid oxidation,Fatty acid oxidation,Human1 BiGG cross-reference
R_ELAIDCRNt,ELAIDCRNt,R_ELAIDCRNt,Fatty acid oxidation,Fatty acid oxidation,Human1 BiGG cross-reference
R_ELAIDt,ELAIDt,R_HMR_0266,Transport reactions,Transport reactions,Human1 BiGG cross-reference
R_ENGASE,ENGASE,R_ENGASE,N-glycan metabolism,N-glycan metabolism,Human1 BiGG cross-reference
R_ENGASE2,ENGASE2,R_ENGASE2,N-glycan metabolism,N-glycan metabolism,Human1 BiGG cross-reference
R_ENGASE2ly,ENGASE2ly,R_HMR_7586,N-glycan metabolism,N-glycan metabolism,Human1 BiGG cross-reference
R_ENGASE3ly,ENGASE3ly,R_HMR_7377,Keratan sulfate degradation,Keratan sulfate degradation,Human1 BiGG cross-reference
R_ENGASEly,ENGASEly,R_HMR_7575,N-glycan metabolism,N-glycan metabolism,Human1 BiGG cross-reference
R_ENMAN1g,ENMAN1g,R_ENMAN1g;R_HMR_7303,N-glycan metabolism,N-glycan metabolism,Human1 BiGG cross-reference
R_ENMAN2g,ENMAN2g,R_ENMAN2g;R_HMR_7302,N-glycan metabolism,N-glycan metabolism,Human1 BiGG cross-reference
R_ENMAN3g,ENMAN3g,R_ENMAN3g;R_HMR_7301,N-glycan metabolism,N-glycan metabolism,Human1 BiGG cross-reference
R_ENMAN4g,ENMAN4g,R_ENMAN4g;R_HMR_7304,N-glycan metabolism,N-glycan metabolism,Human1 BiGG cross-reference
R_ENMAN5g,ENMAN5g,R_ENMAN5g;R_HMR_7305,N-glycan metabolism,N-glycan metabolism,Human1 BiGG cross-reference
R_ENMAN6g,ENMAN6g,R_ENMAN6g;R_HMR_7306,N-glycan metabolism,N-glycan metabolism,Human1 BiGG cross-reference
R_ENO,ENO,R_HMR_4363,Glycolysis / Gluconeogenesis,Glycolysis / Gluconeogenesis,Human1 BiGG cross-reference
R_EPCTX,EPCTX,,Unassigned,,unmapped
R_ESTRADIOLGLCt,ESTRADIOLGLCt,R_HMR_7651,Transport reactions,Transport reactions,Human1 BiGG cross-reference
R_ESTRADIOLGLCt2,ESTRADIOLGLCt2,R_HMR_7650;R_HMR_9560,Isolated,Isolated;Transport reactions,Human1 BiGG cross-reference
R_ESTRADIOLGLCtr,ESTRADIOLGLCtr,R_HMR_7649,Transport reactions,Transport reactions,Human1 BiGG cross-reference
R_ESTRADIOLtr,ESTRADIOLtr,,Unassigned,,unmapped
R_ESTRIOLGLCte,ESTRIOLGLCte,R_HMR_8870,Transport reactions,Transport reactions,Human1 BiGG cross-reference
R_ESTRIOLGLCtr,ESTRIOLGLCtr,R_HMR_7969,Transport reactions,Transport reactions,Human1 BiGG cross-reference
R_ESTRIOLtr,ESTRIOLtr,R_HMR_7986,Transport reactions,Transport reactions,Human1 BiGG cross-reference
R_ESTRONEGLCt,ESTRONEGLCt,R_HMR_7985,Transport reactions,Transport reactions,Human1 BiGG cross-reference
R_ESTRONEGLCtr,ESTRONEGLCtr,R_HMR_7983,Transport reactions,Transport reactions,Human1 BiGG cross-reference
R_ESTRONESt,ESTRONESt,R_HMR_6129;R_HMR_7964,Transport reactions,Transport reactions,Human1 BiGG cross-reference
R_ESTRONESt2,ESTRONESt2,R_HMR_7963,Transport reactions,Transport reactions,Human1 BiGG cross-reference
R_ESTRONEtr,ESTRONEtr,,Unassigned,,unmapped
R_ESTSULT,ESTSULT,R_HMR_7946,Transport reactions,Transport reactions,Human1 BiGG cross-reference
R_ETF,ETF,R_ETF,Fatty acid oxidation,Fatty acid oxidation,Human1 BiGG cross-reference
R_ETFQO,ETFQO,R_ETFQO,Fatty acid oxidation,Fatty acid oxidation,Human1 BiGG cross-reference
R_ETHAK,ETHAK,R_HMR_0648,Glycerophospholipid metabolism,Glycerophospholipid metabolism,Human1 BiGG cross-reference
R_ETHP,ETHP,R_HMR_0649,Glycerophospholipid metabolism,Glycerophospholipid metabolism,Human1 BiGG cross-reference
R_ETOHMO,ETOHMO,,Unassigned,,unmapped
R_ETOHt,ETOHt,R_HMR_5000,Transport reactions,Transport reactions,Human1 BiGG cross-reference
R_ETOHtx,ETOHtx,R_HMR_8757,Glycolysis / Gluconeogenesis,Glycolysis / Gluconeogenesis,Human1 BiGG cross-reference
R_EX_10fthf5glu_e,EX_10fthf5glu_e,R_HMR_8756,Exchange/demand reactions,Transport reactions,exchange/demand prefix
R_EX_10fthf6glu_e,EX_10fthf6glu_e,R_HMR_9205,Exchange/demand reactions,Exchange/demand reactions,exchange/demand prefix
R_EX_10fthf7glu_e,EX_10fthf7glu_e,R_HMR_9206,Exchange/demand reactions,Exchange/demand reactions,exchange/demand prefix
R_EX_10fthf_e,EX_10fthf_e,,Exchange/demand reactions,,exchange/demand prefix
R_EX_11_cis_retfa_e,EX_11_cis_retfa_e,R_HMR_9207,Exchange/demand reactions,Exchange/demand reactions,exchange/demand prefix
R_EX_13_cis_retnglc_e,EX_13_cis_retnglc_e,R_HMR_9208,Exchange/demand reactions,Exchange/demand reactions,exchange/demand prefix
R_EX_1glyc_hs_e,EX_1glyc_hs_e,R_EX_1glyc_hs__91__e__93__;R_HMR_9209,Exchange/demand reactions,Exchange/demand reactions,exchange/demand prefix
R_EX_1mncam_e,EX_1mncam_e,R_HMR_9104,Exchange/demand reactions,Exchange/demand reactions,exchange/demand prefix
R_EX_2425dhvitd2_e,EX_2425dhvitd2_e,,Exchange/demand reactions,,exchange/demand prefix
R_EX_2425dhvitd3_e,EX_2425dhvitd3_e,R_HMR_9210,Exchange/demand reactions,Exchange/demand reactions,exchange/demand prefix
R_EX_24nph_e,EX_24nph_e,,Exchange/demand reactions,,exchange/demand prefix
R_EX_25hvitd2_e,EX_25hvitd2_e,,Exchange/demand reactions,,exchange/demand prefix
R_EX_25hvitd3_e,EX_25hvitd3_e,R_HMR_9211,Exchange/demand reactions,Exchange/demand reactions,exchange/demand prefix
R_EX_2hb_e,EX_2hb_e,R_HMR_9212,Exchange/demand reactions,Exchange/demand reactions,exchange/demand prefix
R_EX_2mcit_e,EX_2mcit_e,R_HMR_9213,Exchange/demand reactions,Exchange/demand reactions,exchange/demand prefix
R_EX_34dhoxpeg_e,EX_34dhoxpeg_e,R_HMR_9214,Exchange/demand reactions,Exchange/demand reactions,exchange/demand prefix
R_EX_34dhphe_e,EX_34dhphe_e,R_HMR_9215,Exchange/demand reactions,Exchange/demand reactions,exchange/demand prefix
R_EX_35cgmp_e,EX_35cgmp_e,R_HMR_9216,Exchange/demand reactions,Exchange/demand reactions,exchange/demand prefix
R_EX_3aib__D_e,EX_3aib__D_e,R_HMR_9218,Exchange/demand reactions,Exchange/demand reactions,exchange/demand prefix
R_EX_3aib_e,EX_3aib_e,R_HMR_9217,Exchange/demand reactions,Exchange/demand reactions,exchange/demand prefix
R_EX_3mlda_e,EX_3mlda_e,R_HMR_9090;R_HMR_9219,Exchange/demand reactions,Exchange/demand reactions,exchange/demand prefix
R_EX_4abut_e,EX_4abut_e,R_HMR_9091;R_HMR_9220,Exchange/demand reactions,Exchange/demand reactions,exchange/demand prefix
R_EX_4hdebrisoquine_e,EX_4hdebrisoquine_e,R_HMR_9221,Exchange/demand reactions,Exchange/demand reactions,exchange/demand prefix
R_EX_4hphac_e,EX_4hphac_e,R_HMR_9222,Exchange/demand reactions,Exchange/demand reactions,exchange/demand prefix
R_EX_4mtolbutamide_e,EX_4mtolbutamide_e,,Exchange/demand reactions,,exchange/demand prefix
R_EX_4nph_e,EX_4nph_e,R_HMR_9223,Exchange/demand reactions,Exchange/demand reactions,exchange/demand prefix
R_DOLPMT2_Uer,DOLPMT2_Uer,,Unassigned,,unmapped
R_DOLPMT3_Ler,DOLPMT3_Ler,,Unassigned,,unmapped
R_DOLPMT3_Uer,DOLPMT3_Uer,,Unassigned,,unmapped
R_DOLPMT4_Ler,DOLPMT4_Ler,,Unassigned,,unmapped
R_DOLPMT4_Uer,DOLPMT4_Uer,,Unassigned,,unmapped
R_DOLPMT_L,DOLPMT_L,,Unassigned,,unmapped
R_DOLPMT_U,DOLPMT_U,,Unassigned,,unmapped
R_DOLP_Lter,DOLP_Lter,R_HMR_7257,Transport reactions,Transport reactions,Human1 BiGG cross-reference
R_DOLP_Uter,DOLP_Uter,,Unassigned,,unmapped
R_DOPABMO,DOPABMO,,Unassigned,,unmapped
R_DOPACHRMISO,DOPACHRMISO,,Unassigned,,unmapped
R_DOPAMT,DOPAMT,,Unassigned,,unmapped
R_DOPAQNISO1,DOPAQNISO1,R_HMR_8533,Tyrosine metabolism,Tyrosine metabolism,Human1 BiGG cross-reference
R_DOPASFt,DOPASFt,R_HMR_8723,Transport reactions,Transport reactions,Human1 BiGG cross-reference
R_DOPASULT,DOPASULT,R_HMR_7689,Tyrosine metabolism,Tyrosine metabolism,Human1 BiGG cross-reference
R_DOPAVESSEC,DOPAVESSEC,R_DOPAVESSEC;R_HMR_7636,Transport reactions,Transport reactions,Human1 BiGG cross-reference
R_DOPAt4_2_r,DOPAt4_2_r,R_HMR_6733,Transport reactions,Transport reactions,Human1 BiGG cross-reference
R_DOPAtu,DOPAtu,R_HMR_6732,Transport reactions,Transport reactions,Human1 BiGG cross-reference
R_DORNOp,DORNOp,,Unassigned,,unmapped
R_DPCOAK,DPCOAK,R_HMR_3871,Pantothenate and CoA biosynthesis,Pantothenate and CoA biosynthesis,Human1 BiGG cross-reference
R_DPCOAPP,DPCOAPP,R_HMR_8690,Metabolism of other amino acids,Metabolism of other amino acids,Human1 BiGG cross-reference
R_DPCOAtl,DPCOAtl,R_HMR_7732,Transport reactions,Transport reactions,Human1 BiGG cross-reference
R_DPGM,DPGM,,Unassigned,,unmapped
R_DPGase,DPGase,,Unassigned,,unmapped
R_DPHMBDCm,DPHMBDCm,,Unassigned,,unmapped
R_DPMVDx,DPMVDx,R_DPMVDx;R_HMR_1451,Cholesterol metabolism,Cholesterol metabolism,Human1 BiGG cross-reference
R_DPPS,DPPS,,Unassigned,,unmapped
R_DPROOp,DPROOp,R_DPROOp,Arginine and proline metabolism,Arginine and proline metabolism,Human1 BiGG cross-reference
R_DRBK,DRBK,,Unassigned,,unmapped
R_DRIBt,DRIBt,R_HMR_8608,Arginine and proline metabolism,Arginine and proline metabolism,Human1 BiGG cross-reference
R_DRPA,DRPA,R_HMR_4398;R_HMR_8074,Pentose phosphate pathway,Pentose phosphate pathway,Human1 BiGG cross-reference
R_DSAT,DSAT,R_HMR_8073,Transport reactions,Transport reactions,Human1 BiGG cross-reference
R_DTDPtn,DTDPtn,R_HMR_7856,Transport reactions,Transport reactions,Human1 BiGG cross-reference
R_DTMPK,DTMPK,R_HMR_4637,Pyrimidine metabolism,Pyrimidine metabolism,Human1 BiGG cross-reference
R_DTTPtn,DTTPtn,R_HMR_7857,Transport reactions,Transport reactions,Human1 BiGG cross-reference
R_DUDPtn,DUDPtn,R_HMR_7858,Transport reactions,Transport reactions,Human1 BiGG cross-reference
R_DUMPtn,DUMPtn,R_HMR_7859,Transport reactions,Transport reactions,Human1 BiGG cross-reference
R_DURAD,DURAD,R_HMR_4345,Pyrimidine metabolism,Pyrimidine metabolism,Human1 BiGG cross-reference
R_DURAD2,DURAD2,R_HMR_4472,Pyrimidine metabolism,Pyrimidine metabolism,Human1 BiGG cross-reference
R_DURIK1,DURIK1,R_HMR_4641,Nucleotide metabolism,Nucleotide metabolism,Human1 BiGG cross-reference
R_DURIK1m,DURIK1m,R_HMR_6625,Nucleotide metabolism,Nucleotide metabolism,Human1 BiGG cross-reference
R_DURIPP,DURIPP,R_HMR_4680,Nucleotide metabolism,Nucleotide metabolism,Human1 BiGG cross-reference
R_DURIt,DURIt,R_HMR_5008,Transport reactions,Transport reactions,Human1 BiGG cross-reference
R_DURItn,DURItn,,Unassigned,,unmapped
R_DUTPDPm,DUTPDPm,R_HMR_4643,Pyrimidine metabolism,Pyrimidine metabolism,Human1 BiGG cross-reference
R_DUTPDPn,DUTPDPn,R_HMR_8868,Transport reactions,Transport reactions,Human1 BiGG cross-reference
R_D_3AIBt,D_3AIBt,R_HMR_5020,Transport reactions,Transport reactions,Human1 BiGG cross-reference
R_D_LACt2,D_LACt2,R_HMR_3858,Transport reactions,Transport reactions,Human1 BiGG cross-reference
R_D_LACtm,D_LACtm,,Unassigned,,unmapped
R_EAFLATOXINte,EAFLATOXINte,,Unassigned,,unmapped
R_EBASTINEOHte,EBASTINEOHte,R_HMR_8483,Nucleotide metabolism,Nucleotide metabolism,Human1 BiGG cross-reference
R_EBASTINEOHtr,EBASTINEOHtr,R_HMR_8869,Transport reactions,Transport reactions,Human1 BiGG cross-reference
R_EBASTINEte,EBASTINEte,R_HMR_8061,Transport reactions,Transport reactions,Human1 BiGG cross-reference
R_EBASTINEtr,EBASTINEtr,R_HMR_8060,Transport reactions,Transport reactions,Human1 BiGG cross-reference
R_EBP1r,EBP1r,R_EBP1r;R_HMR_1512;R_HMR_8057,Cholesterol biosynthesis 1 (Bloch pathway) ,Cholesterol biosynthesis 1 (Bloch pathway) ;Cholesterol metabolism;Transport reactions,Human1 BiGG cross-reference
R_EBP2r,EBP2r,R_EBP2r;R_HMR_8058,Cholesterol metabolism,Cholesterol metabolism;Transport reactions,Human1 BiGG cross-reference
R_ECGISOr,ECGISOr,R_ECGISOr,Alkaloids Biosynthesis,Alkaloids Biosynthesis,Human1 BiGG cross-reference
R_ECOAH12m,ECOAH12m,,Unassigned,,unmapped
R_ECOAH1m,ECOAH1m,R_HMR_3164,Tryptophan metabolism,Tryptophan metabolism,Human1 BiGG cross-reference
R_ECOAH1x,ECOAH1x,,Unassigned,,unmapped
R_ECOAH9m,ECOAH9m,R_HMR_3785,"Valine, leucine, and isoleucine metabolism","Valine, leucine, and isoleucine metabolism",Human1 BiGG cross-reference
R_EGMESTr,EGMESTr,,Unassigned,,unmapped
R_EHGLAT,EHGLAT,R_EHGLAT,Arginine and proline metabolism,Arginine and proline metabolism,Human1 BiGG cross-reference
R_EX_4nphsf_e,EX_4nphsf_e,R_HMR_9224,Exchange/demand reactions,Exchange/demand reactions,exchange/demand prefix
R_EX_4pyrdx_e,EX_4pyrdx_e,R_HMR_9225,Exchange/demand reactions,Exchange/demand reactions,exchange/demand prefix
R_EX_5adtststerone_e,EX_5adtststerone_e,R_HMR_9226,Exchange/demand reactions,Exchange/demand reactions,exchange/demand prefix
R_EX_5adtststeroneglc_e,EX_5adtststeroneglc_e,R_HMR_9101,Exchange/demand reactions,Exchange/demand reactions,exchange/demand prefix
R_EX_5adtststerones_e,EX_5adtststerones_e,R_HMR_9227,Exchange/demand reactions,Exchange/demand reactions,exchange/demand prefix
R_EX_5dhf_e,EX_5dhf_e,R_HMR_9228,Exchange/demand reactions,Exchange/demand reactions,exchange/demand prefix
R_EX_5fthf_e,EX_5fthf_e,R_HMR_9100;R_HMR_9229,Exchange/demand reactions,Exchange/demand reactions,exchange/demand prefix
R_EX_5homeprazole_e,EX_5homeprazole_e,R_HMR_9230,Exchange/demand reactions,Exchange/demand reactions,exchange/demand prefix
R_EX_5htrp_e,EX_5htrp_e,R_HMR_9094;R_HMR_9231,Exchange/demand reactions,Exchange/demand reactions,exchange/demand prefix
R_EX_5mthf_e,EX_5mthf_e,R_HMR_9232,Exchange/demand reactions,Exchange/demand reactions,exchange/demand prefix
R_EX_5thf_e,EX_5thf_e,,Exchange/demand reactions,,exchange/demand prefix
R_EX_6dhf_e,EX_6dhf_e,R_HMR_9233,Exchange/demand reactions,Exchange/demand reactions,exchange/demand prefix
R_EX_6htststerone_e,EX_6htststerone_e,,Exchange/demand reactions,,exchange/demand prefix
R_EX_6thf_e,EX_6thf_e,R_HMR_9234,Exchange/demand reactions,Exchange/demand reactions,exchange/demand prefix
R_EX_7dhf_e,EX_7dhf_e,R_HMR_9235,Exchange/demand reactions,Exchange/demand reactions,exchange/demand prefix
R_EX_7thf_e,EX_7thf_e,R_HMR_9236,Exchange/demand reactions,Exchange/demand reactions,exchange/demand prefix
R_EX_9_cis_retfa_e,EX_9_cis_retfa_e,R_EX_9_cis_retfa__91__e__93__;R_HMR_9237,Exchange/demand reactions,Exchange/demand reactions,exchange/demand prefix
R_EX_clpnd_e,EX_clpnd_e,R_EX_clpnd__91__e__93__,Exchange/demand reactions,Exchange/demand reactions,exchange/demand prefix
R_EX_cysi__L_e,EX_cysi__L_e,,Exchange/demand reactions,,exchange/demand prefix
R_EX_Rtotal2_e,EX_Rtotal2_e,,Exchange/demand reactions,,exchange/demand prefix
R_EX_Rtotal3_e,EX_Rtotal3_e,,Exchange/demand reactions,,exchange/demand prefix
R_EX_Rtotal_e,EX_Rtotal_e,R_HMR_9406,Exchange/demand reactions,Exchange/demand reactions,exchange/demand prefix
R_EX_Tyr_ggn_e,EX_Tyr_ggn_e,R_HMR_9433,Exchange/demand reactions,Exchange/demand reactions,exchange/demand prefix
R_EX_abt_e,EX_abt_e,R_HMR_9238,Exchange/demand reactions,Exchange/demand reactions,exchange/demand prefix
R_EX_ac_e,EX_ac_e,R_HMR_9086;R_HMR_9239,Exchange/demand reactions,Exchange/demand reactions,exchange/demand prefix
R_EX_acac_e,EX_acac_e,R_HMR_9132;R_HMR_9240,Exchange/demand reactions,Exchange/demand reactions,exchange/demand prefix
R_EX_acald_e,EX_acald_e,R_HMR_9241,Exchange/demand reactions,Exchange/demand reactions,exchange/demand prefix
R_EX_acetone_e,EX_acetone_e,,Exchange/demand reactions,,exchange/demand prefix
R_EX_acgalfucgalacgalfuc12gal14acglcgalgluside_hs_e,EX_acgalfucgalacgalfuc12gal14acglcgalgluside_hs_e,,Exchange/demand reactions,,exchange/demand prefix
R_EX_acgalfucgalacgalfucgalacglcgal14acglcgalgluside_hs_e,EX_acgalfucgalacgalfucgalacglcgal14acglcgalgluside_hs_e,R_HMR_9242,Exchange/demand reactions,Exchange/demand reactions,exchange/demand prefix
R_EX_acgam_e,EX_acgam_e,R_HMR_9243,Exchange/demand reactions,Exchange/demand reactions,exchange/demand prefix
R_EX_ach_e,EX_ach_e,R_HMR_9244,Exchange/demand reactions,Exchange/demand reactions,exchange/demand prefix
R_EX_acn13acngalgbside_hs_e,EX_acn13acngalgbside_hs_e,R_HMR_9245,Exchange/demand reactions,Exchange/demand reactions,exchange/demand prefix
R_EX_acn23acngalgbside_hs_e,EX_acn23acngalgbside_hs_e,R_HMR_9246,Exchange/demand reactions,Exchange/demand reactions,exchange/demand prefix
R_EX_acnacngal14acglcgalgluside_hs_e,EX_acnacngal14acglcgalgluside_hs_e,R_HMR_9247,Exchange/demand reactions,Exchange/demand reactions,exchange/demand prefix
R_EX_acnacngalgbside_hs_e,EX_acnacngalgbside_hs_e,R_HMR_9248,Exchange/demand reactions,Exchange/demand reactions,exchange/demand prefix
R_EX_acngalacglcgal14acglcgalgluside_hs_e,EX_acngalacglcgal14acglcgalgluside_hs_e,R_HMR_9249,Exchange/demand reactions,Exchange/demand reactions,exchange/demand prefix
R_EX_ade_e,EX_ade_e,R_HMR_9250,Exchange/demand reactions,Exchange/demand reactions,exchange/demand prefix
R_EX_adn_e,EX_adn_e,R_HMR_9251,Exchange/demand reactions,Exchange/demand reactions,exchange/demand prefix
R_EX_adp_e,EX_adp_e,R_HMR_7781;R_HMR_9252,Exchange/demand reactions,Exchange/demand reactions;Transport reactions,exchange/demand prefix
R_EX_adprbp_e,EX_adprbp_e,R_HMR_9253,Exchange/demand reactions,Exchange/demand reactions,exchange/demand prefix
R_EX_adprib_e,EX_adprib_e,R_HMR_9141;R_HMR_9254,Exchange/demand reactions,Exchange/demand reactions,exchange/demand prefix
R_EX_adrn_e,EX_adrn_e,R_EX_adrn__91__e__93__;R_HMR_9255,Exchange/demand reactions,Exchange/demand reactions,exchange/demand prefix
R_EX_adrnl_e,EX_adrnl_e,R_HMR_9095;R_HMR_9256,Exchange/demand reactions,Exchange/demand reactions,exchange/demand prefix
R_EX_aflatoxin_e,EX_aflatoxin_e,,Exchange/demand reactions,,exchange/demand prefix
R_EX_ahandrostanglc_e,EX_ahandrostanglc_e,,Exchange/demand reactions,,exchange/demand prefix
R_EX_ak2lgchol_hs_e,EX_ak2lgchol_hs_e,R_HMR_7609,Exchange/demand reactions,Transport reactions,exchange/demand prefix
R_EX_akg_e,EX_akg_e,,Exchange/demand reactions,,exchange/demand prefix
R_EX_ala_B_e,EX_ala_B_e,R_HMR_9257,Exchange/demand reactions,Exchange/demand reactions,exchange/demand prefix
R_EX_ala__D_e,EX_ala__D_e,R_HMR_9098;R_HMR_9258,Exchange/demand reactions,Exchange/demand reactions,exchange/demand prefix
R_EX_ala__L_e,EX_ala__L_e,R_HMR_9061;R_HMR_9259,Exchange/demand reactions,Exchange/demand reactions,exchange/demand prefix
R_EX_aldstrn_e,EX_aldstrn_e,R_HMR_9260,Exchange/demand reactions,Exchange/demand reactions,exchange/demand prefix
R_EX_amp_e,EX_amp_e,,Exchange/demand reactions,,exchange/demand prefix
R_EX_andrstrn_e,EX_andrstrn_e,,Exchange/demand reactions,,exchange/demand prefix
R_EX_andrstrnglc_e,EX_andrstrnglc_e,R_HMR_9261,Exchange/demand reactions,Exchange/demand reactions,exchange/demand prefix
R_EX_antipyrene_e,EX_antipyrene_e,R_HMR_9262,Exchange/demand reactions,Exchange/demand reactions,exchange/demand prefix
R_EX_apnnox_e,EX_apnnox_e,R_HMR_9263,Exchange/demand reactions,Exchange/demand reactions,exchange/demand prefix
R_EX_appnn_e,EX_appnn_e,R_HMR_9264,Exchange/demand reactions,Exchange/demand reactions,exchange/demand prefix
R_EX_aprgstrn_e,EX_aprgstrn_e,R_HMR_9265,Exchange/demand reactions,Exchange/demand reactions,exchange/demand prefix
R_EX_aqcobal_e,EX_aqcobal_e,R_HMR_9266,Exchange/demand reactions,Exchange/demand reactions,exchange/demand prefix
R_EX_arab__L_e,EX_arab__L_e,R_HMR_9267,Exchange/demand reactions,Exchange/demand reactions,exchange/demand prefix
R_EX_arach_e,EX_arach_e,R_EX_arach__91__e__93__;R_HMR_9268,Exchange/demand reactions,Exchange/demand reactions,exchange/demand prefix
R_EX_arachd_e,EX_arachd_e,R_EX_arachd__91__e__93__;R_HMR_9269,Exchange/demand reactions,Exchange/demand reactions,exchange/demand prefix
R_EX_arg__L_e,EX_arg__L_e,R_HMR_9066;R_HMR_9270,Exchange/demand reactions,Exchange/demand reactions,exchange/demand prefix
R_EX_ascb__L_e,EX_ascb__L_e,R_HMR_9158,Exchange/demand reactions,Exchange/demand reactions,exchange/demand prefix
R_EX_asn__L_e,EX_asn__L_e,R_HMR_9062,Exchange/demand reactions,Exchange/demand reactions,exchange/demand prefix
R_EX_asp__D_e,EX_asp__D_e,R_HMR_9097,Exchange/demand reactions,Exchange/demand reactions,exchange/demand prefix
R_EX_asp__L_e,EX_asp__L_e,R_HMR_9070,Exchange/demand reactions,Exchange/demand reactions,exchange/demand prefix
R_EX_camp_e,EX_camp_e,,Exchange/demand reactions,,exchange/demand prefix
R_EX_caro_e,EX_caro_e,,Exchange/demand reactions,,exchange/demand prefix
R_EX_carveol_e,EX_carveol_e,,Exchange/demand reactions,,exchange/demand prefix
R_EX_cca_d3_e,EX_cca_d3_e,R_HMR_9275,Exchange/demand reactions,Exchange/demand reactions,exchange/demand prefix
R_EX_cgly_e,EX_cgly_e,R_HMR_9276,Exchange/demand reactions,Exchange/demand reactions,exchange/demand prefix
R_EX_chol_e,EX_chol_e,R_HMR_9083;R_HMR_9277,Exchange/demand reactions,Exchange/demand reactions,exchange/demand prefix
R_EX_cholate_e,EX_cholate_e,R_HMR_9278,Exchange/demand reactions,Exchange/demand reactions,exchange/demand prefix
R_EX_chsterol_e,EX_chsterol_e,R_HMR_9279,Exchange/demand reactions,Exchange/demand reactions,exchange/demand prefix
R_EX_chtn_e,EX_chtn_e,R_HMR_9166,Exchange/demand reactions,Exchange/demand reactions,exchange/demand prefix
R_EX_cit_e,EX_cit_e,R_HMR_9280,Exchange/demand reactions,Exchange/demand reactions,exchange/demand prefix
R_EX_cl_e,EX_cl_e,R_HMR_9150;R_HMR_9285,Exchange/demand reactions,Exchange/demand reactions,exchange/demand prefix
R_EX_cmp_e,EX_cmp_e,R_HMR_9286,Exchange/demand reactions,Exchange/demand reactions,exchange/demand prefix
R_EX_co2_e,EX_co2_e,R_HMR_9058,Exchange/demand reactions,Exchange/demand reactions,exchange/demand prefix
R_EX_co_e,EX_co_e,,Exchange/demand reactions,,exchange/demand prefix
R_EX_coumarin_e,EX_coumarin_e,R_HMR_9287,Exchange/demand reactions,Exchange/demand reactions,exchange/demand prefix
R_EX_creat_e,EX_creat_e,R_HMR_9288,Exchange/demand reactions,Exchange/demand reactions,exchange/demand prefix
R_EX_crmp_hs_e,EX_crmp_hs_e,R_EX_crmp_hs__91__e__93__,Exchange/demand reactions,Exchange/demand reactions,exchange/demand prefix
R_EX_crn_e,EX_crn_e,R_HMR_9289,Exchange/demand reactions,Exchange/demand reactions,exchange/demand prefix
R_EX_crvnc_e,EX_crvnc_e,R_EX_crvnc__91__e__93__;R_HMR_9292,Exchange/demand reactions,Exchange/demand reactions,exchange/demand prefix
R_EX_csn_e,EX_csn_e,R_HMR_9293,Exchange/demand reactions,Exchange/demand reactions,exchange/demand prefix
R_EX_cspg_a_e,EX_cspg_a_e,R_HMR_9117;R_HMR_9294,Exchange/demand reactions,Exchange/demand reactions,exchange/demand prefix
R_EX_cspg_b_e,EX_cspg_b_e,R_HMR_9118,Exchange/demand reactions,Exchange/demand reactions,exchange/demand prefix
R_EX_cspg_c_e,EX_cspg_c_e,R_HMR_9119;R_HMR_9291,Exchange/demand reactions,Exchange/demand reactions,exchange/demand prefix
R_EX_cspg_d_e,EX_cspg_d_e,R_HMR_9120,Exchange/demand reactions,Exchange/demand reactions,exchange/demand prefix
R_EX_cspg_e_e,EX_cspg_e_e,R_HMR_9121,Exchange/demand reactions,Exchange/demand reactions,exchange/demand prefix
R_EX_cyan_e,EX_cyan_e,R_HMR_9160,Exchange/demand reactions,Exchange/demand reactions,exchange/demand prefix
R_EX_cys__L_e,EX_cys__L_e,R_HMR_9065,Exchange/demand reactions,Exchange/demand reactions,exchange/demand prefix
R_EX_cytd_e,EX_cytd_e,,Exchange/demand reactions,,exchange/demand prefix
R_EX_dad_2_e,EX_dad_2_e,,Exchange/demand reactions,,exchange/demand prefix
R_EX_dad_5_e,EX_dad_5_e,,Exchange/demand reactions,,exchange/demand prefix
R_EX_dag_hs_e,EX_dag_hs_e,R_EX_dag_hs__91__e__93__;R_HMR_9295,Exchange/demand reactions,Exchange/demand reactions,exchange/demand prefix
R_EX_dcsptn1_e,EX_dcsptn1_e,R_EX_dcsptn1__91__e__93__;R_HMR_9297,Exchange/demand reactions,Exchange/demand reactions,exchange/demand prefix
R_EX_dcyt_e,EX_dcyt_e,R_HMR_9298,Exchange/demand reactions,Exchange/demand reactions,exchange/demand prefix
R_EX_debrisoquine_e,EX_debrisoquine_e,,Exchange/demand reactions,,exchange/demand prefix
R_EX_dgchol_e,EX_dgchol_e,,Exchange/demand reactions,,exchange/demand prefix
R_EX_dgsn_e,EX_dgsn_e,R_HMR_9296,Exchange/demand reactions,Exchange/demand reactions,exchange/demand prefix
R_EX_dhdascb_e,EX_dhdascb_e,R_HMR_9299,Exchange/demand reactions,Exchange/demand reactions,exchange/demand prefix
R_EX_dheas_e,EX_dheas_e,R_HMR_9283,Exchange/demand reactions,Exchange/demand reactions,exchange/demand prefix
R_EX_dhf_e,EX_dhf_e,,Exchange/demand reactions,,exchange/demand prefix
R_EX_digalsgalside_hs_e,EX_digalsgalside_hs_e,R_HMR_9300,Exchange/demand reactions,Exchange/demand reactions,exchange/demand prefix
R_EX_din_e,EX_din_e,R_HMR_9301,Exchange/demand reactions,Exchange/demand reactions,exchange/demand prefix
R_EX_dlnlcg_e,EX_dlnlcg_e,R_EX_dlnlcg__91__e__93__;R_HMR_9302,Exchange/demand reactions,Exchange/demand reactions,exchange/demand prefix
R_EX_dmantipyrine_e,EX_dmantipyrine_e,R_HMR_9303,Exchange/demand reactions,Exchange/demand reactions,exchange/demand prefix
R_EX_dmhptcrn_e,EX_dmhptcrn_e,R_HMR_9304,Exchange/demand reactions,Exchange/demand reactions,exchange/demand prefix
R_EX_dopa_e,EX_dopa_e,R_HMR_9092;R_HMR_9305,Exchange/demand reactions,Exchange/demand reactions,exchange/demand prefix
R_EX_dopasf_e,EX_dopasf_e,,Exchange/demand reactions,,exchange/demand prefix
R_EX_drib_e,EX_drib_e,R_HMR_9306,Exchange/demand reactions,Exchange/demand reactions,exchange/demand prefix
R_EX_atp_e,EX_atp_e,R_EX_atp__91__e__93__,Exchange/demand reactions,Exchange/demand reactions,exchange/demand prefix
R_EX_avite1_e,EX_avite1_e,R_HMR_9151,Exchange/demand reactions,Exchange/demand reactions,exchange/demand prefix
R_EX_avite2_e,EX_avite2_e,R_HMR_9152,Exchange/demand reactions,Exchange/demand reactions,exchange/demand prefix
R_EX_bhb_e,EX_bhb_e,R_HMR_9134,Exchange/demand reactions,Exchange/demand reactions,exchange/demand prefix
R_EX_bildglcur_e,EX_bildglcur_e,,Exchange/demand reactions,,exchange/demand prefix
R_EX_bilglcur_e,EX_bilglcur_e,,Exchange/demand reactions,,exchange/demand prefix
R_EX_bilirub_e,EX_bilirub_e,,Exchange/demand reactions,,exchange/demand prefix
R_EX_biocyt_e,EX_biocyt_e,R_HMR_9110;R_HMR_9271,Exchange/demand reactions,Exchange/demand reactions,exchange/demand prefix
R_EX_btn_e,EX_btn_e,R_HMR_9109;R_HMR_9272,Exchange/demand reactions,Exchange/demand reactions,exchange/demand prefix
R_EX_but_e,EX_but_e,R_HMR_9273,Exchange/demand reactions,Exchange/demand reactions,exchange/demand prefix
R_EX_bvite_e,EX_bvite_e,R_EX_bvite__91__e__93__,Exchange/demand reactions,Exchange/demand reactions,exchange/demand prefix
R_EX_bz_e,EX_bz_e,R_EX_bz__91__e__93__,Exchange/demand reactions,Exchange/demand reactions,exchange/demand prefix
R_EX_ca2_e,EX_ca2_e,R_HMR_9082,Exchange/demand reactions,Exchange/demand reactions,exchange/demand prefix
R_EX_galgalfucfucgalacglcgalacglcgal14acglcgalgluside_hs_e,EX_galgalfucfucgalacglcgalacglcgal14acglcgalgluside_hs_e,,Exchange/demand reactions,,exchange/demand prefix
R_EX_galgalgalthcrm_hs_e,EX_galgalgalthcrm_hs_e,R_HMR_9331,Exchange/demand reactions,Exchange/demand reactions,exchange/demand prefix
R_EX_gam_e,EX_gam_e,R_HMR_9168;R_HMR_9332,Exchange/demand reactions,Exchange/demand reactions,exchange/demand prefix
R_EX_gbside_hs_e,EX_gbside_hs_e,R_HMR_9333,Exchange/demand reactions,Exchange/demand reactions,exchange/demand prefix
R_EX_gchola_e,EX_gchola_e,R_HMR_9334,Exchange/demand reactions,Exchange/demand reactions,exchange/demand prefix
R_EX_duri_e,EX_duri_e,R_HMR_9307,Exchange/demand reactions,Exchange/demand reactions,exchange/demand prefix
R_EX_eaflatoxin_e,EX_eaflatoxin_e,,Exchange/demand reactions,,exchange/demand prefix
R_EX_ebastine_e,EX_ebastine_e,R_HMR_9308,Exchange/demand reactions,Exchange/demand reactions,exchange/demand prefix
R_EX_ebastineoh_e,EX_ebastineoh_e,R_HMR_9309,Exchange/demand reactions,Exchange/demand reactions,exchange/demand prefix
R_EX_eicostet_e,EX_eicostet_e,R_EX_eicostet__91__e__93__;R_HMR_9310,Exchange/demand reactions,Exchange/demand reactions,exchange/demand prefix
R_EX_elaid_e,EX_elaid_e,R_EX_elaid__91__e__93__;R_HMR_9311,Exchange/demand reactions,Exchange/demand reactions,exchange/demand prefix
R_EX_estradiolglc_e,EX_estradiolglc_e,R_HMR_9129;R_HMR_9313,Exchange/demand reactions,Exchange/demand reactions,exchange/demand prefix
R_EX_estriolglc_e,EX_estriolglc_e,,Exchange/demand reactions,,exchange/demand prefix
R_EX_estroneglc_e,EX_estroneglc_e,,Exchange/demand reactions,,exchange/demand prefix
R_EX_estrones_e,EX_estrones_e,R_HMR_9314,Exchange/demand reactions,Exchange/demand reactions,exchange/demand prefix
R_EX_gd1b2_hs_e,EX_gd1b2_hs_e,R_HMR_9335,Exchange/demand reactions,Exchange/demand reactions,exchange/demand prefix
R_EX_gd1c_hs_e,EX_gd1c_hs_e,,Exchange/demand reactions,,exchange/demand prefix
R_EX_etoh_e,EX_etoh_e,R_HMR_9099,Exchange/demand reactions,Exchange/demand reactions,exchange/demand prefix
R_ARGt5r,ARGt5r,R_HMR_5068,Transport reactions,Transport reactions,Human1 BiGG cross-reference
R_EX_fe2_e,EX_fe2_e,R_HMR_9076;R_HMR_9315,Exchange/demand reactions,Exchange/demand reactions,exchange/demand prefix
R_EX_fe3_e,EX_fe3_e,R_HMR_9096;R_HMR_9316,Exchange/demand reactions,Exchange/demand reactions,exchange/demand prefix
R_EX_gdchola_e,EX_gdchola_e,R_HMR_9336,Exchange/demand reactions,Exchange/demand reactions,exchange/demand prefix
R_EX_gdp_e,EX_gdp_e,R_HMR_9281,Exchange/demand reactions,Exchange/demand reactions,exchange/demand prefix
R_EX_glc__D_e,EX_glc__D_e,R_HMR_9034;R_HMR_9337,Exchange/demand reactions,Exchange/demand reactions,exchange/demand prefix
R_ARGtm,ARGtm,R_ARGtm;R_HMR_6323;R_HMR_6324,Transport reactions,Transport reactions,Human1 BiGG cross-reference
R_EX_gln__L_e,EX_gln__L_e,R_HMR_9063;R_HMR_9339,Exchange/demand reactions,Exchange/demand reactions,exchange/demand prefix
R_EX_glu__L_e,EX_glu__L_e,R_HMR_9071,Exchange/demand reactions,Exchange/demand reactions,exchange/demand prefix
R_EX_fol_e,EX_fol_e,R_HMR_9146;R_HMR_9317,Exchange/demand reactions,Exchange/demand reactions,exchange/demand prefix
R_EX_for_e,EX_for_e,,Exchange/demand reactions,,exchange/demand prefix
R_EX_fru_e,EX_fru_e,R_HMR_9139,Exchange/demand reactions,Exchange/demand reactions,exchange/demand prefix
R_EX_fuc13galacglcgal14acglcgalgluside_hs_e,EX_fuc13galacglcgal14acglcgalgluside_hs_e,,Exchange/demand reactions,,exchange/demand prefix
R_EX_gluala_e,EX_gluala_e,R_HMR_9340,Exchange/demand reactions,Exchange/demand reactions,exchange/demand prefix
R_EX_fuc14galacglcgalgluside_hs_e,EX_fuc14galacglcgalgluside_hs_e,,Exchange/demand reactions,,exchange/demand prefix
R_ARSA,ARSA,R_HMR_8209,Sphingolipid metabolism,Sphingolipid metabolism,Human1 BiGG cross-reference
R_EX_fuc__L_e,EX_fuc__L_e,R_HMR_9326,Exchange/demand reactions,Exchange/demand reactions,exchange/demand prefix
R_EX_fucacgalfucgalacglcgalgluside_hs_e,EX_fucacgalfucgalacglcgalgluside_hs_e,R_HMR_9318,Exchange/demand reactions,Exchange/demand reactions,exchange/demand prefix
R_EX_fucacngal14acglcgalgluside_hs_e,EX_fucacngal14acglcgalgluside_hs_e,,Exchange/demand reactions,,exchange/demand prefix
R_EX_fucacngalacglcgalgluside_hs_e,EX_fucacngalacglcgalgluside_hs_e,R_HMR_9319,Exchange/demand reactions,Exchange/demand reactions,exchange/demand prefix
R_EX_gly_e,EX_gly_e,R_HMR_9067,Exchange/demand reactions,Exchange/demand reactions,exchange/demand prefix
R_EX_glyb_e,EX_glyb_e,R_HMR_9338,Exchange/demand reactions,Exchange/demand reactions,exchange/demand prefix
R_EX_glyc_e,EX_glyc_e,R_HMR_9085,Exchange/demand reactions,Exchange/demand reactions,exchange/demand prefix
R_EX_glyc__S_e,EX_glyc__S_e,R_EX_glyc_S__91__e__93__,Exchange/demand reactions,Exchange/demand reactions,exchange/demand prefix
R_EX_glygn2_e,EX_glygn2_e,R_EX_glygn2__91__e__93__;R_HMR_9341,Exchange/demand reactions,Exchange/demand reactions,exchange/demand prefix
R_EX_fucfuc12gal14acglcgalgluside_hs_e,EX_fucfuc12gal14acglcgalgluside_hs_e,R_EX_fucfuc12gal14acglcgalgluside_hs__91__e__93__;R_HMR_9320,Exchange/demand reactions,Exchange/demand reactions,exchange/demand prefix
R_EX_fucfuc132galacglcgal14acglcgalgluside_hs_e,EX_fucfuc132galacglcgal14acglcgalgluside_hs_e,,Exchange/demand reactions,,exchange/demand prefix
R_EX_fucfucfucgalacglc13galacglcgal14acglcgalgluside_hs_e,EX_fucfucfucgalacglc13galacglcgal14acglcgalgluside_hs_e,,Exchange/demand reactions,,exchange/demand prefix
R_EX_glygn4_e,EX_glygn4_e,R_EX_glygn4__91__e__93__,Exchange/demand reactions,Exchange/demand reactions,exchange/demand prefix
R_ARTCOAL1,ARTCOAL1,,Unassigned,,unmapped
R_EX_glygn5_e,EX_glygn5_e,R_EX_glygn5__91__e__93__;R_HMR_9342,Exchange/demand reactions,Exchange/demand reactions,exchange/demand prefix
R_EX_gmp_e,EX_gmp_e,,Exchange/demand reactions,,exchange/demand prefix
R_EX_fucfucfucgalacglcgal14acglcgalgluside_hs_e,EX_fucfucfucgalacglcgal14acglcgalgluside_hs_e,R_HMR_9321,Exchange/demand reactions,Exchange/demand reactions,exchange/demand prefix
R_EX_fucfucgalacglcgalgluside_hs_e,EX_fucfucgalacglcgalgluside_hs_e,R_EX_fucfucgalacglcgalgluside_hs__91__e__93__;R_HMR_9322,Exchange/demand reactions,Exchange/demand reactions,exchange/demand prefix
R_EX_fucgal14acglcgalgluside_hs_e,EX_fucgal14acglcgalgluside_hs_e,R_HMR_9323,Exchange/demand reactions,Exchange/demand reactions,exchange/demand prefix
R_EX_fucgalfucgalacglcgalgluside_hs_e,EX_fucgalfucgalacglcgalgluside_hs_e,R_HMR_9324,Exchange/demand reactions,Exchange/demand reactions,exchange/demand prefix
R_EX_gp1c_hs_e,EX_gp1c_hs_e,,Exchange/demand reactions,,exchange/demand prefix
R_EX_gp1calpha_hs_e,EX_gp1calpha_hs_e,,Exchange/demand reactions,,exchange/demand prefix
R_ARTCOAL2,ARTCOAL2,,Unassigned,,unmapped
R_EX_gq1b_hs_e,EX_gq1b_hs_e,R_HMR_9343,Exchange/demand reactions,Exchange/demand reactions,exchange/demand prefix
R_EX_gq1balpha_hs_e,EX_gq1balpha_hs_e,R_HMR_9344,Exchange/demand reactions,Exchange/demand reactions,exchange/demand prefix
R_EX_gsn_e,EX_gsn_e,R_HMR_9345,Exchange/demand reactions,Exchange/demand reactions,exchange/demand prefix
R_EX_gt1a_hs_e,EX_gt1a_hs_e,R_HMR_9346,Exchange/demand reactions,Exchange/demand reactions,exchange/demand prefix
R_EX_gthox_e,EX_gthox_e,R_HMR_9347,Exchange/demand reactions,Exchange/demand reactions,exchange/demand prefix
R_EX_fucgalgbside_hs_e,EX_fucgalgbside_hs_e,R_HMR_9325,Exchange/demand reactions,Exchange/demand reactions,exchange/demand prefix
R_EX_gal_e,EX_gal_e,R_HMR_9140;R_HMR_9327,Exchange/demand reactions,Exchange/demand reactions,exchange/demand prefix
R_EX_galacglcgalgbside_hs_e,EX_galacglcgalgbside_hs_e,R_HMR_9328,Exchange/demand reactions,Exchange/demand reactions,exchange/demand prefix
R_EX_galfuc12gal14acglcgalgluside_hs_e,EX_galfuc12gal14acglcgalgluside_hs_e,R_HMR_9329,Exchange/demand reactions,Exchange/demand reactions,exchange/demand prefix
R_EX_galfucgalacglcgal14acglcgalgluside_hs_e,EX_galfucgalacglcgal14acglcgalgluside_hs_e,R_HMR_9330,Exchange/demand reactions,Exchange/demand reactions,exchange/demand prefix
R_EX_gthrd_e,EX_gthrd_e,R_HMR_9348,Exchange/demand reactions,Exchange/demand reactions,exchange/demand prefix
R_EX_gtp_e,EX_gtp_e,R_HMR_9349,Exchange/demand reactions,Exchange/demand reactions,exchange/demand prefix
R_ARTCOAL3,ARTCOAL3,,Unassigned,,unmapped
R_EX_gua_e,EX_gua_e,R_HMR_9350,Exchange/demand reactions,Exchange/demand reactions,exchange/demand prefix
R_EX_h2o2_e,EX_h2o2_e,R_HMR_9353,Exchange/demand reactions,Exchange/demand reactions,exchange/demand prefix
R_EX_met__L_e,EX_met__L_e,R_HMR_9042;R_HMR_9372,Exchange/demand reactions,Exchange/demand reactions,exchange/demand prefix
R_EX_h2o_e,EX_h2o_e,R_HMR_9047;R_HMR_9352,Exchange/demand reactions,Exchange/demand reactions,exchange/demand prefix
R_ARTFR11,ARTFR11,,Unassigned,,unmapped
R_EX_h_e,EX_h_e,R_HMR_9079;R_HMR_9351,Exchange/demand reactions,Exchange/demand reactions,exchange/demand prefix
R_EX_mthgxl_e,EX_mthgxl_e,R_HMR_9373,Exchange/demand reactions,Exchange/demand reactions,exchange/demand prefix
R_EX_n2m2nmasn_e,EX_n2m2nmasn_e,R_HMR_9126;R_HMR_9374,Exchange/demand reactions,Exchange/demand reactions,exchange/demand prefix
R_ARTFR12,ARTFR12,,Unassigned,,unmapped
R_EX_na1_e,EX_na1_e,R_HMR_9077,Exchange/demand reactions,Exchange/demand reactions,exchange/demand prefix
R_EX_ha_e,EX_ha_e,R_HMR_9122,Exchange/demand reactions,Exchange/demand reactions,exchange/demand prefix
R_EX_ha_pre1_e,EX_ha_pre1_e,R_HMR_9123,Exchange/demand reactions,Exchange/demand reactions,exchange/demand prefix
R_EX_nac_e,EX_nac_e,R_HMR_9142;R_HMR_9375,Exchange/demand reactions,Exchange/demand reactions,exchange/demand prefix
R_ARTFR13,ARTFR13,,Unassigned,,unmapped
R_EX_nad_e,EX_nad_e,R_HMR_7774,Exchange/demand reactions,Transport reactions,exchange/demand prefix
R_EX_hco3_e,EX_hco3_e,R_HMR_9078;R_HMR_9354,Exchange/demand reactions,Exchange/demand reactions,exchange/demand prefix
R_EX_hcoumarin_e,EX_hcoumarin_e,,Exchange/demand reactions,,exchange/demand prefix
R_EX_hdca_e,EX_hdca_e,R_EX_hdca__91__e__93__,Exchange/demand reactions,Exchange/demand reactions,exchange/demand prefix
R_EX_nadp_e,EX_nadp_e,,Exchange/demand reactions,,exchange/demand prefix
R_EX_hdcea_e,EX_hdcea_e,R_EX_hdcea__91__e__93__,Exchange/demand reactions,Exchange/demand reactions,exchange/demand prefix
R_EX_ncam_e,EX_ncam_e,,Exchange/demand reactions,,exchange/demand prefix
R_ARTFR202,ARTFR202,,Unassigned,,unmapped
R_EX_nh4_e,EX_nh4_e,R_EX_nh4__91__e__93__;R_HMR_5128;R_HMR_9073;R_HMR_9376,Exchange/demand reactions,Exchange/demand reactions;Miscellaneous,exchange/demand prefix
R_EX_nifedipine_e,EX_nifedipine_e,R_HMR_9377,Exchange/demand reactions,Exchange/demand reactions,exchange/demand prefix
R_EX_no_e,EX_no_e,R_HMR_9378,Exchange/demand reactions,Exchange/demand reactions,exchange/demand prefix
R_EX_npthl_e,EX_npthl_e,,Exchange/demand reactions,,exchange/demand prefix
R_EX_nrpphr_e,EX_nrpphr_e,R_HMR_9093;R_HMR_9379,Exchange/demand reactions,Exchange/demand reactions,exchange/demand prefix
R_EX_nrpphrsf_e,EX_nrpphrsf_e,R_HMR_9381,Exchange/demand reactions,Exchange/demand reactions,exchange/demand prefix
R_EX_nrvnc_e,EX_nrvnc_e,R_EX_nrvnc__91__e__93__,Exchange/demand reactions,Exchange/demand reactions,exchange/demand prefix
R_EX_hestratriol_e,EX_hestratriol_e,R_HMR_9356,Exchange/demand reactions,Exchange/demand reactions,exchange/demand prefix
R_EX_hexc_e,EX_hexc_e,R_EX_hexc__91__e__93__,Exchange/demand reactions,Exchange/demand reactions,exchange/demand prefix
R_EX_his__L_e,EX_his__L_e,R_HMR_9038,Exchange/demand reactions,Exchange/demand reactions,exchange/demand prefix
R_EX_hista_e,EX_hista_e,R_EX_hista__91__e__93__;R_HMR_9355,Exchange/demand reactions,Exchange/demand reactions,exchange/demand prefix
R_EX_hom__L_e,EX_hom__L_e,R_HMR_9161,Exchange/demand reactions,Exchange/demand reactions,exchange/demand prefix
R_EX_hpdca_e,EX_hpdca_e,R_EX_hpdca__91__e__93__,Exchange/demand reactions,Exchange/demand reactions,exchange/demand prefix
R_EX_hspg_e,EX_hspg_e,R_HMR_9111,Exchange/demand reactions,Exchange/demand reactions,exchange/demand prefix
R_EX_htaxol_e,EX_htaxol_e,,Exchange/demand reactions,,exchange/demand prefix
R_EX_o2_e,EX_o2_e,R_HMR_9048,Exchange/demand reactions,Exchange/demand reactions,exchange/demand prefix
R_EX_o2s_e,EX_o2s_e,R_HMR_9382,Exchange/demand reactions,Exchange/demand reactions,exchange/demand prefix
R_EX_oagd3_hs_e,EX_oagd3_hs_e,,Exchange/demand reactions,,exchange/demand prefix
R_EX_oagt3_hs_e,EX_oagt3_hs_e,,Exchange/demand reactions,,exchange/demand prefix
R_EX_hxan_e,EX_hxan_e,,Exchange/demand reactions,,exchange/demand prefix
R_ARTFR203,ARTFR203,,Unassigned,,unmapped
R_EX_i_e,EX_i_e,R_HMR_9148,Exchange/demand reactions,Exchange/demand reactions,exchange/demand prefix
R_EX_idp_e,EX_idp_e,R_HMR_9357,Exchange/demand reactions,Exchange/demand reactions,exchange/demand prefix
R_EX_ile__L_e,EX_ile__L_e,R_HMR_9039;R_HMR_9358,Exchange/demand reactions,Exchange/demand reactions,exchange/demand prefix
R_EX_ocdca_e,EX_ocdca_e,R_EX_ocdca__91__e__93__;R_HMR_9383,Exchange/demand reactions,Exchange/demand reactions,exchange/demand prefix
R_EX_ocdcea_e,EX_ocdcea_e,R_EX_ocdcea__91__e__93__;R_HMR_9384,Exchange/demand reactions,Exchange/demand reactions,exchange/demand prefix
R_EX_octa_e,EX_octa_e,R_HMR_9385,Exchange/demand reactions,Exchange/demand reactions,exchange/demand prefix
R_EX_oh1_e,EX_oh1_e,,Exchange/demand reactions,,exchange/demand prefix
R_EX_imp_e,EX_imp_e,,Exchange/demand reactions,,exchange/demand prefix
R_EX_omeprazole_e,EX_omeprazole_e,,Exchange/demand reactions,,exchange/demand prefix
R_ARTFR204,ARTFR204,,Unassigned,,unmapped
R_EX_onpthl_e,EX_onpthl_e,,Exchange/demand reactions,,exchange/demand prefix
R_EX_orn_e,EX_orn_e,R_HMR_9386,Exchange/demand reactions,Exchange/demand reactions,exchange/demand prefix
R_EX_inost_e,EX_inost_e,R_HMR_9359,Exchange/demand reactions,Exchange/demand reactions,exchange/demand prefix
R_EX_ins_e,EX_ins_e,,Exchange/demand reactions,,exchange/demand prefix
R_EX_k_e,EX_k_e,R_HMR_9081;R_HMR_9360,Exchange/demand reactions,Exchange/demand reactions,exchange/demand prefix
R_ARTFR205,ARTFR205,,Unassigned,,unmapped
R_EX_ksi_e,EX_ksi_e,R_HMR_9113;R_HMR_9361,Exchange/demand reactions,Exchange/demand reactions,exchange/demand prefix
R_EX_ksi_deg1_e,EX_ksi_deg1_e,R_HMR_9114;R_HMR_9362,Exchange/demand reactions,Exchange/demand reactions,exchange/demand prefix
R_EX_ksii_core2_e,EX_ksii_core2_e,R_HMR_9115,Exchange/demand reactions,Exchange/demand reactions,exchange/demand prefix
R_EX_ksii_core4_e,EX_ksii_core4_e,R_HMR_9116,Exchange/demand reactions,Exchange/demand reactions,exchange/demand prefix
R_EX_oxa_e,EX_oxa_e,R_HMR_9387,Exchange/demand reactions,Exchange/demand reactions,exchange/demand prefix
R_EX_paf_hs_e,EX_paf_hs_e,R_HMR_9171;R_HMR_9388,Exchange/demand reactions,Exchange/demand reactions,exchange/demand prefix
R_EX_pchol_hs_e,EX_pchol_hs_e,R_EX_pchol_hs__91__e__93__,Exchange/demand reactions,Exchange/demand reactions,exchange/demand prefix
R_EX_pe_hs_e,EX_pe_hs_e,R_EX_pe_hs__91__e__93__;R_HMR_9165,Exchange/demand reactions,Exchange/demand reactions,exchange/demand prefix
R_EX_peplys_e,EX_peplys_e,,Exchange/demand reactions,,exchange/demand prefix
R_EX_perillyl_e,EX_perillyl_e,,Exchange/demand reactions,,exchange/demand prefix
R_EX_pglyc_hs_e,EX_pglyc_hs_e,R_EX_pglyc_hs__91__e__93__,Exchange/demand reactions,Exchange/demand reactions,exchange/demand prefix
R_EX_lac__D_e,EX_lac__D_e,R_HMR_9136,Exchange/demand reactions,Exchange/demand reactions,exchange/demand prefix
R_EX_lac__L_e,EX_lac__L_e,R_HMR_9135,Exchange/demand reactions,Exchange/demand reactions,exchange/demand prefix
R_EX_phe__L_e,EX_phe__L_e,R_HMR_9043;R_HMR_9390,Exchange/demand reactions,Exchange/demand reactions,exchange/demand prefix
R_EX_lcts_e,EX_lcts_e,R_HMR_9102,Exchange/demand reactions,Exchange/demand reactions,exchange/demand prefix
R_ARTFR206,ARTFR206,,Unassigned,,unmapped
R_EX_leu__L_e,EX_leu__L_e,R_HMR_9040;R_HMR_9367,Exchange/demand reactions,Exchange/demand reactions,exchange/demand prefix
R_EX_leuktrC4_e,EX_leuktrC4_e,R_HMR_9363,Exchange/demand reactions,Exchange/demand reactions,exchange/demand prefix
R_EX_lgnc_e,EX_lgnc_e,R_EX_lgnc__91__e__93__;R_HMR_9368,Exchange/demand reactions,Exchange/demand reactions,exchange/demand prefix
R_EX_pheacgln_e,EX_pheacgln_e,R_HMR_9389;R_HMR_9391,Exchange/demand reactions,Exchange/demand reactions,exchange/demand prefix
R_EX_pheme_e,EX_pheme_e,R_HMR_9107,Exchange/demand reactions,Exchange/demand reactions,exchange/demand prefix
R_EX_phllqne_e,EX_phllqne_e,,Exchange/demand reactions,,exchange/demand prefix
R_EX_phyt_e,EX_phyt_e,R_EX_phyt__91__e__93__,Exchange/demand reactions,Exchange/demand reactions,exchange/demand prefix
R_EX_limnen_e,EX_limnen_e,,Exchange/demand reactions,,exchange/demand prefix
R_EX_pi_e,EX_pi_e,R_HMR_9072,Exchange/demand reactions,Exchange/demand reactions,exchange/demand prefix
R_ARTFR207,ARTFR207,,Unassigned,,unmapped
R_EX_pnto__R_e,EX_pnto__R_e,R_HMR_9145;R_HMR_9392,Exchange/demand reactions,Exchange/demand reactions,exchange/demand prefix
R_EX_lipoate_e,EX_lipoate_e,R_HMR_9167,Exchange/demand reactions,Exchange/demand reactions,exchange/demand prefix
R_EX_lneldc_e,EX_lneldc_e,R_EX_lneldc__91__e__93__,Exchange/demand reactions,Exchange/demand reactions,exchange/demand prefix
R_EX_ppa_e,EX_ppa_e,,Exchange/demand reactions,,exchange/demand prefix
R_ARTFR208,ARTFR208,,Unassigned,,unmapped
R_EX_pro__D_e,EX_pro__D_e,,Exchange/demand reactions,,exchange/demand prefix
R_EX_lnlc_e,EX_lnlc_e,R_HMR_9035;R_HMR_9369,Exchange/demand reactions,Exchange/demand reactions,exchange/demand prefix
R_EX_lnlnca_e,EX_lnlnca_e,R_HMR_9036,Exchange/demand reactions,Exchange/demand reactions,exchange/demand prefix
R_EX_lnlncg_e,EX_lnlncg_e,R_EX_lnlncg__91__e__93__,Exchange/demand reactions,Exchange/demand reactions,exchange/demand prefix
R_EX_pro__L_e,EX_pro__L_e,R_HMR_9068,Exchange/demand reactions,Exchange/demand reactions,exchange/demand prefix
R_EX_prostgd2_e,EX_prostgd2_e,R_HMR_9393,Exchange/demand reactions,Exchange/demand reactions,exchange/demand prefix
R_EX_prostge1_e,EX_prostge1_e,R_HMR_9394,Exchange/demand reactions,Exchange/demand reactions,exchange/demand prefix
R_EX_prostge2_e,EX_prostge2_e,,Exchange/demand reactions,,exchange/demand prefix
R_EX_prostgf2_e,EX_prostgf2_e,R_HMR_9395,Exchange/demand reactions,Exchange/demand reactions,exchange/demand prefix
R_EX_lpchol_hs_e,EX_lpchol_hs_e,R_EX_lpchol_hs__91__e__93__,Exchange/demand reactions,Exchange/demand reactions,exchange/demand prefix
R_EX_lys__L_e,EX_lys__L_e,R_HMR_9041,Exchange/demand reactions,Exchange/demand reactions,exchange/demand prefix
R_EX_mag_hs_e,EX_mag_hs_e,R_EX_mag_hs__91__e__93__,Exchange/demand reactions,Exchange/demand reactions,exchange/demand prefix
R_EX_malt_e,EX_malt_e,,Exchange/demand reactions,,exchange/demand prefix
R_EX_ps_hs_e,EX_ps_hs_e,R_EX_ps_hs__91__e__93__;R_HMR_9396,Exchange/demand reactions,Exchange/demand reactions,exchange/demand prefix
R_EX_malttr_e,EX_malttr_e,,Exchange/demand reactions,,exchange/demand prefix
R_EX_ptdca_e,EX_ptdca_e,R_EX_ptdca__91__e__93__;R_HMR_9397,Exchange/demand reactions,Exchange/demand reactions,exchange/demand prefix
R_EX_man_e,EX_man_e,R_HMR_9137,Exchange/demand reactions,Exchange/demand reactions,exchange/demand prefix
R_ARTFR209,ARTFR209,,Unassigned,,unmapped
R_EX_meoh_e,EX_meoh_e,R_HMR_9370,Exchange/demand reactions,Exchange/demand reactions,exchange/demand prefix
R_EX_pydam_e,EX_pydam_e,R_HMR_9398,Exchange/demand reactions,Exchange/demand reactions,exchange/demand prefix
R_EX_pydx_e,EX_pydx_e,,Exchange/demand reactions,,exchange/demand prefix
R_EX_pydxn_e,EX_pydxn_e,R_HMR_9144,Exchange/demand reactions,Exchange/demand reactions,exchange/demand prefix
R_EX_mepi_e,EX_mepi_e,R_HMR_9371,Exchange/demand reactions,Exchange/demand reactions,exchange/demand prefix
R_EX_mercplaccys_e,EX_mercplaccys_e,,Exchange/demand reactions,,exchange/demand prefix
R_EX_pyr_e,EX_pyr_e,R_HMR_9133;R_HMR_9399,Exchange/demand reactions,Exchange/demand reactions,exchange/demand prefix
R_ARTFR210,ARTFR210,,Unassigned,,unmapped
R_EX_rbt_e,EX_rbt_e,R_HMR_9400,Exchange/demand reactions,Exchange/demand reactions,exchange/demand prefix
R_EX_retfa_e,EX_retfa_e,R_EX_retfa__91__e__93__,Exchange/demand reactions,Exchange/demand reactions,exchange/demand prefix
R_EX_tag__D_e,EX_tag__D_e,,Exchange/demand reactions,,exchange/demand prefix
R_EX_retinol_9_cis_e,EX_retinol_9_cis_e,R_EX_retinol_9_cis__91__e__93__;R_HMR_9401,Exchange/demand reactions,Exchange/demand reactions,exchange/demand prefix
R_ARTFR211,ARTFR211,,Unassigned,,unmapped
R_EX_retinol_e,EX_retinol_e,R_HMR_9147,Exchange/demand reactions,Exchange/demand reactions,exchange/demand prefix
R_EX_retinol_cis_11_e,EX_retinol_cis_11_e,R_EX_retinol_cis_11__91__e__93__,Exchange/demand reactions,Exchange/demand reactions,exchange/demand prefix
R_EX_taur_e,EX_taur_e,,Exchange/demand reactions,,exchange/demand prefix
R_EX_taxol_e,EX_taxol_e,R_HMR_9417,Exchange/demand reactions,Exchange/demand reactions,exchange/demand prefix
R_EX_retn_e,EX_retn_e,,Exchange/demand reactions,,exchange/demand prefix
R_ARTFR212,ARTFR212,,Unassigned,,unmapped
R_EX_retnglc_e,EX_retnglc_e,,Exchange/demand reactions,,exchange/demand prefix
R_EX_retpalm_e,EX_retpalm_e,,Exchange/demand reactions,,exchange/demand prefix
R_EX_tchola_e,EX_tchola_e,R_HMR_9418,Exchange/demand reactions,Exchange/demand reactions,exchange/demand prefix
R_EX_tcynt_e,EX_tcynt_e,R_HMR_9419,Exchange/demand reactions,Exchange/demand reactions,exchange/demand prefix
R_EX_tdchola_e,EX_tdchola_e,R_HMR_9282,Exchange/demand reactions,Exchange/demand reactions,exchange/demand prefix
R_EX_tethex3_e,EX_tethex3_e,R_EX_tethex3__91__e__93__;R_HMR_9420,Exchange/demand reactions,Exchange/demand reactions,exchange/demand prefix
R_EX_tetpent3_e,EX_tetpent3_e,R_EX_tetpent3__91__e__93__;R_HMR_9284,Exchange/demand reactions,Exchange/demand reactions,exchange/demand prefix
R_EX_tetpent6_e,EX_tetpent6_e,R_EX_tetpent6__91__e__93__,Exchange/demand reactions,Exchange/demand reactions,exchange/demand prefix
R_EX_rib__D_e,EX_rib__D_e,R_HMR_9404,Exchange/demand reactions,Exchange/demand reactions,exchange/demand prefix
R_EX_ribflv_e,EX_ribflv_e,R_HMR_9143;R_HMR_9405,Exchange/demand reactions,Exchange/demand reactions,exchange/demand prefix
R_EX_s2l2fn2m2masn_e,EX_s2l2fn2m2masn_e,R_HMR_9125,Exchange/demand reactions,Exchange/demand reactions,exchange/demand prefix
R_EX_s2l2n2m2masn_e,EX_s2l2n2m2masn_e,R_HMR_9124,Exchange/demand reactions,Exchange/demand reactions,exchange/demand prefix
R_EX_tettet6_e,EX_tettet6_e,R_EX_tettet6__91__e__93__,Exchange/demand reactions,Exchange/demand reactions,exchange/demand prefix
R_EX_thf_e,EX_thf_e,,Exchange/demand reactions,,exchange/demand prefix
R_EX_thm_e,EX_thm_e,R_HMR_9159,Exchange/demand reactions,Exchange/demand reactions,exchange/demand prefix
R_EX_sarcs_e,EX_sarcs_e,R_HMR_9131,Exchange/demand reactions,Exchange/demand reactions,exchange/demand prefix
R_ARTFR213,ARTFR213,,Unassigned,,unmapped
R_EX_sel_e,EX_sel_e,R_HMR_9169,Exchange/demand reactions,Exchange/demand reactions,exchange/demand prefix
R_EX_ser__D_e,EX_ser__D_e,,Exchange/demand reactions,,exchange/demand prefix
R_EX_thmmp_e,EX_thmmp_e,R_HMR_9105;R_HMR_9421,Exchange/demand reactions,Exchange/demand reactions,exchange/demand prefix
R_EX_ser__L_e,EX_ser__L_e,R_HMR_9069,Exchange/demand reactions,Exchange/demand reactions,exchange/demand prefix
R_EX_thmtp_e,EX_thmtp_e,R_HMR_9106,Exchange/demand reactions,Exchange/demand reactions,exchange/demand prefix
R_ARTFR31,ARTFR31,,Unassigned,,unmapped
R_EX_thr__L_e,EX_thr__L_e,R_HMR_9044,Exchange/demand reactions,Exchange/demand reactions,exchange/demand prefix
R_EX_thym_e,EX_thym_e,,Exchange/demand reactions,,exchange/demand prefix
R_EX_sl__L_e,EX_sl__L_e,R_HMR_9407,Exchange/demand reactions,Exchange/demand reactions,exchange/demand prefix
R_EX_so4_e,EX_so4_e,,Exchange/demand reactions,,exchange/demand prefix
R_EX_spc_hs_e,EX_spc_hs_e,R_HMR_9408,Exchange/demand reactions,Exchange/demand reactions,exchange/demand prefix
R_EX_sph1p_e,EX_sph1p_e,R_HMR_9074,Exchange/demand reactions,Exchange/demand reactions,exchange/demand prefix
R_EX_thymd_e,EX_thymd_e,,Exchange/demand reactions,,exchange/demand prefix
R_EX_thyox__L_e,EX_thyox__L_e,R_HMR_9422,Exchange/demand reactions,Exchange/demand reactions,exchange/demand prefix
R_EX_sphs1p_e,EX_sphs1p_e,R_HMR_9409,Exchange/demand reactions,Exchange/demand reactions,exchange/demand prefix
R_ARTFR32,ARTFR32,,Unassigned,,unmapped
R_EX_srtn_e,EX_srtn_e,R_HMR_9410,Exchange/demand reactions,Exchange/demand reactions,exchange/demand prefix
R_EX_strch1_e,EX_strch1_e,R_HMR_9411,Exchange/demand reactions,Exchange/demand reactions,exchange/demand prefix
R_EX_tmndnc_e,EX_tmndnc_e,R_EX_tmndnc__91__e__93__;R_HMR_9423,Exchange/demand reactions,Exchange/demand reactions,exchange/demand prefix
R_EX_tolbutamide_e,EX_tolbutamide_e,R_HMR_9424,Exchange/demand reactions,Exchange/demand reactions,exchange/demand prefix
R_EX_strch2_e,EX_strch2_e,R_HMR_9412,Exchange/demand reactions,Exchange/demand reactions,exchange/demand prefix
R_EX_tre_e,EX_tre_e,,Exchange/demand reactions,,exchange/demand prefix
R_EX_strdnc_e,EX_strdnc_e,R_EX_strdnc__91__e__93__;R_HMR_9413,Exchange/demand reactions,Exchange/demand reactions,exchange/demand prefix
R_ARTFR33,ARTFR33,,Unassigned,,unmapped
R_EX_succ_e,EX_succ_e,R_HMR_9414,Exchange/demand reactions,Exchange/demand reactions,exchange/demand prefix
R_EX_sucr_e,EX_sucr_e,R_HMR_9416,Exchange/demand reactions,Exchange/demand reactions,exchange/demand prefix
R_EX_tag_hs_e,EX_tag_hs_e,R_EX_tag_hs__91__e__93__;R_HMR_9415,Exchange/demand reactions,Exchange/demand reactions,exchange/demand prefix
R_EX_triodthy_e,EX_triodthy_e,R_HMR_9425,Exchange/demand reactions,Exchange/demand reactions,exchange/demand prefix
R_EX_triodthysuf_e,EX_triodthysuf_e,R_HMR_9426,Exchange/demand reactions,Exchange/demand reactions,exchange/demand prefix
R_EX_trp__L_e,EX_trp__L_e,R_HMR_9045;R_HMR_9427,Exchange/demand reactions,Exchange/demand reactions,exchange/demand prefix
R_EX_tststeroneglc_e,EX_tststeroneglc_e,,Exchange/demand reactions,,exchange/demand prefix
R_EX_tststerones_e,EX_tststerones_e,R_HMR_9429,Exchange/demand reactions,Exchange/demand reactions,exchange/demand prefix
R_FACOAL1813,FACOAL1813,R_FACOAL1813,Fatty acid oxidation,Fatty acid oxidation,Human1 BiGG cross-reference
R_EX_tsul_e,EX_tsul_e,R_HMR_9430,Exchange/demand reactions,Exchange/demand reactions,exchange/demand prefix
R_ARTFR34,ARTFR34,,Unassigned,,unmapped
R_EX_ttdca_e,EX_ttdca_e,R_EX_ttdca__91__e__93__;R_HMR_9431,Exchange/demand reactions,Exchange/demand reactions,exchange/demand prefix
R_EX_txa2_e,EX_txa2_e,R_HMR_9432,Exchange/demand reactions,Exchange/demand reactions,exchange/demand prefix
R_FACOAL181,FACOAL181,R_HMR_0263,Fatty acid activation (cytosolic),Fatty acid activation (cytosolic),Human1 BiGG cross-reference
R_FACOAL1821,FACOAL1821,R_HMR_0397,Fatty acid activation (cytosolic),Fatty acid activation (cytosolic),Human1 BiGG cross-reference
R_FACOAL1822,FACOAL1822,R_HMR_0275,Fatty acid activation (cytosolic),Fatty acid activation (cytosolic),Human1 BiGG cross-reference
R_FACOAL1831,FACOAL1831,R_HMR_0401,Fatty acid activation (cytosolic),Fatty acid activation (cytosolic),Human1 BiGG cross-reference
R_EX_tymsf_e,EX_tymsf_e,,Exchange/demand reactions,,exchange/demand prefix
R_FACOAL1832,FACOAL1832,R_HMR_0349,Fatty acid activation (cytosolic),Fatty acid activation (cytosolic),Human1 BiGG cross-reference
R_ARTFR41,ARTFR41,,Unassigned,,unmapped
R_FACOAL184,FACOAL184,,Unassigned,,unmapped
R_EX_tyr__L_e,EX_tyr__L_e,R_HMR_9064;R_HMR_9434,Exchange/demand reactions,Exchange/demand reactions,exchange/demand prefix
R_EX_udp_e,EX_udp_e,,Exchange/demand reactions,,exchange/demand prefix
R_EX_ump_e,EX_ump_e,,Exchange/demand reactions,,exchange/demand prefix
R_FACOAL191,FACOAL191,R_FACOAL191,Fatty acid oxidation,Fatty acid oxidation,Human1 BiGG cross-reference
R_EX_ura_e,EX_ura_e,R_HMR_9435,Exchange/demand reactions,Exchange/demand reactions,exchange/demand prefix
R_FACOAL200,FACOAL200,R_HMR_0283,Fatty acid activation (cytosolic),Fatty acid activation (cytosolic),Human1 BiGG cross-reference
R_ARTFR42,ARTFR42,,Unassigned,,unmapped
R_FACOAL203,FACOAL203,R_HMR_0405,Fatty acid activation (cytosolic),Fatty acid activation (cytosolic),Human1 BiGG cross-reference
R_FACOAL204_copy1,FACOAL204_copy1,,Unassigned,,unmapped
R_FACOAL2042,FACOAL2042,,Unassigned,,unmapped
R_ARTFR43,ARTFR43,,Unassigned,,unmapped
R_FACOAL204_copy2,FACOAL204_copy2,,Unassigned,,unmapped
R_FACOAL205,FACOAL205,,Unassigned,,unmapped
R_FACOAL206,FACOAL206,R_FACOAL206,Fatty acid oxidation,Fatty acid oxidation,Human1 BiGG cross-reference
R_FACOAL224,FACOAL224,R_HMR_0413,Fatty acid activation (cytosolic),Fatty acid activation (cytosolic),Human1 BiGG cross-reference
R_FACOAL2251,FACOAL2251,R_HMR_0425,Fatty acid activation (cytosolic),Fatty acid activation (cytosolic),Human1 BiGG cross-reference
R_FACOAL2252,FACOAL2252,R_HMR_0365,Fatty acid activation (cytosolic),Fatty acid activation (cytosolic),Human1 BiGG cross-reference
R_FACOAL226_copy1,FACOAL226_copy1,,Unassigned,,unmapped
R_ARTFR44,ARTFR44,,Unassigned,,unmapped
R_FACOAL226_copy2,FACOAL226_copy2,,Unassigned,,unmapped
R_FACOAL240,FACOAL240,,Unassigned,,unmapped
R_ARTFR45,ARTFR45,,Unassigned,,unmapped
R_FACOAL241,FACOAL241,,Unassigned,,unmapped
R_FACOAL244_1,FACOAL244_1,,Unassigned,,unmapped
R_ARTFR46,ARTFR46,,Unassigned,,unmapped
R_FACOAL245_1,FACOAL245_1,,Unassigned,,unmapped
R_FACOAL245_2,FACOAL245_2,,Unassigned,,unmapped
R_FACOAL246_1,FACOAL246_1,,Unassigned,,unmapped
R_ARTFR51,ARTFR51,,Unassigned,,unmapped
R_FACOAL260,FACOAL260,,Unassigned,,unmapped
R_ARTFR52,ARTFR52,,Unassigned,,unmapped
R_FACOAL40im,FACOAL40im,R_FACOAL40im,Fatty acid oxidation,Fatty acid oxidation,Human1 BiGG cross-reference
R_FACOAL80,FACOAL80,,Unassigned,,unmapped
R_FADDP,FADDP,R_HMR_6509,Riboflavin metabolism,Riboflavin metabolism,Human1 BiGG cross-reference
R_ARTFR53,ARTFR53,,Unassigned,,unmapped
R_FADH2tru,FADH2tru,R_HMR_7789,Transport reactions,Transport reactions,Human1 BiGG cross-reference
R_ARTFR54,ARTFR54,,Unassigned,,unmapped
R_FADH2tx,FADH2tx,R_HMR_7788,Transport reactions,Transport reactions,Human1 BiGG cross-reference
R_FADtru,FADtru,R_HMR_7791,Transport reactions,Transport reactions,Human1 BiGG cross-reference
R_FADtx,FADtx,R_HMR_7790,Transport reactions,Transport reactions,Human1 BiGG cross-reference
R_FAEL183,FAEL183,R_FAEL183,Fatty acid biosynthesis,Fatty acid biosynthesis,Human1 BiGG cross-reference
R_ARTFR55,ARTFR55,,Unassigned,,unmapped
R_FAEL184,FAEL184,R_FAEL184,Fatty acid biosynthesis,Fatty acid biosynthesis,Human1 BiGG cross-reference
R_ARTFR56,ARTFR56,,Unassigned,,unmapped
R_FAEL204,FAEL204,R_FAEL204,Fatty acid biosynthesis,Fatty acid biosynthesis,Human1 BiGG cross-reference
R_FAEL205,FAEL205,R_FAEL205,Fatty acid biosynthesis,Fatty acid biosynthesis,Human1 BiGG cross-reference
R_ARTFR57,ARTFR57,,Unassigned,,unmapped
R_FAH1,FAH1,,Unassigned,,unmapped
R_FAH2,FAH2,,Unassigned,,unmapped
R_ARTFR61,ARTFR61,,Unassigned,,unmapped
R_FAH3,FAH3,R_HMR_8036;R_HMR_8038,Metabolism of xenobiotics by cytochrome P450,Metabolism of xenobiotics by cytochrome P450,Human1 BiGG cross-reference
R_ARTPLM1,ARTPLM1,,Unassigned,,unmapped
R_FALDH,FALDH,R_HMR_8037,Metabolism of xenobiotics by cytochrome P450,Metabolism of xenobiotics by cytochrome P450,Human1 BiGG cross-reference
R_FALDtly,FALDtly,,Unassigned,,unmapped
R_FALDtm,FALDtm,R_HMR_8530,Tyrosine metabolism,Tyrosine metabolism,Human1 BiGG cross-reference
R_FAOXC11,FAOXC11,R_FAOXC11;R_HMR_8531,Fatty acid oxidation,Fatty acid oxidation;Transport reactions,Human1 BiGG cross-reference
R_FAOXC140,FAOXC140,R_FAOXC140;R_HMR_8532,Fatty acid oxidation,Fatty acid oxidation;Transport reactions,Human1 BiGG cross-reference
R_ARTPLM1m,ARTPLM1m,,Unassigned,,unmapped
R_FAOXC150m,FAOXC150m,R_FAOXC150m,Fatty acid oxidation,Fatty acid oxidation,Human1 BiGG cross-reference
R_FAOXC160,FAOXC160,R_FAOXC160,Fatty acid oxidation,Fatty acid oxidation,Human1 BiGG cross-reference
R_FAOXC16080m,FAOXC16080m,R_FAOXC16080m,Fatty acid oxidation,Fatty acid oxidation,Human1 BiGG cross-reference
R_ARTPLM2,ARTPLM2,,Unassigned,,unmapped
R_FAOXC16080x,FAOXC16080x,R_FAOXC16080x,Fatty acid oxidation,Fatty acid oxidation,Human1 BiGG cross-reference
R_ARTPLM2m,ARTPLM2m,,Unassigned,,unmapped
R_FAOXC161802m,FAOXC161802m,R_FAOXC161802m,Fatty acid oxidation,Fatty acid oxidation,Human1 BiGG cross-reference
R_FAOXC16180m,FAOXC16180m,R_FAOXC16180m,Fatty acid oxidation,Fatty acid oxidation,Human1 BiGG cross-reference
R_EX_urate_e,EX_urate_e,R_HMR_9436,Exchange/demand reactions,Exchange/demand reactions,exchange/demand prefix
R_FAOXC170m,FAOXC170m,R_FAOXC170m,Fatty acid oxidation,Fatty acid oxidation,Human1 BiGG cross-reference
R_ARTPLM3,ARTPLM3,,Unassigned,,unmapped
R_FAOXC180,FAOXC180,R_FAOXC180,Fatty acid oxidation,Fatty acid oxidation,Human1 BiGG cross-reference
R_FAOXC180x,FAOXC180x,R_FAOXC180x,Fatty acid oxidation,Fatty acid oxidation,Human1 BiGG cross-reference
R_EX_urea_e,EX_urea_e,R_HMR_9437,Exchange/demand reactions,Exchange/demand reactions,exchange/demand prefix
R_FAOXC1811601m,FAOXC1811601m,R_FAOXC1811601m,Fatty acid oxidation,Fatty acid oxidation,Human1 BiGG cross-reference
R_ARTPLM3m,ARTPLM3m,,Unassigned,,unmapped
R_FAOXC1811602m,FAOXC1811602m,R_FAOXC1811602m,Fatty acid oxidation,Fatty acid oxidation,Human1 BiGG cross-reference
R_FAOXC1811603m,FAOXC1811603m,R_FAOXC1811603m,Fatty acid oxidation,Fatty acid oxidation,Human1 BiGG cross-reference
R_EX_uri_e,EX_uri_e,R_HMR_9075,Exchange/demand reactions,Exchange/demand reactions,exchange/demand prefix
R_ASAH1,ASAH1,R_HMR_8211,Sphingolipid metabolism,Sphingolipid metabolism,Human1 BiGG cross-reference
R_EX_utp_e,EX_utp_e,R_HMR_9438,Exchange/demand reactions,Exchange/demand reactions,exchange/demand prefix
R_FAOXC182806m,FAOXC182806m,R_FAOXC182806m,Fatty acid oxidation,Fatty acid oxidation,Human1 BiGG cross-reference
R_FAOXC18280m,FAOXC18280m,R_FAOXC18280m,Fatty acid oxidation,Fatty acid oxidation,Human1 BiGG cross-reference
R_EX_vacc_e,EX_vacc_e,R_EX_vacc__91__e__93__;R_HMR_9439,Exchange/demand reactions,Exchange/demand reactions,exchange/demand prefix
R_FAOXC183803m,FAOXC183803m,R_FAOXC183803m,Fatty acid oxidation,Fatty acid oxidation,Human1 BiGG cross-reference
R_ASCBOX,ASCBOX,R_HMR_8619,Ascorbate and aldarate metabolism,Ascorbate and aldarate metabolism,Human1 BiGG cross-reference
R_FAOXC183806m,FAOXC183806m,R_FAOXC183806m,Fatty acid oxidation,Fatty acid oxidation,Human1 BiGG cross-reference
R_FAOXC183806x,FAOXC183806x,R_FAOXC183806x,Fatty acid oxidation,Fatty acid oxidation,Human1 BiGG cross-reference
R_EX_val__L_e,EX_val__L_e,R_HMR_9046;R_HMR_9440,Exchange/demand reactions,Exchange/demand reactions,exchange/demand prefix
R_EX_vitd2_e,EX_vitd2_e,,Exchange/demand reactions,,exchange/demand prefix
R_EX_vitd3_e,EX_vitd3_e,,Exchange/demand reactions,,exchange/demand prefix
R_EX_whddca_e,EX_whddca_e,R_HMR_9441,Exchange/demand reactions,Exchange/demand reactions,exchange/demand prefix
R_EX_whhdca_e,EX_whhdca_e,R_HMR_9442,Exchange/demand reactions,Exchange/demand reactions,exchange/demand prefix
R_ASCBt,ASCBt,R_HMR_8618,Transport reactions,Transport reactions,Human1 BiGG cross-reference
R_EX_whtststerone_e,EX_whtststerone_e,R_HMR_9443,Exchange/demand reactions,Exchange/demand reactions,exchange/demand prefix
R_EX_whttdca_e,EX_whttdca_e,R_HMR_9445,Exchange/demand reactions,Exchange/demand reactions,exchange/demand prefix
R_EX_xolest2_hs_e,EX_xolest2_hs_e,R_EX_xolest2_hs__91__e__93__;R_HMR_9444,Exchange/demand reactions,Exchange/demand reactions,exchange/demand prefix
R_FAOXC18480m,FAOXC18480m,R_FAOXC18480m,Fatty acid oxidation,Fatty acid oxidation,Human1 BiGG cross-reference
R_FAOXC18480x,FAOXC18480x,R_FAOXC18480x,Fatty acid oxidation,Fatty acid oxidation,Human1 BiGG cross-reference
R_FAOXC200180m,FAOXC200180m,R_FAOXC200180m,Fatty acid oxidation,Fatty acid oxidation,Human1 BiGG cross-reference
R_FAOXC200180x,FAOXC200180x,R_FAOXC200180x,Fatty acid oxidation,Fatty acid oxidation,Human1 BiGG cross-reference
R_FAOXC2031836m,FAOXC2031836m,R_FAOXC2031836m,Fatty acid oxidation,Fatty acid oxidation,Human1 BiGG cross-reference
R_EX_xolest_hs_e,EX_xolest_hs_e,R_EX_xolest_hs__91__e__93__;R_HMR_9446,Exchange/demand reactions,Exchange/demand reactions,exchange/demand prefix
R_EX_xoltri24_e,EX_xoltri24_e,R_EX_xoltri24__91__e__93__,Exchange/demand reactions,Exchange/demand reactions,exchange/demand prefix
R_EX_xoltri25_e,EX_xoltri25_e,R_EX_xoltri25__91__e__93__,Exchange/demand reactions,Exchange/demand reactions,exchange/demand prefix
R_FAOXC204,FAOXC204,R_FAOXC204,Fatty acid oxidation,Fatty acid oxidation,Human1 BiGG cross-reference
R_ASCBt4,ASCBt4,R_HMR_5021,Transport reactions,Transport reactions,Human1 BiGG cross-reference
R_FAOXC204184m,FAOXC204184m,R_FAOXC204184m,Fatty acid oxidation,Fatty acid oxidation,Human1 BiGG cross-reference
R_FAOXC2051843m,FAOXC2051843m,R_FAOXC2051843m,Fatty acid oxidation,Fatty acid oxidation,Human1 BiGG cross-reference
R_FAOXC2051843x,FAOXC2051843x,R_FAOXC2051843x,Fatty acid oxidation,Fatty acid oxidation,Human1 BiGG cross-reference
R_EX_xoltri27_e,EX_xoltri27_e,R_EX_xoltri27__91__e__93__,Exchange/demand reactions,Exchange/demand reactions,exchange/demand prefix
R_EX_xyl__D_e,EX_xyl__D_e,,Exchange/demand reactions,,exchange/demand prefix
R_EX_xylt_e,EX_xylt_e,R_HMR_9138,Exchange/demand reactions,Exchange/demand reactions,exchange/demand prefix
R_ASNALANaEx,ASNALANaEx,R_HMR_5753,Transport reactions,Transport reactions,Human1 BiGG cross-reference
R_EX_yvite_e,EX_yvite_e,R_HMR_9203,Exchange/demand reactions,Exchange/demand reactions,exchange/demand prefix
R_FAOXC2242046m,FAOXC2242046m,R_FAOXC2242046m,Fatty acid oxidation,Fatty acid oxidation,Human1 BiGG cross-reference
R_FAOXC2242046x,FAOXC2242046x,R_FAOXC2242046x,Fatty acid oxidation,Fatty acid oxidation,Human1 BiGG cross-reference
R_FAOXC2251836m,FAOXC2251836m,,Unassigned,,unmapped
R_FAOXC2251836x,FAOXC2251836x,,Unassigned,,unmapped
R_FAOXC2252053m,FAOXC2252053m,R_FAOXC2252053m,Fatty acid oxidation,Fatty acid oxidation,Human1 BiGG cross-reference
R_FAOXC2252053x,FAOXC2252053x,R_FAOXC2252053x,Fatty acid oxidation,Fatty acid oxidation,Human1 BiGG cross-reference
R_F1PGT,F1PGT,R_HMR_4401;R_HMR_9153,Exchange/demand reactions,Exchange/demand reactions;Fructose and mannose metabolism,Human1 BiGG cross-reference
R_F6Tg,F6Tg,R_HMR_7332;R_HMR_8259,N-glycan metabolism,N-glycan metabolism;Transport reactions,Human1 BiGG cross-reference
R_FAOXC226,FAOXC226,R_HMR_3430,Beta oxidation of even-chain fatty acids (mitochondrial),Beta oxidation of even-chain fatty acids (mitochondrial),Human1 BiGG cross-reference
R_ASNCYSNaEx,ASNCYSNaEx,R_HMR_5760,Transport reactions,Transport reactions,Human1 BiGG cross-reference
R_FAOXC226205m,FAOXC226205m,R_FAOXC226205m,Fatty acid oxidation,Fatty acid oxidation,Human1 BiGG cross-reference
R_FAOXC226205x,FAOXC226205x,R_FAOXC226205x,Fatty acid oxidation,Fatty acid oxidation,Human1 BiGG cross-reference
R_FAOXC240200x,FAOXC240200x,R_FAOXC240200x,Fatty acid oxidation,Fatty acid oxidation,Human1 BiGG cross-reference
R_FA120ACPHi,FA120ACPHi,,Unassigned,,unmapped
R_FA140ACPHi,FA140ACPHi,,Unassigned,,unmapped
R_FA141ACPHi,FA141ACPHi,R_FA141ACPH,Fatty acid oxidation,Fatty acid oxidation,Human1 BiGG cross-reference
R_FAOXC241181x,FAOXC241181x,R_FAOXC241181x,Fatty acid oxidation,Fatty acid oxidation,Human1 BiGG cross-reference
R_ASNGLNNaEx,ASNGLNNaEx,R_HMR_5754,Transport reactions,Transport reactions,Human1 BiGG cross-reference
R_FAOXC2442246x,FAOXC2442246x,R_FAOXC2442246x,Fatty acid oxidation,Fatty acid oxidation,Human1 BiGG cross-reference
R_FAOXC2452253x,FAOXC2452253x,R_FAOXC2452253x,Fatty acid oxidation,Fatty acid oxidation,Human1 BiGG cross-reference
R_FA160ACPHi,FA160ACPHi,R_HMR_2182,Fatty acid biosynthesis,Fatty acid biosynthesis,Human1 BiGG cross-reference
R_FA161ACPHi,FA161ACPHi,R_FA161ACPH,Fatty acid oxidation,Fatty acid oxidation,Human1 BiGG cross-reference
R_FAOXC2452256x,FAOXC2452256x,R_FAOXC2452256x,Fatty acid oxidation,Fatty acid oxidation,Human1 BiGG cross-reference
R_FA180ACPH,FA180ACPH,R_FA180ACPH,Fatty acid oxidation,Fatty acid oxidation,Human1 BiGG cross-reference
R_FA181ACPH,FA181ACPH,R_FA181ACPH,Fatty acid oxidation,Fatty acid oxidation,Human1 BiGG cross-reference
R_FA1821ACPH,FA1821ACPH,R_FA1821ACPH,Fatty acid oxidation,Fatty acid oxidation,Human1 BiGG cross-reference
R_FA1822ACPH,FA1822ACPH,R_FA1822ACPH,Fatty acid oxidation,Fatty acid oxidation,Human1 BiGG cross-reference
R_FAOXC246226x,FAOXC246226x,R_FAOXC246226x,Fatty acid oxidation,Fatty acid oxidation,Human1 BiGG cross-reference
R_FAOXC260240x,FAOXC260240x,R_FAOXC260240x,Fatty acid oxidation,Fatty acid oxidation,Human1 BiGG cross-reference
R_FAOXC80,FAOXC80,R_FAOXC80,Fatty acid oxidation,Fatty acid oxidation,Human1 BiGG cross-reference
R_FAS100COA,FAS100COA,R_FAS100COA,Fatty acid biosynthesis,Fatty acid biosynthesis,Human1 BiGG cross-reference
R_FAS120COA,FAS120COA,R_FAS120COA,Fatty acid biosynthesis,Fatty acid biosynthesis,Human1 BiGG cross-reference
R_FA182ACPH,FA182ACPH,R_FA182ACPH,Fatty acid oxidation,Fatty acid oxidation,Human1 BiGG cross-reference
R_FACOAL140,FACOAL140,R_HMR_0196,Fatty acid activation (cytosolic),Fatty acid activation (cytosolic),Human1 BiGG cross-reference
R_FAS140COA,FAS140COA,R_FAS140COA,Fatty acid biosynthesis,Fatty acid biosynthesis,Human1 BiGG cross-reference
R_ASNNm,ASNNm,R_HMR_3862,"Alanine, aspartate and glutamate metabolism","Alanine, aspartate and glutamate metabolism",Human1 BiGG cross-reference
R_FAS160COA,FAS160COA,R_FAS160COA,Fatty acid biosynthesis,Fatty acid biosynthesis,Human1 BiGG cross-reference
R_FAS180COA,FAS180COA,R_FAS180COA,Fatty acid biosynthesis,Fatty acid biosynthesis,Human1 BiGG cross-reference
R_FACOAL150,FACOAL150,R_HMR_0213,Fatty acid activation (cytosolic),Fatty acid activation (cytosolic),Human1 BiGG cross-reference
R_FACOAL160,FACOAL160,R_HMR_0217,Fatty acid activation (cytosolic),Fatty acid activation (cytosolic),Human1 BiGG cross-reference
R_FACOAL161,FACOAL161,R_HMR_0226,Fatty acid activation (cytosolic),Fatty acid activation (cytosolic),Human1 BiGG cross-reference
R_FAS80COA_L,FAS80COA_L,R_FAS80COA_L,Fatty acid biosynthesis,Fatty acid biosynthesis,Human1 BiGG cross-reference
R_FACOAL170,FACOAL170,R_HMR_0237,Fatty acid activation (cytosolic),Fatty acid activation (cytosolic),Human1 BiGG cross-reference
R_ASNS1,ASNS1,R_HMR_3903,"Alanine, aspartate and glutamate metabolism","Alanine, aspartate and glutamate metabolism",Human1 BiGG cross-reference
R_FACOAL180,FACOAL180,,Unassigned,,unmapped
R_FATP1t,FATP1t,,Unassigned,,unmapped
R_FATP2t,FATP2t,,Unassigned,,unmapped
R_FACOAL1812,FACOAL1812,R_HMR_0259,Fatty acid activation (cytosolic),Fatty acid activation (cytosolic),Human1 BiGG cross-reference
R_ASNSERNaEx,ASNSERNaEx,R_HMR_5755,Transport reactions,Transport reactions,Human1 BiGG cross-reference
R_ASNTHRNaEx,ASNTHRNaEx,R_HMR_5764,Transport reactions,Transport reactions,Human1 BiGG cross-reference
R_L_LACt4r,L_LACt4r,R_HMR_8515,Transport reactions,Transport reactions,Human1 BiGG cross-reference
R_FATP3t,FATP3t,R_HMR_8939,Transport reactions,Transport reactions,Human1 BiGG cross-reference
R_ASNt4,ASNt4,R_HMR_5311;R_HMR_6382,Transport reactions,Transport reactions,Human1 BiGG cross-reference
R_FATP4t,FATP4t,R_HMR_8940,Transport reactions,Transport reactions,Human1 BiGG cross-reference
R_FATP5t,FATP5t,R_HMR_8941,Transport reactions,Transport reactions,Human1 BiGG cross-reference
R_FATP6t,FATP6t,R_HMR_8942,Transport reactions,Transport reactions,Human1 BiGG cross-reference
R_FATP7t,FATP7t,R_HMR_8943,Transport reactions,Transport reactions,Human1 BiGG cross-reference
R_FUCASE2ly,FUCASE2ly,R_HMR_7375;R_HMR_8265,Keratan sulfate degradation,Keratan sulfate degradation;Transport reactions,Human1 BiGG cross-reference
R_FUCASEe,FUCASEe,R_HMR_7580;R_HMR_8873,N-glycan metabolism,N-glycan metabolism;Transport reactions,Human1 BiGG cross-reference
R_FUCASEly,FUCASEly,R_HMR_7582;R_HMR_8874,N-glycan metabolism,N-glycan metabolism;Transport reactions,Human1 BiGG cross-reference
R_FATP8t,FATP8t,R_HMR_8944,Transport reactions,Transport reactions,Human1 BiGG cross-reference
R_FATP9t,FATP9t,R_HMR_8945,Transport reactions,Transport reactions,Human1 BiGG cross-reference
R_FUCFUC12GAL14ACGLCGALGLUSIDEte,FUCFUC12GAL14ACGLCGALGLUSIDEte,R_FUCFUC12GAL14ACGLCGALGLUSIDEte;R_HMR_8321,Transport reactions,Transport reactions,Human1 BiGG cross-reference
R_ASNtN1,ASNtN1,R_HMR_5313,Transport reactions,Transport reactions,Human1 BiGG cross-reference
R_FUCFUC12GAL14ACGLCGALGLUSIDEtg,FUCFUC12GAL14ACGLCGALGLUSIDEtg,R_FUCFUC12GAL14ACGLCGALGLUSIDEtg;R_HMR_8320,Transport reactions,Transport reactions,Human1 BiGG cross-reference
R_FUCFUC132GALACGLCGAL14ACGLCGALGLUSIDEte,FUCFUC132GALACGLCGAL14ACGLCGALGLUSIDEte,,Unassigned,,unmapped
R_FUCFUC132GALACGLCGAL14ACGLCGALGLUSIDEtg,FUCFUC132GALACGLCGAL14ACGLCGALGLUSIDEtg,,Unassigned,,unmapped
R_FBA,FBA,R_HMR_4375;R_HMR_8946,Glycolysis / Gluconeogenesis,Glycolysis / Gluconeogenesis;Transport reactions,Human1 BiGG cross-reference
R_FBA2,FBA2,R_HMR_4356;R_HMR_8947,Fructose and mannose metabolism,Fructose and mannose metabolism;Transport reactions,Human1 BiGG cross-reference
R_ASNtm,ASNtm,R_HMR_5096,Transport reactions,Transport reactions,Human1 BiGG cross-reference
R_FBA4,FBA4,,Unassigned,,unmapped
R_FUCFUCFUCGALACGLC13GALACGLCGAL14ACGLCGALGLUSIDEte,FUCFUCFUCGALACGLC13GALACGLCGAL14ACGLCGALGLUSIDEte,,Unassigned,,unmapped
R_FUCFUCFUCGALACGLC13GALACGLCGAL14ACGLCGALGLUSIDEtg,FUCFUCFUCGALACGLC13GALACGLCGAL14ACGLCGALGLUSIDEtg,,Unassigned,,unmapped
R_ASP1DC,ASP1DC,R_HMR_4174,Beta-alanine metabolism,Beta-alanine metabolism,Human1 BiGG cross-reference
R_FUCFUCFUCGALACGLCGAL14ACGLCGALGLUSIDEte,FUCFUCFUCGALACGLCGAL14ACGLCGALGLUSIDEte,R_HMR_8313,Transport reactions,Transport reactions,Human1 BiGG cross-reference
R_FUCFUCFUCGALACGLCGAL14ACGLCGALGLUSIDEtg,FUCFUCFUCGALACGLCGAL14ACGLCGALGLUSIDEtg,R_HMR_8312,Transport reactions,Transport reactions,Human1 BiGG cross-reference
R_FBA5,FBA5,R_FBA5,Galactose metabolism,Galactose metabolism,Human1 BiGG cross-reference
R_FBP,FBP,R_HMR_4377;R_HMR_8773,Glycolysis / Gluconeogenesis,Glycolysis / Gluconeogenesis;Tricarboxylic acid cycle and glyoxylate/dicarboxylate metabolism,Human1 BiGG cross-reference
R_FBP26,FBP26,R_HMR_4706;R_HMR_8762,Fructose and mannose metabolism,Fructose and mannose metabolism;Galactose metabolism,Human1 BiGG cross-reference
R_FUCFUCGALACGLCGALGLUSIDEte,FUCFUCGALACGLCGALGLUSIDEte,R_FUCFUCGALACGLCGALGLUSIDEte;R_HMR_8311,Transport reactions,Transport reactions,Human1 BiGG cross-reference
R_FCLTm,FCLTm,R_FCLTm,Heme synthesis,Heme synthesis,Human1 BiGG cross-reference
R_FUCFUCGALACGLCGALGLUSIDEtg,FUCFUCGALACGLCGALGLUSIDEtg,R_FUCFUCGALACGLCGALGLUSIDEtg;R_HMR_8310,Transport reactions,Transport reactions,Human1 BiGG cross-reference
R_ASPCT,ASPCT,R_HMR_4050,Pyrimidine metabolism,Pyrimidine metabolism,Human1 BiGG cross-reference
R_FUCGAL14ACGLCGALGLUSIDEte,FUCGAL14ACGLCGALGLUSIDEte,R_HMR_8315,Transport reactions,Transport reactions,Human1 BiGG cross-reference
R_FUCGAL14ACGLCGALGLUSIDEtg,FUCGAL14ACGLCGALGLUSIDEtg,R_HMR_8314,Transport reactions,Transport reactions,Human1 BiGG cross-reference
R_FUCGALFUCGALACGLCGALGLUSIDEte,FUCGALFUCGALACGLCGALGLUSIDEte,R_HMR_8324,Transport reactions,Transport reactions,Human1 BiGG cross-reference
R_FUCGALFUCGALACGLCGALGLUSIDEtg,FUCGALFUCGALACGLCGALGLUSIDEtg,R_HMR_8323,Transport reactions,Transport reactions,Human1 BiGG cross-reference
R_FUCGALGBSIDEte,FUCGALGBSIDEte,R_HMR_8270,Transport reactions,Transport reactions,Human1 BiGG cross-reference
R_FCOAH,FCOAH,,Unassigned,,unmapped
R_FDH,FDH,,Unassigned,,unmapped
R_FE2t,FE2t,R_HMR_5987,Transport reactions,Transport reactions,Human1 BiGG cross-reference
R_FE2tm,FE2tm,R_FE2tm;R_HMR_5420;R_HMR_8758,Transport reactions,Folate metabolism;Transport reactions,Human1 BiGG cross-reference
R_FE3R2e,FE3R2e,R_HMR_6395,Porphyrin metabolism,Porphyrin metabolism,Human1 BiGG cross-reference
R_FK,FK,R_HMR_4402,Fructose and mannose metabolism,Fructose and mannose metabolism,Human1 BiGG cross-reference
R_FKYNH,FKYNH,R_HMR_4216,"Phenylalanine, tyrosine and tryptophan biosynthesis","Phenylalanine, tyrosine and tryptophan biosynthesis",Human1 BiGG cross-reference
R_FUCGALGBSIDEtg,FUCGALGBSIDEtg,R_HMR_8269,Transport reactions,Transport reactions,Human1 BiGG cross-reference
R_FUCtly,FUCtly,R_HMR_8223,Transport reactions,Transport reactions,Human1 BiGG cross-reference
R_ASPDt6,ASPDt6,R_HMR_7639,Transport reactions,Transport reactions,Human1 BiGG cross-reference
R_FMNAT,FMNAT,R_HMR_6508,Riboflavin metabolism,Riboflavin metabolism,Human1 BiGG cross-reference
R_ASPDxt,ASPDxt,R_HMR_7640,Transport reactions,Transport reactions,Human1 BiGG cross-reference
R_FUM,FUM,R_HMR_4408;R_HMR_8222,Tricarboxylic acid cycle and glyoxylate/dicarboxylate metabolism,Transport reactions;Tricarboxylic acid cycle and glyoxylate/dicarboxylate metabolism,Human1 BiGG cross-reference
R_ASPGLUm,ASPGLUm,R_HMR_3825,Transport reactions,Transport reactions,Human1 BiGG cross-reference
R_FUMAC,FUMAC,R_HMR_6778;R_HMR_8875,"Phenylalanine, tyrosine and tryptophan biosynthesis","Phenylalanine, tyrosine and tryptophan biosynthesis;Transport reactions",Human1 BiGG cross-reference
R_FOLR2,FOLR2,R_HMR_4655,Folate metabolism,Folate metabolism,Human1 BiGG cross-reference
R_ASPNATm,ASPNATm,R_HMR_8626,"Alanine, aspartate and glutamate metabolism","Alanine, aspartate and glutamate metabolism",Human1 BiGG cross-reference
R_FOLt2,FOLt2,R_FOLt2;R_HMR_7684,Transport reactions,Transport reactions,Human1 BiGG cross-reference
R_FORMCOAtx,FORMCOAtx,,Unassigned,,unmapped
R_FUMSO3tm,FUMSO3tm,,Unassigned,,unmapped
R_FUMSO4tm,FUMSO4tm,,Unassigned,,unmapped
R_FUMTSULtm,FUMTSULtm,R_HMR_6521;R_HMR_8742,Transport reactions,Transport reactions,Human1 BiGG cross-reference
R_FORtm,FORtm,R_HMR_4944,Transport reactions,Transport reactions,Human1 BiGG cross-reference
R_FUMm,FUMm,R_HMR_4410,Tricarboxylic acid cycle and glyoxylate/dicarboxylate metabolism,Tricarboxylic acid cycle and glyoxylate/dicarboxylate metabolism,Human1 BiGG cross-reference
R_FORtr,FORtr,R_HMR_4942,Transport reactions,Transport reactions,Human1 BiGG cross-reference
R_ASPTA,ASPTA,R_HMR_3829,"Alanine, aspartate and glutamate metabolism","Alanine, aspartate and glutamate metabolism",Human1 BiGG cross-reference
R_FUMtm,FUMtm,R_HMR_3971;R_HMR_8741,Transport reactions,Transport reactions,Human1 BiGG cross-reference
R_FUT11g,FUT11g,,Unassigned,,unmapped
R_FORtrn,FORtrn,,Unassigned,,unmapped
R_ASPTAm,ASPTAm,R_HMR_3827,"Alanine, aspartate and glutamate metabolism","Alanine, aspartate and glutamate metabolism",Human1 BiGG cross-reference
R_FPGS,FPGS,,Unassigned,,unmapped
R_FPGS2,FPGS2,R_HMR_8871,Transport reactions,Transport reactions,Human1 BiGG cross-reference
R_FPGS2m,FPGS2m,R_HMR_8108,Folate metabolism,Folate metabolism,Human1 BiGG cross-reference
R_FPGS3,FPGS3,R_HMR_8109,Folate metabolism,Folate metabolism,Human1 BiGG cross-reference
R_FPGS3m,FPGS3m,R_HMR_8116,Folate metabolism,Folate metabolism,Human1 BiGG cross-reference
R_FUT12g,FUT12g,,Unassigned,,unmapped
R_FUT14g,FUT14g,R_HMR_8221,Sphingolipid metabolism,Sphingolipid metabolism,Human1 BiGG cross-reference
R_FUT15g,FUT15g,R_HMR_8262,Blood group biosynthesis,Blood group biosynthesis,Human1 BiGG cross-reference
R_FUT16g,FUT16g,R_HMR_8280,Blood group biosynthesis,Blood group biosynthesis,Human1 BiGG cross-reference
R_FUT17g,FUT17g,R_HMR_8286,Blood group biosynthesis,Blood group biosynthesis,Human1 BiGG cross-reference
R_FPGS4,FPGS4,R_HMR_8110,Folate metabolism,Folate metabolism,Human1 BiGG cross-reference
R_FPGS4m,FPGS4m,R_HMR_8117,Folate metabolism,Folate metabolism,Human1 BiGG cross-reference
R_FUT18g,FUT18g,R_FUT18g;R_HMR_8291,Blood group biosynthesis,Blood group biosynthesis,Human1 BiGG cross-reference
R_ASPt6,ASPt6,R_HMR_5447,Transport reactions,Transport reactions,Human1 BiGG cross-reference
R_FUT31g,FUT31g,R_HMR_8294,Blood group biosynthesis,Blood group biosynthesis,Human1 BiGG cross-reference
R_FUT32g,FUT32g,,Unassigned,,unmapped
R_FPGS5,FPGS5,R_HMR_8105,Folate metabolism,Folate metabolism,Human1 BiGG cross-reference
R_FPGS5m,FPGS5m,R_HMR_8112,Folate metabolism,Folate metabolism,Human1 BiGG cross-reference
R_FPGS6,FPGS6,R_HMR_8106,Folate metabolism,Folate metabolism,Human1 BiGG cross-reference
R_FUT33g,FUT33g,,Unassigned,,unmapped
R_FPGS6m,FPGS6m,R_HMR_8113,Folate metabolism,Folate metabolism,Human1 BiGG cross-reference
R_FUT34g,FUT34g,R_FUT34g;R_HMR_8319,Blood group biosynthesis,Blood group biosynthesis,Human1 BiGG cross-reference
R_ATP1ter,ATP1ter,R_HMR_4906,Transport reactions,Transport reactions,Human1 BiGG cross-reference
R_FUT35g,FUT35g,R_HMR_8264,Blood group biosynthesis,Blood group biosynthesis,Human1 BiGG cross-reference
R_FPGS7,FPGS7,R_HMR_8107,Folate metabolism,Folate metabolism,Human1 BiGG cross-reference
R_FPGS7m,FPGS7m,R_HMR_8114,Folate metabolism,Folate metabolism,Human1 BiGG cross-reference
R_FUT910g,FUT910g,R_HMR_8271,Blood group biosynthesis,Blood group biosynthesis,Human1 BiGG cross-reference
R_ATP2ter,ATP2ter,R_HMR_4846,Transport reactions,Transport reactions,Human1 BiGG cross-reference
R_FUT911g,FUT911g,R_HMR_8268,Blood group biosynthesis,Blood group biosynthesis,Human1 BiGG cross-reference
R_FUT91g,FUT91g,R_HMR_8308,Blood group biosynthesis,Blood group biosynthesis,Human1 BiGG cross-reference
R_FUT92g,FUT92g,R_HMR_8309,Blood group biosynthesis,Blood group biosynthesis,Human1 BiGG cross-reference
R_FPGS8,FPGS8,R_HMR_7908,Folate metabolism,Folate metabolism,Human1 BiGG cross-reference
R_FPGS8m,FPGS8m,R_HMR_7909,Folate metabolism,Folate metabolism,Human1 BiGG cross-reference
R_FPGS9,FPGS9,R_HMR_7910,Folate metabolism,Folate metabolism,Human1 BiGG cross-reference
R_FUT93g,FUT93g,R_FUT93g;R_HMR_8322,Blood group biosynthesis,Blood group biosynthesis,Human1 BiGG cross-reference
R_FPGS9m,FPGS9m,R_HMR_7911,Folate metabolism,Folate metabolism,Human1 BiGG cross-reference
R_FPGSm,FPGSm,R_HMR_7912,Folate metabolism,Folate metabolism,Human1 BiGG cross-reference
R_FRDPtc,FRDPtc,R_FRDPtc;R_HMR_7913,Folate metabolism,Folate metabolism;Transport reactions,Human1 BiGG cross-reference
R_FRDPtr,FRDPtr,R_FRDPtr;R_HMR_8115,Folate metabolism,Folate metabolism;Transport reactions,Human1 BiGG cross-reference
R_FUT94g,FUT94g,R_HMR_8326,Blood group biosynthesis,Blood group biosynthesis,Human1 BiGG cross-reference
R_FUT95g,FUT95g,R_HMR_8287,Blood group biosynthesis,Blood group biosynthesis,Human1 BiGG cross-reference
R_FUT96g,FUT96g,R_HMR_8330,Blood group biosynthesis,Blood group biosynthesis,Human1 BiGG cross-reference
R_FUT97g,FUT97g,R_HMR_8331,Blood group biosynthesis,Blood group biosynthesis,Human1 BiGG cross-reference
R_FUT98g,FUT98g,R_HMR_8332,Blood group biosynthesis,Blood group biosynthesis,Human1 BiGG cross-reference
R_FUT99g,FUT99g,R_HMR_8333,Blood group biosynthesis,Blood group biosynthesis,Human1 BiGG cross-reference
R_FRTT,FRTT,R_FRTT,Cholesterol metabolism,Cholesterol metabolism,Human1 BiGG cross-reference
R_G12MT1_L,G12MT1_L,R_HMR_8334,Blood group biosynthesis,Blood group biosynthesis,Human1 BiGG cross-reference
R_FRUt1r,FRUt1r,R_HMR_4321,Transport reactions,Transport reactions,Human1 BiGG cross-reference
R_G14T19g,G14T19g,R_HMR_7474,Keratan sulfate biosynthesis,Keratan sulfate biosynthesis,Human1 BiGG cross-reference
R_FRUt4,FRUt4,,Unassigned,,unmapped
R_FT,FT,R_FT,N-glycan metabolism,N-glycan metabolism,Human1 BiGG cross-reference
R_FTCD,FTCD,R_HMR_3929;R_HMR_8872,Folate metabolism,Folate metabolism;Transport reactions,Human1 BiGG cross-reference
R_FTHFCL,FTHFCL,R_HMR_1532,N-glycan metabolism,N-glycan metabolism,Human1 BiGG cross-reference
R_G12MT1_U,G12MT1_U,R_HMR_8307,Blood group biosynthesis,Blood group biosynthesis,Human1 BiGG cross-reference
R_G12MT2_L,G12MT2_L,,Unassigned,,unmapped
R_G12MT2_U,G12MT2_U,,Unassigned,,unmapped
R_G13MT_L,G13MT_L,,Unassigned,,unmapped
R_G13MT_U,G13MT_U,,Unassigned,,unmapped
R_G14T10g,G14T10g,R_HMR_7349,Keratan sulfate biosynthesis,Keratan sulfate biosynthesis,Human1 BiGG cross-reference
R_G14T11g,G14T11g,R_HMR_7352,Keratan sulfate biosynthesis,Keratan sulfate biosynthesis,Human1 BiGG cross-reference
R_G14T12g,G14T12g,R_HMR_7355,Keratan sulfate biosynthesis,Keratan sulfate biosynthesis,Human1 BiGG cross-reference
R_FTHFDH,FTHFDH,R_HMR_4336,Folate metabolism,Folate metabolism,Human1 BiGG cross-reference
R_FTHFLi,FTHFLi,R_HMR_4338;R_HMR_8143,Folate metabolism,Folate metabolism,Human1 BiGG cross-reference
R_G14T13g,G14T13g,R_HMR_7358,Keratan sulfate biosynthesis,Keratan sulfate biosynthesis,Human1 BiGG cross-reference
R_FTHFLmi,FTHFLmi,R_HMR_4340,Folate metabolism,Folate metabolism,Human1 BiGG cross-reference
R_G14T14g,G14T14g,R_HMR_7361,Keratan sulfate biosynthesis,Keratan sulfate biosynthesis,Human1 BiGG cross-reference
R_G14T20g,G14T20g,R_HMR_7477,Keratan sulfate biosynthesis,Keratan sulfate biosynthesis,Human1 BiGG cross-reference
R_G14T15g,G14T15g,R_HMR_7364,Keratan sulfate biosynthesis,Keratan sulfate biosynthesis,Human1 BiGG cross-reference
R_G14T16g,G14T16g,R_HMR_7367,Keratan sulfate biosynthesis,Keratan sulfate biosynthesis,Human1 BiGG cross-reference
R_G14T17g,G14T17g,R_HMR_7370,Keratan sulfate biosynthesis,Keratan sulfate biosynthesis,Human1 BiGG cross-reference
R_G14T18g,G14T18g,R_HMR_7471,Keratan sulfate biosynthesis,Keratan sulfate biosynthesis,Human1 BiGG cross-reference
R_FUC13GALACGLCGAL14ACGLCGALGLUSIDEte,FUC13GALACGLCGAL14ACGLCGALGLUSIDEte,,Unassigned,,unmapped
R_FUC13GALACGLCGAL14ACGLCGALGLUSIDEtg,FUC13GALACGLCGAL14ACGLCGALGLUSIDEtg,,Unassigned,,unmapped
R_FUC14GALACGLCGALGLUSIDEte,FUC14GALACGLCGALGLUSIDEte,R_HMR_8336,Transport reactions,Transport reactions,Human1 BiGG cross-reference
R_FUC14GALACGLCGALGLUSIDEtg,FUC14GALACGLCGALGLUSIDEtg,R_HMR_8335,Transport reactions,Transport reactions,Human1 BiGG cross-reference
R_FUCACGALFUCGALACGLCGALGLUSIDEte,FUCACGALFUCGALACGLCGALGLUSIDEte,R_HMR_8273,Transport reactions,Transport reactions,Human1 BiGG cross-reference
R_FUCACGALFUCGALACGLCGALGLUSIDEtg,FUCACGALFUCGALACGLCGALGLUSIDEtg,,Unassigned,,unmapped
R_FUCACNGAL14ACGLCGALGLUSIDEte,FUCACNGAL14ACGLCGALGLUSIDEte,,Unassigned,,unmapped
R_GAO2g,GAO2g,R_HMR_8226,Sphingolipid metabolism,Sphingolipid metabolism,Human1 BiGG cross-reference
R_G14T21g,G14T21g,R_HMR_7480,Keratan sulfate biosynthesis,Keratan sulfate biosynthesis,Human1 BiGG cross-reference
R_FUCACNGAL14ACGLCGALGLUSIDEtg,FUCACNGAL14ACGLCGALGLUSIDEtg,R_HMR_8272,Transport reactions,Transport reactions,Human1 BiGG cross-reference
R_FUCACNGALACGLCGALGLUSIDEte,FUCACNGALACGLCGALGLUSIDEte,,Unassigned,,unmapped
R_FUCACNGALACGLCGALGLUSIDEtg,FUCACNGALACGLCGALGLUSIDEtg,,Unassigned,,unmapped
R_GALASE19ly,GALASE19ly,R_HMR_7467,Keratan sulfate degradation,Keratan sulfate degradation,Human1 BiGG cross-reference
R_GALASE1ly,GALASE1ly,R_HMR_7577,N-glycan metabolism,N-glycan metabolism,Human1 BiGG cross-reference
R_FUCASE2e,FUCASE2e,R_HMR_7373;R_HMR_8266,Keratan sulfate degradation,Keratan sulfate degradation;Transport reactions,Human1 BiGG cross-reference
R_G14T2g,G14T2g,R_HMR_7443,Keratan sulfate biosynthesis,Keratan sulfate biosynthesis,Human1 BiGG cross-reference
R_GALASE20ly,GALASE20ly,R_HMR_7486,Keratan sulfate degradation,Keratan sulfate degradation,Human1 BiGG cross-reference
R_G14T3g,G14T3g,R_HMR_7445,Keratan sulfate biosynthesis,Keratan sulfate biosynthesis,Human1 BiGG cross-reference
R_GALASE3ly,GALASE3ly,R_HMR_7380,Keratan sulfate degradation,Keratan sulfate degradation,Human1 BiGG cross-reference
R_GALASE4ly,GALASE4ly,R_HMR_7384,Keratan sulfate degradation,Keratan sulfate degradation,Human1 BiGG cross-reference
R_GARFT,GARFT,R_HMR_4806;R_HMR_8228,Nucleotide metabolism,Nucleotide metabolism;Sphingolipid metabolism,Human1 BiGG cross-reference
R_G14T4g,G14T4g,R_HMR_7448,Keratan sulfate biosynthesis,Keratan sulfate biosynthesis,Human1 BiGG cross-reference
R_GASNASE2ly,GASNASE2ly,R_HMR_7585,N-glycan metabolism,N-glycan metabolism,Human1 BiGG cross-reference
R_GASNASE3ly,GASNASE3ly,R_HMR_7376,Keratan sulfate degradation,Keratan sulfate degradation,Human1 BiGG cross-reference
R_GALASE5ly,GALASE5ly,R_HMR_7388,Keratan sulfate degradation,Keratan sulfate degradation,Human1 BiGG cross-reference
R_GALASE6ly,GALASE6ly,R_HMR_7392,Keratan sulfate degradation,Keratan sulfate degradation,Human1 BiGG cross-reference
R_GALASE7ly,GALASE7ly,R_HMR_7396,Keratan sulfate degradation,Keratan sulfate degradation,Human1 BiGG cross-reference
R_GALASE8ly,GALASE8ly,R_HMR_7400,Keratan sulfate degradation,Keratan sulfate degradation,Human1 BiGG cross-reference
R_GALASE9ly,GALASE9ly,R_HMR_7404,Keratan sulfate degradation,Keratan sulfate degradation,Human1 BiGG cross-reference
R_GALC,GALC,,Unassigned,,unmapped
R_GASNASEly,GASNASEly,R_HMR_7574,N-glycan metabolism,N-glycan metabolism,Human1 BiGG cross-reference
R_GBA,GBA,,Unassigned,,unmapped
R_GBAl,GBAl,,Unassigned,,unmapped
R_GALFUC12GAL14ACGLCGALGLUSIDEte,GALFUC12GAL14ACGLCGALGLUSIDEte,,Unassigned,,unmapped
R_GALFUC12GAL14ACGLCGALGLUSIDEtg,GALFUC12GAL14ACGLCGALGLUSIDEtg,R_HMR_8210,Sphingolipid metabolism,Sphingolipid metabolism,Human1 BiGG cross-reference
R_GBGT1,GBGT1,,Unassigned,,unmapped
R_GALFUCGALACGLCGAL14ACGLCGALGLUSIDEte,GALFUCGALACGLCGAL14ACGLCGALGLUSIDEte,R_HMR_8283,Transport reactions,Transport reactions,Human1 BiGG cross-reference
R_GBSIDEte,GBSIDEte,,Unassigned,,unmapped
R_G14T5g,G14T5g,R_HMR_7451,Keratan sulfate biosynthesis,Keratan sulfate biosynthesis,Human1 BiGG cross-reference
R_GBSIDEtl,GBSIDEtl,R_HMR_8198,Sphingolipid metabolism,Sphingolipid metabolism,Human1 BiGG cross-reference
R_GALFUCGALACGLCGAL14ACGLCGALGLUSIDEtg,GALFUCGALACGLCGAL14ACGLCGALGLUSIDEtg,R_GALFUCGALACGLCGAL14ACGLCGALGLUSIDEtg;R_HMR_8282,Transport reactions,Transport reactions,Human1 BiGG cross-reference
R_GALGALFUCFUCGALACGLCGALACGLCGAL14ACGLCGALGLUSIDEte,GALGALFUCFUCGALACGLCGALACGLCGAL14ACGLCGALGLUSIDEte,R_HMR_8300,Transport reactions,Transport reactions,Human1 BiGG cross-reference
R_GALGALFUCFUCGALACGLCGALACGLCGAL14ACGLCGALGLUSIDEtg,GALGALFUCFUCGALACGLCGALACGLCGAL14ACGLCGALGLUSIDEtg,R_HMR_8299,Transport reactions,Transport reactions,Human1 BiGG cross-reference
R_GALGALGALTHCRMte,GALGALGALTHCRMte,R_HMR_8304,Transport reactions,Transport reactions,Human1 BiGG cross-reference
R_GCALDD,GCALDD,R_HMR_8878,Transport reactions,Transport reactions,Human1 BiGG cross-reference
R_GCALDDm,GCALDDm,R_HMR_8203,Transport reactions,Transport reactions,Human1 BiGG cross-reference
R_GALGALGALTHCRMtg,GALGALGALTHCRMtg,R_HMR_8303,Transport reactions,Transport reactions,Human1 BiGG cross-reference
R_G14T6g,G14T6g,R_HMR_7337,Keratan sulfate biosynthesis,Keratan sulfate biosynthesis,Human1 BiGG cross-reference
R_GALGLUSIDEtg,GALGLUSIDEtg,R_GALGLUSIDEtg;R_HMR_8253,Transport reactions,Transport reactions,Human1 BiGG cross-reference
R_GCC2am,GCC2am,R_HMR_8775,Tricarboxylic acid cycle and glyoxylate/dicarboxylate metabolism,Tricarboxylic acid cycle and glyoxylate/dicarboxylate metabolism,Human1 BiGG cross-reference
R_GCC2bim,GCC2bim,R_HMR_8778,Tricarboxylic acid cycle and glyoxylate/dicarboxylate metabolism,Tricarboxylic acid cycle and glyoxylate/dicarboxylate metabolism,Human1 BiGG cross-reference
R_GCC2cm,GCC2cm,R_HMR_6409;R_HMR_8433,"Glycine, serine and threonine metabolism","Glycine, serine and threonine metabolism",Human1 BiGG cross-reference
R_GALGLUSIDEtl,GALGLUSIDEtl,R_GALGLUSIDEtl;R_HMR_8252,Transport reactions,Transport reactions,Human1 BiGG cross-reference
R_GALGT1,GALGT1,R_GALGT1;R_HMR_8145,Sphingolipid metabolism,Sphingolipid metabolism;Transport reactions,Human1 BiGG cross-reference
R_GALGT2,GALGT2,R_HMR_8202,Transport reactions,Transport reactions,Human1 BiGG cross-reference
R_GALGT3,GALGT3,R_HMR_8165,Sphingolipid metabolism,Sphingolipid metabolism,Human1 BiGG cross-reference
R_GALGT4,GALGT4,R_HMR_8190,Sphingolipid metabolism,Sphingolipid metabolism,Human1 BiGG cross-reference
R_GCCam,GCCam,R_HMR_8434,"Glycine, serine and threonine metabolism","Glycine, serine and threonine metabolism",Human1 BiGG cross-reference
R_GCCbim,GCCbim,,Unassigned,,unmapped
R_G14T7g,G14T7g,R_HMR_7340,Keratan sulfate biosynthesis,Keratan sulfate biosynthesis,Human1 BiGG cross-reference
R_GCCcm,GCCcm,R_HMR_8435,"Glycine, serine and threonine metabolism","Glycine, serine and threonine metabolism",Human1 BiGG cross-reference
R_GCHOLAt,GCHOLAt,R_HMR_8436,"Glycine, serine and threonine metabolism","Glycine, serine and threonine metabolism",Human1 BiGG cross-reference
R_GCHOLAt2,GCHOLAt2,R_HMR_1863;R_HMR_8437,Bile acid recycling,"Bile acid recycling;Glycine, serine and threonine metabolism",Human1 BiGG cross-reference
R_GALKr,GALKr,R_HMR_4130;R_HMR_8191,Galactose metabolism,Galactose metabolism;Sphingolipid metabolism,Human1 BiGG cross-reference
R_GALNACT1g,GALNACT1g,R_HMR_7206;R_HMR_8192,Chondroitin / heparan sulfate biosynthesis,Chondroitin / heparan sulfate biosynthesis;Sphingolipid metabolism,Human1 BiGG cross-reference
R_GALNACT2g,GALNACT2g,R_HMR_7496,Chondroitin / heparan sulfate biosynthesis,Chondroitin / heparan sulfate biosynthesis,Human1 BiGG cross-reference
R_GALNACT3g,GALNACT3g,R_HMR_7521,Chondroitin / heparan sulfate biosynthesis,Chondroitin / heparan sulfate biosynthesis,Human1 BiGG cross-reference
R_GALNACT4g,GALNACT4g,R_HMR_7536,Chondroitin / heparan sulfate biosynthesis,Chondroitin / heparan sulfate biosynthesis,Human1 BiGG cross-reference
R_GCHOLAt3,GCHOLAt3,R_HMR_1868;R_HMR_8879,Bile acid recycling,Bile acid recycling;Transport reactions,Human1 BiGG cross-reference
R_G14T8g,G14T8g,R_HMR_7343,Keratan sulfate biosynthesis,Keratan sulfate biosynthesis,Human1 BiGG cross-reference
R_GCHOLAte,GCHOLAte,R_GCHOLAte,Transport reactions,Transport reactions,Human1 BiGG cross-reference
R_GALNACT5g,GALNACT5g,R_HMR_7494,Chondroitin / heparan sulfate biosynthesis,Chondroitin / heparan sulfate biosynthesis,Human1 BiGG cross-reference
R_GALNTg,GALNTg,R_GALNTg;R_HMR_7436,O-glycan metabolism,O-glycan metabolism,Human1 BiGG cross-reference
R_G14T9g,G14T9g,R_HMR_7346,Keratan sulfate biosynthesis,Keratan sulfate biosynthesis,Human1 BiGG cross-reference
R_GALOR,GALOR,,Unassigned,,unmapped
R_GALSIDEtg,GALSIDEtg,,Unassigned,,unmapped
R_GALSIDEtl,GALSIDEtl,R_HMR_0791;R_HMR_0802;R_HMR_8766,Transport reactions,Galactose metabolism;Transport reactions,Human1 BiGG cross-reference
R_GALT,GALT,R_HMR_8205,Transport reactions,Transport reactions,Human1 BiGG cross-reference
R_GCHOLAtx,GCHOLAtx,R_GCHOLAtx,Transport reactions,Transport reactions,Human1 BiGG cross-reference
R_GCNTg,GCNTg,,Unassigned,,unmapped
R_GD1B2te,GD1B2te,,Unassigned,,unmapped
R_GD1B2tg,GD1B2tg,R_HMR_8316,Blood group biosynthesis,Blood group biosynthesis,Human1 BiGG cross-reference
R_GALT2g,GALT2g,R_HMR_7203,Chondroitin / heparan sulfate biosynthesis,Chondroitin / heparan sulfate biosynthesis,Human1 BiGG cross-reference
R_GALTg,GALTg,R_HMR_7202;R_HMR_8876,Chondroitin / heparan sulfate biosynthesis,Chondroitin / heparan sulfate biosynthesis;Transport reactions,Human1 BiGG cross-reference
R_GD1Cte,GD1Cte,R_HMR_8881,Transport reactions,Transport reactions,Human1 BiGG cross-reference
R_G14Tg,G14Tg,R_HMR_7333,N-glycan metabolism,N-glycan metabolism,Human1 BiGG cross-reference
R_GD1Ctg,GD1Ctg,R_HMR_8880,Transport reactions,Transport reactions,Human1 BiGG cross-reference
R_GALUi,GALUi,R_HMR_3944,Galactose metabolism,Galactose metabolism,Human1 BiGG cross-reference
R_GALt1r,GALt1r,R_HMR_4858,Transport reactions,Transport reactions,Human1 BiGG cross-reference
R_GDCHOLAte,GDCHOLAte,R_HMR_8883,Transport reactions,Transport reactions,Human1 BiGG cross-reference
R_G16MT_L,G16MT_L,,Unassigned,,unmapped
R_GDCHOLAtx,GDCHOLAtx,R_HMR_8882,Transport reactions,Transport reactions,Human1 BiGG cross-reference
R_GDPFUCtg,GDPFUCtg,R_HMR_7733,Transport reactions,Transport reactions,Human1 BiGG cross-reference
R_GDPtg,GDPtg,R_GDPtg,Transport reactions,Transport reactions,Human1 BiGG cross-reference
R_GALt2_2,GALt2_2,R_GALt2_2;R_HMR_8767,Galactose metabolism,Galactose metabolism;Transport reactions,Human1 BiGG cross-reference
R_GALt4,GALt4,,Unassigned,,unmapped
R_GALt4_2,GALt4_2,,Unassigned,,unmapped
R_GALtly,GALtly,R_HMR_8877,Transport reactions,Transport reactions,Human1 BiGG cross-reference
R_GF6PTA,GF6PTA,R_HMR_4300,Amino sugar and nucleotide sugar metabolism,Amino sugar and nucleotide sugar metabolism,Human1 BiGG cross-reference
R_G16MT_U,G16MT_U,,Unassigned,,unmapped
R_GFUCS,GFUCS,R_HMR_8768,Fructose and mannose metabolism,Fructose and mannose metabolism,Human1 BiGG cross-reference
R_GAMYe,GAMYe,,Unassigned,,unmapped
R_GAMt1r,GAMt1r,R_HMR_4996;R_HMR_8765,Transport reactions,Transport reactions,Human1 BiGG cross-reference
R_GAO1,GAO1,,Unassigned,,unmapped
R_GAO1g,GAO1g,,Unassigned,,unmapped
R_GAO2,GAO2,R_HMR_8224,Sphingolipid metabolism,Sphingolipid metabolism,Human1 BiGG cross-reference
R_GGH_10FTHF5GLUe,GGH_10FTHF5GLUe,R_HMR_7920,Folate metabolism,Folate metabolism,Human1 BiGG cross-reference
R_GGH_10FTHF5GLUl,GGH_10FTHF5GLUl,R_HMR_7916,Folate metabolism,Folate metabolism,Human1 BiGG cross-reference
R_GGH_10FTHF6GLUe,GGH_10FTHF6GLUe,R_HMR_7921,Folate metabolism,Folate metabolism,Human1 BiGG cross-reference
R_GGH_10FTHF6GLUl,GGH_10FTHF6GLUl,R_HMR_7919,Folate metabolism,Folate metabolism,Human1 BiGG cross-reference
R_GGH_10FTHF7GLUe,GGH_10FTHF7GLUe,R_HMR_7922,Folate metabolism,Folate metabolism,Human1 BiGG cross-reference
R_GGH_10FTHF7GLUl,GGH_10FTHF7GLUl,R_HMR_7925,Folate metabolism,Folate metabolism,Human1 BiGG cross-reference
R_GHMT3m,GHMT3m,R_GHMT3m;R_HMR_6980,Lysine metabolism,Lysine metabolism,Human1 BiGG cross-reference
R_GK1,GK1,R_HMR_4020,Purine metabolism,Purine metabolism,Human1 BiGG cross-reference
R_GGH_5DHFe,GGH_5DHFe,R_HMR_8129,Folate metabolism,Folate metabolism,Human1 BiGG cross-reference
R_G1M6MASNB1terg,G1M6MASNB1terg,R_HMR_7294,Transport reactions,Transport reactions,Human1 BiGG cross-reference
R_GGH_5DHFl,GGH_5DHFl,R_HMR_8130,Folate metabolism,Folate metabolism,Human1 BiGG cross-reference
R_GGH_5THFe,GGH_5THFe,R_HMR_8132,Folate metabolism,Folate metabolism,Human1 BiGG cross-reference
R_GGH_5THFl,GGH_5THFl,R_HMR_8133,Folate metabolism,Folate metabolism,Human1 BiGG cross-reference
R_GK1m,GK1m,R_HMR_4135,Purine metabolism,Purine metabolism,Human1 BiGG cross-reference
R_GLACO,GLACO,R_HMR_8349,Ascorbate and aldarate metabolism,Ascorbate and aldarate metabolism,Human1 BiGG cross-reference
R_GLACOm,GLACOm,R_GLACOm,Vitamin C metabolism,Vitamin C metabolism,Human1 BiGG cross-reference
R_GLACter,GLACter,R_HMR_8350,Transport reactions,Transport reactions,Human1 BiGG cross-reference
R_GGH_6DHFe,GGH_6DHFe,R_HMR_8135,Folate metabolism,Folate metabolism,Human1 BiGG cross-reference
R_GGH_6DHFl,GGH_6DHFl,R_HMR_8136,Folate metabolism,Folate metabolism,Human1 BiGG cross-reference
R_GLAl,GLAl,R_HMR_8217,Sphingolipid metabolism,Sphingolipid metabolism,Human1 BiGG cross-reference
R_G1M7MASNBterg,G1M7MASNBterg,R_HMR_7298,Transport reactions,Transport reactions,Human1 BiGG cross-reference
R_GLB1,GLB1,R_HMR_0782,Transport reactions,Transport reactions,Human1 BiGG cross-reference
R_GLBRAN,GLBRAN,R_HMR_5397,Starch and sucrose metabolism,Starch and sucrose metabolism,Human1 BiGG cross-reference
R_GLCAASE1ly,GLCAASE1ly,R_HMR_7235,Heparan sulfate degradation,Heparan sulfate degradation,Human1 BiGG cross-reference
R_GGH_6THFe,GGH_6THFe,R_HMR_8137,Folate metabolism,Folate metabolism,Human1 BiGG cross-reference
R_GGH_6THFl,GGH_6THFl,R_HMR_8138,Folate metabolism,Folate metabolism,Human1 BiGG cross-reference
R_GGH_7DHFe,GGH_7DHFe,R_HMR_8139,Folate metabolism,Folate metabolism,Human1 BiGG cross-reference
R_GGH_7DHFl,GGH_7DHFl,R_HMR_8140,Folate metabolism,Folate metabolism,Human1 BiGG cross-reference
R_GLCAASE4ly,GLCAASE4ly,R_HMR_7505,Chondroitin sulfate degradation,Chondroitin sulfate degradation,Human1 BiGG cross-reference
R_GLCAASE5ly,GLCAASE5ly,R_HMR_7529,Chondroitin sulfate degradation,Chondroitin sulfate degradation,Human1 BiGG cross-reference
R_GGH_7THFe,GGH_7THFe,R_HMR_8141,Folate metabolism,Folate metabolism,Human1 BiGG cross-reference
R_G1M7MASNCterg,G1M7MASNCterg,R_HMR_7299,Transport reactions,Transport reactions,Human1 BiGG cross-reference
R_GGH_7THFl,GGH_7THFl,R_HMR_8142,Folate metabolism,Folate metabolism,Human1 BiGG cross-reference
R_GGLUCT,GGLUCT,R_HMR_8770,Glutathione metabolism,Glutathione metabolism,Human1 BiGG cross-reference
R_GGNG,GGNG,,Unassigned,,unmapped
R_GGT5r,GGT5r,R_HMR_8548,Eicosanoid metabolism,Eicosanoid metabolism,Human1 BiGG cross-reference
R_GGT6,GGT6,R_HMR_8549,Eicosanoid metabolism,Eicosanoid metabolism,Human1 BiGG cross-reference
R_GGT_L,GGT_L,R_HMR_7254,N-glycan metabolism,N-glycan metabolism,Human1 BiGG cross-reference
R_GLCAASE6ly,GLCAASE6ly,R_HMR_7546,Chondroitin sulfate degradation,Chondroitin sulfate degradation,Human1 BiGG cross-reference
R_GLCAASE7ly,GLCAASE7ly,R_HMR_7562,Chondroitin sulfate degradation,Chondroitin sulfate degradation,Human1 BiGG cross-reference
R_GLCAASE8ly,GLCAASE8ly,R_HMR_7571,Heparan sulfate degradation,Heparan sulfate degradation,Human1 BiGG cross-reference
R_GLCAASE9ly,GLCAASE9ly,R_HMR_7573,Heparan sulfate degradation,Heparan sulfate degradation,Human1 BiGG cross-reference
R_GLCAE1g,GLCAE1g,R_HMR_7497,Chondroitin / heparan sulfate biosynthesis,Chondroitin / heparan sulfate biosynthesis,Human1 BiGG cross-reference
R_GLCAE2g,GLCAE2g,R_HMR_7217,Chondroitin / heparan sulfate biosynthesis,Chondroitin / heparan sulfate biosynthesis,Human1 BiGG cross-reference
R_GLCAT2g,GLCAT2g,R_HMR_7495,Chondroitin / heparan sulfate biosynthesis,Chondroitin / heparan sulfate biosynthesis,Human1 BiGG cross-reference
R_GLCAT3g,GLCAT3g,R_HMR_7520,Chondroitin / heparan sulfate biosynthesis,Chondroitin / heparan sulfate biosynthesis,Human1 BiGG cross-reference
R_GLCAT4g,GLCAT4g,R_HMR_7535,Chondroitin / heparan sulfate biosynthesis,Chondroitin / heparan sulfate biosynthesis,Human1 BiGG cross-reference
R_GGT_U,GGT_U,,Unassigned,,unmapped
R_GHMT2r,GHMT2r,R_HMR_3845,"Glycine, serine and threonine metabolism","Glycine, serine and threonine metabolism",Human1 BiGG cross-reference
R_GHMT2rm,GHMT2rm,R_HMR_4792,"Glycine, serine and threonine metabolism","Glycine, serine and threonine metabolism",Human1 BiGG cross-reference
R_G1M8MASNterg,G1M8MASNterg,R_HMR_7297,Transport reactions,Transport reactions,Human1 BiGG cross-reference
R_GHMT3,GHMT3,,Unassigned,,unmapped
R_GLCAT5g,GLCAT5g,R_HMR_7493,Chondroitin / heparan sulfate biosynthesis,Chondroitin / heparan sulfate biosynthesis,Human1 BiGG cross-reference
R_GLCAT6g,GLCAT6g,R_HMR_7208,Chondroitin / heparan sulfate biosynthesis,Chondroitin / heparan sulfate biosynthesis,Human1 BiGG cross-reference
R_GLCAT7g,GLCAT7g,R_HMR_7210,Chondroitin / heparan sulfate biosynthesis,Chondroitin / heparan sulfate biosynthesis,Human1 BiGG cross-reference
R_G1PTT,G1PTT,R_HMR_7696,Amino sugar and nucleotide sugar metabolism,Amino sugar and nucleotide sugar metabolism,Human1 BiGG cross-reference
R_GLCAT8g,GLCAT8g,R_HMR_7212,Chondroitin / heparan sulfate biosynthesis,Chondroitin / heparan sulfate biosynthesis,Human1 BiGG cross-reference
R_GLCAT9g,GLCAT9g,R_HMR_7214,Chondroitin / heparan sulfate biosynthesis,Chondroitin / heparan sulfate biosynthesis,Human1 BiGG cross-reference
R_GLCt4_2,GLCt4_2,R_HMR_8884,Transport reactions,Transport reactions,Human1 BiGG cross-reference
R_G2M8MASNterg,G2M8MASNterg,R_HMR_7296,Transport reactions,Transport reactions,Human1 BiGG cross-reference
R_GLCter,GLCter,R_HMR_5027,Transport reactions,Transport reactions,Human1 BiGG cross-reference
R_GLCATg,GLCATg,R_HMR_7205,Chondroitin / heparan sulfate biosynthesis,Chondroitin / heparan sulfate biosynthesis,Human1 BiGG cross-reference
R_GLCMter,GLCMter,R_GLCMter,Transport reactions,Transport reactions,Human1 BiGG cross-reference
R_GLCtg,GLCtg,R_HMR_7675,Transport reactions,Transport reactions,Human1 BiGG cross-reference
R_G3M8MASNterg,G3M8MASNterg,R_HMR_7295,Transport reactions,Transport reactions,Human1 BiGG cross-reference
R_GLCtly,GLCtly,R_HMR_8885,Transport reactions,Transport reactions,Human1 BiGG cross-reference
R_GLDBRAN,GLDBRAN,R_GLDBRAN,Starch and sucrose metabolism,Starch and sucrose metabolism,Human1 BiGG cross-reference
R_GLGNS1,GLGNS1,R_HMR_5396,Starch and sucrose metabolism,Starch and sucrose metabolism,Human1 BiGG cross-reference
R_GLCNACASE1ly,GLCNACASE1ly,R_HMR_7229,Heparan sulfate degradation,Heparan sulfate degradation,Human1 BiGG cross-reference
R_GLCNACASE2ly,GLCNACASE2ly,R_HMR_7234,Heparan sulfate degradation,Heparan sulfate degradation,Human1 BiGG cross-reference
R_GLCNACASE3ly,GLCNACASE3ly,R_HMR_7240,Heparan sulfate degradation,Heparan sulfate degradation,Human1 BiGG cross-reference
R_GLCNACASE4ly,GLCNACASE4ly,R_HMR_7246,Heparan sulfate degradation,Heparan sulfate degradation,Human1 BiGG cross-reference
R_GLCNACASE5ly,GLCNACASE5ly,R_HMR_7250,Heparan sulfate degradation,Heparan sulfate degradation,Human1 BiGG cross-reference
R_GLCNACDASg,GLCNACDASg,R_HMR_7216,Chondroitin / heparan sulfate biosynthesis,Chondroitin / heparan sulfate biosynthesis,Human1 BiGG cross-reference
R_GLNALANaEx,GLNALANaEx,R_HMR_5618,Transport reactions,Transport reactions,Human1 BiGG cross-reference
R_GLNASNNaEx,GLNASNNaEx,R_HMR_5627,Transport reactions,Transport reactions,Human1 BiGG cross-reference
R_G3PD1ir,G3PD1ir,,Unassigned,,unmapped
R_GLNCYSNaEx,GLNCYSNaEx,R_HMR_5624,Transport reactions,Transport reactions,Human1 BiGG cross-reference
R_GLNLASEer,GLNLASEer,R_HMR_8346,Ascorbate and aldarate metabolism,Ascorbate and aldarate metabolism,Human1 BiGG cross-reference
R_GLCNACPT_L,GLCNACPT_L,,Unassigned,,unmapped
R_GLCNACPT_U,GLCNACPT_U,,Unassigned,,unmapped
R_GLCNACT1g,GLCNACT1g,R_HMR_7207,Chondroitin / heparan sulfate biosynthesis,Chondroitin / heparan sulfate biosynthesis,Human1 BiGG cross-reference
R_GLCNACT2g,GLCNACT2g,R_HMR_7209,Chondroitin / heparan sulfate biosynthesis,Chondroitin / heparan sulfate biosynthesis,Human1 BiGG cross-reference
R_G3PD2m,G3PD2m,R_G3PD2m;R_HMR_0482,Glycerophospholipid metabolism,Glycerophospholipid metabolism;Glycolysis / Gluconeogenesis,Human1 BiGG cross-reference
R_GLCNACT3g,GLCNACT3g,R_HMR_7211,Chondroitin / heparan sulfate biosynthesis,Chondroitin / heparan sulfate biosynthesis,Human1 BiGG cross-reference
R_GLCNACT4g,GLCNACT4g,R_HMR_7213,Chondroitin / heparan sulfate biosynthesis,Chondroitin / heparan sulfate biosynthesis,Human1 BiGG cross-reference
R_GLCNACT5g,GLCNACT5g,R_HMR_7215,Chondroitin / heparan sulfate biosynthesis,Chondroitin / heparan sulfate biosynthesis,Human1 BiGG cross-reference
R_GLNS,GLNS,R_HMR_3890,"Alanine, aspartate and glutamate metabolism","Alanine, aspartate and glutamate metabolism",Human1 BiGG cross-reference
R_GLNSERNaEx,GLNSERNaEx,R_HMR_5619,Transport reactions,Transport reactions,Human1 BiGG cross-reference
R_GLNTHRNaEx,GLNTHRNaEx,R_HMR_5629,Transport reactions,Transport reactions,Human1 BiGG cross-reference
R_GLCNACT_L,GLCNACT_L,,Unassigned,,unmapped
R_GLCNACT_U,GLCNACT_U,,Unassigned,,unmapped
R_GLNt4,GLNt4,R_HMR_5308;R_HMR_6380,Transport reactions,Transport reactions,Human1 BiGG cross-reference
R_GLNtN1,GLNtN1,R_HMR_5310,Transport reactions,Transport reactions,Human1 BiGG cross-reference
R_GLNtm,GLNtm,R_GLNtm;R_HMR_5101;R_HMR_5102,Transport reactions,Transport reactions,Human1 BiGG cross-reference
R_GLPASE1,GLPASE1,R_HMR_5398,Starch and sucrose metabolism,Starch and sucrose metabolism,Human1 BiGG cross-reference
R_GLCURter,GLCURter,R_HMR_8886,Transport reactions,Transport reactions,Human1 BiGG cross-reference
R_GLCURtly,GLCURtly,R_HMR_8887,Transport reactions,Transport reactions,Human1 BiGG cross-reference
R_GLCt1,GLCt1,,Unassigned,,unmapped
R_GLCt2_2,GLCt2_2,R_GLCt2_2,Transport reactions,Transport reactions,Human1 BiGG cross-reference
R_GLPASE2,GLPASE2,,Unassigned,,unmapped
R_GLRASE,GLRASE,R_HMR_8348,Ascorbate and aldarate metabolism,Ascorbate and aldarate metabolism,Human1 BiGG cross-reference
R_GLCt2,GLCt2,R_HMR_5029,Transport reactions,Transport reactions,Human1 BiGG cross-reference
R_G5SADrm,G5SADrm,R_HMR_3820,Arginine and proline metabolism,Arginine and proline metabolism,Human1 BiGG cross-reference
R_GLCt4,GLCt4,R_HMR_5450,Transport reactions,Transport reactions,Human1 BiGG cross-reference
R_GLU5Km,GLU5Km,R_HMR_3895,Arginine and proline metabolism,Arginine and proline metabolism,Human1 BiGG cross-reference
R_GLUCYS,GLUCYS,R_HMR_4324,Glutathione metabolism,Glutathione metabolism,Human1 BiGG cross-reference
R_GLUDC,GLUDC,R_HMR_4690,"Alanine, aspartate and glutamate metabolism","Alanine, aspartate and glutamate metabolism",Human1 BiGG cross-reference
R_G5SADs,G5SADs,R_HMR_3819,Arginine and proline metabolism,Arginine and proline metabolism,Human1 BiGG cross-reference
R_GLYt7_211_r,GLYt7_211_r,R_HMR_5455,Transport reactions,Transport reactions,Human1 BiGG cross-reference
R_GLYt7_311_r,GLYt7_311_r,R_HMR_5457,Transport reactions,Transport reactions,Human1 BiGG cross-reference
R_G5SDym,G5SDym,R_HMR_3897,Arginine and proline metabolism,Arginine and proline metabolism,Human1 BiGG cross-reference
R_GLYtm,GLYtm,R_HMR_5124,Transport reactions,Transport reactions,Human1 BiGG cross-reference
R_G6PDA,G6PDA,R_HMR_4299,Amino sugar and nucleotide sugar metabolism,Amino sugar and nucleotide sugar metabolism,Human1 BiGG cross-reference
R_GLYtp,GLYtp,R_HMR_3848,Transport reactions,Transport reactions,Human1 BiGG cross-reference
R_G6PDH1er_copy1,G6PDH1er_copy1,,Unassigned,,unmapped
R_GMAND,GMAND,R_HMR_4399,Fructose and mannose metabolism,Fructose and mannose metabolism,Human1 BiGG cross-reference
R_G6PDH1er_copy2,G6PDH1er_copy2,,Unassigned,,unmapped
R_GMPR,GMPR,,Unassigned,,unmapped
R_GMPS2,GMPS2,R_HMR_4046,Purine metabolism,Purine metabolism,Human1 BiGG cross-reference
R_G6PDH2r,G6PDH2r,R_HMR_4306;R_HMR_8653,Pentose phosphate pathway,Pentose phosphate pathway,Human1 BiGG cross-reference
R_GMPtn,GMPtn,R_HMR_8894,Transport reactions,Transport reactions,Human1 BiGG cross-reference
R_GND,GND,R_HMR_4474,Pentose phosphate pathway,Pentose phosphate pathway,Human1 BiGG cross-reference
R_GNDer,GNDer,R_HMR_4473,Pentose phosphate pathway,Pentose phosphate pathway,Human1 BiGG cross-reference
R_G6PDH2er,G6PDH2er,R_HMR_4304,Pentose phosphate pathway,Pentose phosphate pathway,Human1 BiGG cross-reference
R_GNMT,GNMT,R_HMR_3901,"Glycine, serine and threonine metabolism","Glycine, serine and threonine metabolism",Human1 BiGG cross-reference
R_GP1CALPHAte,GP1CALPHAte,R_HMR_8896,Transport reactions,Transport reactions,Human1 BiGG cross-reference
R_GP1CALPHAtg,GP1CALPHAtg,R_HMR_8895,Transport reactions,Transport reactions,Human1 BiGG cross-reference
R_GP1Cte,GP1Cte,R_HMR_8898,Transport reactions,Transport reactions,Human1 BiGG cross-reference
R_GP1Ctg,GP1Ctg,R_HMR_8897,Transport reactions,Transport reactions,Human1 BiGG cross-reference
R_GPAM_hs,GPAM_hs,,Unassigned,,unmapped
R_GDHm,GDHm,R_HMR_3802,"Alanine, aspartate and glutamate metabolism","Alanine, aspartate and glutamate metabolism",Human1 BiGG cross-reference
R_GLUDym,GLUDym,R_HMR_3804,"Alanine, aspartate and glutamate metabolism","Alanine, aspartate and glutamate metabolism",Human1 BiGG cross-reference
R_GLUNm,GLUNm,R_HMR_3892;R_HMR_9802,"Alanine, aspartate and glutamate metabolism","Alanine, aspartate and glutamate metabolism",Human1 BiGG cross-reference
R_GLUPRT,GLUPRT,R_HMR_4406,Purine metabolism,Purine metabolism,Human1 BiGG cross-reference
R_GLUTCOADHm,GLUTCOADHm,R_HMR_4243,"Phenylalanine, tyrosine and tryptophan biosynthesis","Phenylalanine, tyrosine and tryptophan biosynthesis",Human1 BiGG cross-reference
R_GPAMm_hs,GPAMm_hs,,Unassigned,,unmapped
R_GPDDA1,GPDDA1,,Unassigned,,unmapped
R_G6PPer,G6PPer,R_HMR_4521,Glycolysis / Gluconeogenesis,Glycolysis / Gluconeogenesis,Human1 BiGG cross-reference
R_GPIAT,GPIAT,R_HMR_8381,Glycosylphosphatidylinositol (GPI)-anchor biosynthesis,Glycosylphosphatidylinositol (GPI)-anchor biosynthesis,Human1 BiGG cross-reference
R_GPIDA2er,GPIDA2er,R_HMR_8403,Glycosylphosphatidylinositol (GPI)-anchor biosynthesis,Glycosylphosphatidylinositol (GPI)-anchor biosynthesis,Human1 BiGG cross-reference
R_GLUVESSEC,GLUVESSEC,R_HMR_5332,Transport reactions,Transport reactions,Human1 BiGG cross-reference
R_GLUt2m,GLUt2m,R_HMR_5122,Transport reactions,Transport reactions,Human1 BiGG cross-reference
R_GPIDAer,GPIDAer,R_HMR_8405,Glycosylphosphatidylinositol (GPI)-anchor biosynthesis,Glycosylphosphatidylinositol (GPI)-anchor biosynthesis,Human1 BiGG cross-reference
R_GPIMTer_L,GPIMTer_L,R_HMR_8383,Glycosylphosphatidylinositol (GPI)-anchor biosynthesis,Glycosylphosphatidylinositol (GPI)-anchor biosynthesis,Human1 BiGG cross-reference
R_G6Pter,G6Pter,R_HMR_4856,Transport reactions,Transport reactions,Human1 BiGG cross-reference
R_GPIMTer_U,GPIMTer_U,,Unassigned,,unmapped
R_GQ1BALPHAte,GQ1BALPHAte,R_HMR_8899,Transport reactions,Transport reactions,Human1 BiGG cross-reference
R_GLUt6,GLUt6,R_HMR_4932,Transport reactions,Transport reactions,Human1 BiGG cross-reference
R_GLUt7l,GLUt7l,R_HMR_5067,Transport reactions,Transport reactions,Human1 BiGG cross-reference
R_GLUtr,GLUtr,R_HMR_8888,Transport reactions,Transport reactions,Human1 BiGG cross-reference
R_GQ1BALPHAtg,GQ1BALPHAtg,R_HMR_8900,Transport reactions,Transport reactions,Human1 BiGG cross-reference
R_GABAVESSEC,GABAVESSEC,R_GABAVESSEC;R_HMR_7738,Transport reactions,Transport reactions,Human1 BiGG cross-reference
R_GQ1Bte,GQ1Bte,R_HMR_8901,Transport reactions,Transport reactions,Human1 BiGG cross-reference
R_GQ1Btg,GQ1Btg,R_HMR_8902,Transport reactions,Transport reactions,Human1 BiGG cross-reference
R_GLXO1,GLXO1,R_HMR_8780,Tricarboxylic acid cycle and glyoxylate/dicarboxylate metabolism,Tricarboxylic acid cycle and glyoxylate/dicarboxylate metabolism,Human1 BiGG cross-reference
R_GLXO2p,GLXO2p,R_HMR_7704,Tricarboxylic acid cycle and glyoxylate/dicarboxylate metabolism,Tricarboxylic acid cycle and glyoxylate/dicarboxylate metabolism,Human1 BiGG cross-reference
R_GLXtm,GLXtm,R_HMR_7708,Transport reactions,Transport reactions,Human1 BiGG cross-reference
R_GLXtp,GLXtp,R_HMR_7707,Transport reactions,Transport reactions,Human1 BiGG cross-reference
R_GRTT,GRTT,,Unassigned,,unmapped
R_GRTTx,GRTTx,R_GRTTx;R_HMR_1460,Cholesterol metabolism,Cholesterol metabolism,Human1 BiGG cross-reference
R_GSNKm,GSNKm,R_HMR_4451,Purine metabolism,Purine metabolism,Human1 BiGG cross-reference
R_GSNt,GSNt,R_HMR_5037,Transport reactions,Transport reactions,Human1 BiGG cross-reference
R_GSNt4,GSNt4,R_HMR_5129,Transport reactions,Transport reactions,Human1 BiGG cross-reference
R_GSNt5,GSNt5,R_HMR_6360,Transport reactions,Transport reactions,Human1 BiGG cross-reference
R_GLYAMDTRc,GLYAMDTRc,,Unassigned,,unmapped
R_GLYATm,GLYATm,R_HMR_3847,"Glycine, serine and threonine metabolism","Glycine, serine and threonine metabolism",Human1 BiGG cross-reference
R_GLYBt4_2_r,GLYBt4_2_r,R_HMR_8889,Transport reactions,Transport reactions,Human1 BiGG cross-reference
R_GSNtl,GSNtl,R_HMR_7729,Transport reactions,Transport reactions,Human1 BiGG cross-reference
R_GLYBtm,GLYBtm,R_HMR_8890,Transport reactions,Transport reactions,Human1 BiGG cross-reference
R_GACMTRc,GACMTRc,R_HMR_4583,Arginine and proline metabolism,Arginine and proline metabolism,Human1 BiGG cross-reference
R_GLYC3Ptm,GLYC3Ptm,R_HMR_8891,Transport reactions,Transport reactions,Human1 BiGG cross-reference
R_GLYCK2,GLYCK2,R_HMR_8781,Tricarboxylic acid cycle and glyoxylate/dicarboxylate metabolism,Tricarboxylic acid cycle and glyoxylate/dicarboxylate metabolism,Human1 BiGG cross-reference
R_GSNtm,GSNtm,R_HMR_5036,Transport reactions,Transport reactions,Human1 BiGG cross-reference
R_GT1Ate,GT1Ate,R_HMR_8903,Transport reactions,Transport reactions,Human1 BiGG cross-reference
R_GT1Atg,GT1Atg,R_HMR_8904,Transport reactions,Transport reactions,Human1 BiGG cross-reference
R_GTHDH,GTHDH,R_HMR_8620,Ascorbate and aldarate metabolism,Ascorbate and aldarate metabolism,Human1 BiGG cross-reference
R_GLYCLTDy,GLYCLTDy,,Unassigned,,unmapped
R_GLYCLTDym,GLYCLTDym,R_HMR_8779,Tricarboxylic acid cycle and glyoxylate/dicarboxylate metabolism,Tricarboxylic acid cycle and glyoxylate/dicarboxylate metabolism,Human1 BiGG cross-reference
R_GTHOr,GTHOr,R_HMR_4118,"Alanine, aspartate and glutamate metabolism","Alanine, aspartate and glutamate metabolism",Human1 BiGG cross-reference
R_GACPAILter,GACPAILter,,Unassigned,,unmapped
R_GTHOm,GTHOm,R_HMR_3870,"Alanine, aspartate and glutamate metabolism","Alanine, aspartate and glutamate metabolism",Human1 BiGG cross-reference
R_GTHPi,GTHPi,R_HMR_4116,Glutathione metabolism,Glutathione metabolism,Human1 BiGG cross-reference
R_GLYCLTtp,GLYCLTtp,R_HMR_7705,Transport reactions,Transport reactions,Human1 BiGG cross-reference
R_GLYCTO1p,GLYCTO1p,R_HMR_7706,Tricarboxylic acid cycle and glyoxylate/dicarboxylate metabolism,Tricarboxylic acid cycle and glyoxylate/dicarboxylate metabolism,Human1 BiGG cross-reference
R_GLYC_St,GLYC_St,R_GLYC_St;R_HMR_8893,Transport reactions,Transport reactions,Human1 BiGG cross-reference
R_GTHPe,GTHPe,R_HMR_4120,Glutathione metabolism,Glutathione metabolism,Human1 BiGG cross-reference
R_GLYCt,GLYCt,R_HMR_0444,Transport reactions,Transport reactions,Human1 BiGG cross-reference
R_GTHPm,GTHPm,R_HMR_4121,Glutathione metabolism,Glutathione metabolism,Human1 BiGG cross-reference
R_GAL3ST11,GAL3ST11,,Unassigned,,unmapped
R_GTHRDt,GTHRDt,R_HMR_8771,Transport reactions,Transport reactions,Human1 BiGG cross-reference
R_GTHRDtr,GTHRDtr,R_HMR_1035,Transport reactions,Transport reactions,Human1 BiGG cross-reference
R_GTHS,GTHS,R_HMR_4326,Glutathione metabolism,Glutathione metabolism,Human1 BiGG cross-reference
R_GTMLTe,GTMLTe,R_HMR_8769,Glutathione metabolism,Glutathione metabolism,Human1 BiGG cross-reference
R_GLYCtm,GLYCtm,R_HMR_0446,Transport reactions,Transport reactions,Human1 BiGG cross-reference
R_GLYK,GLYK,R_HMR_0450,Glycerophospholipid metabolism,Glycerophospholipid metabolism,Human1 BiGG cross-reference
R_GLYKm,GLYKm,R_HMR_0448,Glycerophospholipid metabolism,Glycerophospholipid metabolism,Human1 BiGG cross-reference
R_GLYOX,GLYOX,R_HMR_3857,Pyruvate metabolism,Pyruvate metabolism,Human1 BiGG cross-reference
R_GLYOXm,GLYOXm,R_HMR_8511,Pyruvate metabolism,Pyruvate metabolism,Human1 BiGG cross-reference
R_GTPCI,GTPCI,R_HMR_4160,Biopterin metabolism,Biopterin metabolism,Human1 BiGG cross-reference
R_GTPCIn,GTPCIn,R_HMR_4162,Biopterin metabolism,Biopterin metabolism,Human1 BiGG cross-reference
R_GTPtn,GTPtn,R_HMR_7792,Transport reactions,Transport reactions,Human1 BiGG cross-reference
R_GLYOp,GLYOp,,Unassigned,,unmapped
R_GAL3ST12,GAL3ST12,R_HMR_8382,Transport reactions,Transport reactions,Human1 BiGG cross-reference
R_GLYVESSEC,GLYVESSEC,R_GLYVESSEC;R_HMR_7737,Transport reactions,Transport reactions,Human1 BiGG cross-reference
R_GLYt2r,GLYt2r,R_HMR_5076;R_HMR_6371,Transport reactions,Transport reactions,Human1 BiGG cross-reference
R_GLYt2rL,GLYt2rL,R_GLYt2rL;R_HMR_5053,Transport reactions,Transport reactions,Human1 BiGG cross-reference
R_GUACYC,GUACYC,R_HMR_4022,Purine metabolism,Purine metabolism,Human1 BiGG cross-reference
R_GUAD,GUAD,R_HMR_4518,Purine metabolism,Purine metabolism,Human1 BiGG cross-reference
R_GUAPRT,GUAPRT,R_HMR_4452,Purine metabolism,Purine metabolism,Human1 BiGG cross-reference
R_GLYt4,GLYt4,R_HMR_5320,Transport reactions,Transport reactions,Human1 BiGG cross-reference
R_GALACGLCGALGBSIDEte,GALACGLCGALGBSIDEte,R_HMR_8206,Sphingolipid metabolism,Sphingolipid metabolism,Human1 BiGG cross-reference
R_GUAt,GUAt,R_HMR_4985,Transport reactions,Transport reactions,Human1 BiGG cross-reference
R_GULLACter,GULLACter,R_HMR_8347,Transport reactions,Transport reactions,Human1 BiGG cross-reference
R_GULN3D,GULN3D,R_HMR_8352,Pentose and glucuronate interconversions,Pentose and glucuronate interconversions,Human1 BiGG cross-reference
R_H2CO3Dm,H2CO3Dm,R_HMR_8751,Miscellaneous,Miscellaneous,Human1 BiGG cross-reference
R_H2ETer,H2ETer,R_HMR_8391,Glycosylphosphatidylinositol (GPI)-anchor biosynthesis,Glycosylphosphatidylinositol (GPI)-anchor biosynthesis,Human1 BiGG cross-reference
R_GULNDer,GULNDer,R_HMR_8344,Pentose and glucuronate interconversions,Pentose and glucuronate interconversions,Human1 BiGG cross-reference
R_GALACGLCGALGBSIDEtg,GALACGLCGALGBSIDEtg,R_HMR_8212,Sphingolipid metabolism,Sphingolipid metabolism,Human1 BiGG cross-reference
R_GULNter,GULNter,R_HMR_8351,Transport reactions,Transport reactions,Human1 BiGG cross-reference
R_GUR1PP,GUR1PP,R_HMR_8728,Pentose and glucuronate interconversions,Pentose and glucuronate interconversions,Human1 BiGG cross-reference
R_GALASE10ly,GALASE10ly,R_HMR_7408;R_HMR_8154,Keratan sulfate degradation,Keratan sulfate degradation;Transport reactions,Human1 BiGG cross-reference
R_H2MTer_L,H2MTer_L,R_HMR_8384,Glycosylphosphatidylinositol (GPI)-anchor biosynthesis,Glycosylphosphatidylinositol (GPI)-anchor biosynthesis,Human1 BiGG cross-reference
R_H2MTer_U,H2MTer_U,,Unassigned,,unmapped
R_H2O2syn,H2O2syn,R_HMR_7701,Tyrosine metabolism,Tyrosine metabolism,Human1 BiGG cross-reference
R_H2O2t,H2O2t,R_HMR_8408,Transport reactions,Transport reactions,Human1 BiGG cross-reference
R_H2O2tly,H2O2tly,R_HMR_7762,Transport reactions,Transport reactions,Human1 BiGG cross-reference
R_GluForTx,GluForTx,R_HMR_4658,Histidine metabolism,Histidine metabolism,Human1 BiGG cross-reference
R_H2CO3D,H2CO3D,R_HMR_5406,Miscellaneous,Miscellaneous,Human1 BiGG cross-reference
R_H2CO3D2,H2CO3D2,R_HMR_8749,Miscellaneous,Miscellaneous,Human1 BiGG cross-reference
R_H2CO3D2m,H2CO3D2m,R_HMR_8750,Miscellaneous,Miscellaneous,Human1 BiGG cross-reference
R_H2O2tm,H2O2tm,R_HMR_3946,Transport reactions,Transport reactions,Human1 BiGG cross-reference
R_GALASE11ly,GALASE11ly,R_HMR_7412;R_HMR_8153,Keratan sulfate degradation,Keratan sulfate degradation;Transport reactions,Human1 BiGG cross-reference
R_H2O2tn,H2O2tn,R_HMR_7763,Transport reactions,Transport reactions,Human1 BiGG cross-reference
R_H2O2tp,H2O2tp,R_HMR_3947,Transport reactions,Transport reactions,Human1 BiGG cross-reference
R_GALASE12ly,GALASE12ly,R_HMR_7416,Keratan sulfate degradation,Keratan sulfate degradation,Human1 BiGG cross-reference
R_H2Ot,H2Ot,R_HMR_4885,Transport reactions,Transport reactions,Human1 BiGG cross-reference
R_H2Oter,H2Oter,R_HMR_4883,Transport reactions,Transport reactions,Human1 BiGG cross-reference
R_H2Otg,H2Otg,R_HMR_4892,Transport reactions,Transport reactions,Human1 BiGG cross-reference
R_HEX1,HEX1,R_HMR_4394,Glycolysis / Gluconeogenesis,Glycolysis / Gluconeogenesis,Human1 BiGG cross-reference
R_HEX10,HEX10,R_HMR_4494,Amino sugar and nucleotide sugar metabolism,Amino sugar and nucleotide sugar metabolism,Human1 BiGG cross-reference
R_H2Otly,H2Otly,R_HMR_4887,Transport reactions,Transport reactions,Human1 BiGG cross-reference
R_GALASE13ly,GALASE13ly,R_HMR_7420,Keratan sulfate degradation,Keratan sulfate degradation,Human1 BiGG cross-reference
R_H2Otm,H2Otm,R_HMR_4888,Transport reactions,Transport reactions,Human1 BiGG cross-reference
R_HEX4,HEX4,R_HMR_4490,Fructose and mannose metabolism,Fructose and mannose metabolism,Human1 BiGG cross-reference
R_HEX7,HEX7,R_HMR_4319,Fructose and mannose metabolism,Fructose and mannose metabolism,Human1 BiGG cross-reference
R_H2Otn,H2Otn,R_HMR_4893,Transport reactions,Transport reactions,Human1 BiGG cross-reference
R_GALASE14ly,GALASE14ly,R_HMR_7424,Keratan sulfate degradation,Keratan sulfate degradation,Human1 BiGG cross-reference
R_H2Otp,H2Otp,R_HMR_4890,Transport reactions,Transport reactions,Human1 BiGG cross-reference
R_H3ETer,H3ETer,R_HMR_8392,Glycosylphosphatidylinositol (GPI)-anchor biosynthesis,Glycosylphosphatidylinositol (GPI)-anchor biosynthesis,Human1 BiGG cross-reference
R_HEXCCOAtx,HEXCCOAtx,,Unassigned,,unmapped
R_HEXCCPT1,HEXCCPT1,,Unassigned,,unmapped
R_HEXCCPT2,HEXCCPT2,R_HEXCCPT2,Fatty acid oxidation,Fatty acid oxidation,Human1 BiGG cross-reference
R_HEXCCRNt,HEXCCRNt,R_HEXCCRNt,Fatty acid oxidation,Fatty acid oxidation,Human1 BiGG cross-reference
R_HEXCt,HEXCt,,Unassigned,,unmapped
R_HGNTOR,HGNTOR,R_HMR_6774,"Phenylalanine, tyrosine and tryptophan biosynthesis","Phenylalanine, tyrosine and tryptophan biosynthesis",Human1 BiGG cross-reference
R_H3MTer_L,H3MTer_L,R_HMR_8385,Glycosylphosphatidylinositol (GPI)-anchor biosynthesis,Glycosylphosphatidylinositol (GPI)-anchor biosynthesis,Human1 BiGG cross-reference
R_H3MTer_U,H3MTer_U,,Unassigned,,unmapped
R_H4ET3er,H4ET3er,R_HMR_8393,Glycosylphosphatidylinositol (GPI)-anchor biosynthesis,Glycosylphosphatidylinositol (GPI)-anchor biosynthesis,Human1 BiGG cross-reference
R_H4ETer,H4ETer,R_HMR_8394,Glycosylphosphatidylinositol (GPI)-anchor biosynthesis,Glycosylphosphatidylinositol (GPI)-anchor biosynthesis,Human1 BiGG cross-reference
R_H5MTer_L,H5MTer_L,R_HMR_8387,Glycosylphosphatidylinositol (GPI)-anchor biosynthesis,Glycosylphosphatidylinositol (GPI)-anchor biosynthesis,Human1 BiGG cross-reference
R_HIBDm,HIBDm,R_HMR_3757,"Valine, leucine, and isoleucine metabolism","Valine, leucine, and isoleucine metabolism",Human1 BiGG cross-reference
R_H5MTer_U,H5MTer_U,,Unassigned,,unmapped
R_GALASE15ly,GALASE15ly,R_HMR_7426,Keratan sulfate degradation,Keratan sulfate degradation,Human1 BiGG cross-reference
R_H6ET3er,H6ET3er,R_HMR_8396,Glycosylphosphatidylinositol (GPI)-anchor biosynthesis,Glycosylphosphatidylinositol (GPI)-anchor biosynthesis,Human1 BiGG cross-reference
R_H6MTer_L,H6MTer_L,R_HMR_8389,Glycosylphosphatidylinositol (GPI)-anchor biosynthesis,Glycosylphosphatidylinositol (GPI)-anchor biosynthesis,Human1 BiGG cross-reference
R_HISDr,HISDr,R_HMR_4437,Histidine metabolism,Histidine metabolism,Human1 BiGG cross-reference
R_HISDC,HISDC,R_HMR_4428,Histidine metabolism,Histidine metabolism,Human1 BiGG cross-reference
R_H6MTer_U,H6MTer_U,,Unassigned,,unmapped
R_GALASE16ly,GALASE16ly,R_HMR_7457,Keratan sulfate degradation,Keratan sulfate degradation,Human1 BiGG cross-reference
R_H6_ET2er,H6_ET2er,R_HMR_8395,Glycosylphosphatidylinositol (GPI)-anchor biosynthesis,Glycosylphosphatidylinositol (GPI)-anchor biosynthesis,Human1 BiGG cross-reference
R_H6_ETer,H6_ETer,R_HMR_8397,Glycosylphosphatidylinositol (GPI)-anchor biosynthesis,Glycosylphosphatidylinositol (GPI)-anchor biosynthesis,Human1 BiGG cross-reference
R_HISTASE,HISTASE,R_HMR_8783,Histidine metabolism,Histidine metabolism,Human1 BiGG cross-reference
R_HISTAVESSEC,HISTAVESSEC,R_HISTAVESSEC;R_HMR_7633,Transport reactions,Transport reactions,Human1 BiGG cross-reference
R_HISTAtu,HISTAtu,R_HMR_4999,Transport reactions,Transport reactions,Human1 BiGG cross-reference
R_H7ET2er,H7ET2er,R_HMR_8398,Glycosylphosphatidylinositol (GPI)-anchor biosynthesis,Glycosylphosphatidylinositol (GPI)-anchor biosynthesis,Human1 BiGG cross-reference
R_GALASE17ly,GALASE17ly,R_HMR_7461,Keratan sulfate degradation,Keratan sulfate degradation,Human1 BiGG cross-reference
R_H7MTer_L,H7MTer_L,R_HMR_8390,Glycosylphosphatidylinositol (GPI)-anchor biosynthesis,Glycosylphosphatidylinositol (GPI)-anchor biosynthesis,Human1 BiGG cross-reference
R_H7MTer_U,H7MTer_U,,Unassigned,,unmapped
R_H7_ETer,H7_ETer,R_HMR_8399,Glycosylphosphatidylinositol (GPI)-anchor biosynthesis,Glycosylphosphatidylinositol (GPI)-anchor biosynthesis,Human1 BiGG cross-reference
R_H7_TAer,H7_TAer,R_HMR_8402,Glycosylphosphatidylinositol (GPI)-anchor biosynthesis,Glycosylphosphatidylinositol (GPI)-anchor biosynthesis,Human1 BiGG cross-reference
R_H8MTer_L,H8MTer_L,R_H8MTer_L,Phosphatidylinositol phosphate metabolism,Phosphatidylinositol phosphate metabolism,Human1 BiGG cross-reference
R_HISt4,HISt4,R_HMR_5333;R_HMR_6384,Transport reactions,Transport reactions,Human1 BiGG cross-reference
R_HIStN1,HIStN1,R_HMR_5335,Transport reactions,Transport reactions,Human1 BiGG cross-reference
R_HIStiDF,HIStiDF,R_HMR_5070,Transport reactions,Transport reactions,Human1 BiGG cross-reference
R_HKYNH,HKYNH,R_HMR_4225,"Phenylalanine, tyrosine and tryptophan biosynthesis","Phenylalanine, tyrosine and tryptophan biosynthesis",Human1 BiGG cross-reference
R_HKt,HKt,R_HKt;R_HMR_8892,Transport reactions,Transport reactions,Human1 BiGG cross-reference
R_H8MTer_U,H8MTer_U,R_H8MTer_U,Phosphatidylinositol phosphate metabolism,Phosphatidylinositol phosphate metabolism,Human1 BiGG cross-reference
R_GALASE18ly,GALASE18ly,R_HMR_7465,Keratan sulfate degradation,Keratan sulfate degradation,Human1 BiGG cross-reference
R_H8TAer,H8TAer,R_HMR_8404,Glycosylphosphatidylinositol (GPI)-anchor biosynthesis,Glycosylphosphatidylinositol (GPI)-anchor biosynthesis,Human1 BiGG cross-reference
R_HACD1m,HACD1m,R_HMR_3166,Tryptophan metabolism,Tryptophan metabolism,Human1 BiGG cross-reference
R_HACD1x,HACD1x,,Unassigned,,unmapped
R_HACD9m,HACD9m,R_HMR_3823,"Valine, leucine, and isoleucine metabolism","Valine, leucine, and isoleucine metabolism",Human1 BiGG cross-reference
R_HMBS,HMBS,R_HMR_4746,Porphyrin metabolism,Porphyrin metabolism,Human1 BiGG cross-reference
R_HMGCOARr,HMGCOARr,R_HMGCOARr,Cholesterol metabolism,Cholesterol metabolism,Human1 BiGG cross-reference
R_HMGCOARx,HMGCOARx,,Unassigned,,unmapped
R_HAS1,HAS1,R_HMR_7568,Transport reactions,Transport reactions,Human1 BiGG cross-reference
R_HMGCOAS,HMGCOAS,R_HMR_1437,Cholesterol metabolism,Cholesterol metabolism,Human1 BiGG cross-reference
R_HAS2,HAS2,R_HMR_7569,Transport reactions,Transport reactions,Human1 BiGG cross-reference
R_GAPD,GAPD,R_HMR_4373;R_HMR_8227,Glycolysis / Gluconeogenesis,Glycolysis / Gluconeogenesis;Sphingolipid metabolism,Human1 BiGG cross-reference
R_HAtly,HAtly,R_HMR_7570,Transport reactions,Transport reactions,Human1 BiGG cross-reference
R_HBZOPT10m,HBZOPT10m,,Unassigned,,unmapped
R_HCO3Em,HCO3Em,R_HMR_3956,Arginine and proline metabolism,Arginine and proline metabolism,Human1 BiGG cross-reference
R_HMGCOASm,HMGCOASm,R_HMR_1573,Terpenoid backbone biosynthesis,Terpenoid backbone biosynthesis,Human1 BiGG cross-reference
R_HMGCOAtm,HMGCOAtm,R_HMR_1572,Transport reactions,Transport reactions,Human1 BiGG cross-reference
R_HMGCOAtx,HMGCOAtx,R_HMGCOAtx,Transport reactions,Transport reactions,Human1 BiGG cross-reference
R_HMGLm,HMGLm,R_HMR_1577,Cholesterol metabolism,Cholesterol metabolism,Human1 BiGG cross-reference
R_HMGLx,HMGLx,R_HMGLx,Cholesterol metabolism,Cholesterol metabolism,Human1 BiGG cross-reference
R_HCO3_CLt,HCO3_CLt,,Unassigned,,unmapped
R_HCO3_NAt,HCO3_NAt,R_HMR_5432,Transport reactions,Transport reactions,Human1 BiGG cross-reference
R_HCOUMARINte,HCOUMARINte,R_HMR_8041,Transport reactions,Transport reactions,Human1 BiGG cross-reference
R_HDCAter,HDCAter,R_HDCAter,Transport reactions,Transport reactions,Human1 BiGG cross-reference
R_HOMt4,HOMt4,R_HMR_6379;R_HMR_6383,Transport reactions,Transport reactions,Human1 BiGG cross-reference
R_HOXG,HOXG,R_HOXG,Heme degradation,Heme degradation,Human1 BiGG cross-reference
R_HDCAt,HDCAt,R_HMR_0216,Transport reactions,Transport reactions,Human1 BiGG cross-reference
R_HPACtr,HPACtr,R_HMR_8907,Transport reactions,Transport reactions,Human1 BiGG cross-reference
R_MEOHtly,MEOHtly,R_HMR_8753,Transport reactions,Transport reactions,Human1 BiGG cross-reference
R_HPCLx,HPCLx,,Unassigned,,unmapped
R_HPDCACRNCPT1,HPDCACRNCPT1,,Unassigned,,unmapped
R_HPDCACRNCPT2,HPDCACRNCPT2,,Unassigned,,unmapped
R_HPDCACRNt,HPDCACRNt,R_HPDCACRNt,Fatty acid oxidation,Fatty acid oxidation,Human1 BiGG cross-reference
R_HPDCAt,HPDCAt,R_HMR_0236,Transport reactions,Transport reactions,Human1 BiGG cross-reference
R_HPROxm,HPROxm,,Unassigned,,unmapped
R_HPYRDC,HPYRDC,R_HMR_8774,Tricarboxylic acid cycle and glyoxylate/dicarboxylate metabolism,Tricarboxylic acid cycle and glyoxylate/dicarboxylate metabolism,Human1 BiGG cross-reference
R_HDCEAt,HDCEAt,R_HMR_0225,Transport reactions,Transport reactions,Human1 BiGG cross-reference
R_HDD2COAtx,HDD2COAtx,R_HDD2COAtx,Transport reactions,Transport reactions,Human1 BiGG cross-reference
R_HESTRATRIOLte,HESTRATRIOLte,R_HMR_8905,Transport reactions,Transport reactions,Human1 BiGG cross-reference
R_HESTRATRIOLtr,HESTRATRIOLtr,R_HMR_8906,Transport reactions,Transport reactions,Human1 BiGG cross-reference
R_HSD17B3r,HSD17B3r,,Unassigned,,unmapped
R_HSD17B42x,HSD17B42x,R_HSD17B42x,Bile acid biosynthesis,Bile acid biosynthesis,Human1 BiGG cross-reference
R_HPYRDCm,HPYRDCm,R_HMR_8777,Tricarboxylic acid cycle and glyoxylate/dicarboxylate metabolism,Tricarboxylic acid cycle and glyoxylate/dicarboxylate metabolism,Human1 BiGG cross-reference
R_HPYRR2x,HPYRR2x,R_HMR_8782;R_HPYRR2x,Tricarboxylic acid cycle and glyoxylate/dicarboxylate metabolism,Tricarboxylic acid cycle and glyoxylate/dicarboxylate metabolism,Human1 BiGG cross-reference
R_IPDDIx,IPDDIx,R_HMR_1454;R_IPDDIx,Cholesterol biosynthesis 1 (Bloch pathway) ,Cholesterol biosynthesis 1 (Bloch pathway) ;Cholesterol metabolism,Human1 BiGG cross-reference
R_HPYRRy,HPYRRy,R_HMR_4465,Tricarboxylic acid cycle and glyoxylate/dicarboxylate metabolism,Tricarboxylic acid cycle and glyoxylate/dicarboxylate metabolism,Human1 BiGG cross-reference
R_HPYRtp,HPYRtp,R_HMR_4469,Transport reactions,Transport reactions,Human1 BiGG cross-reference
R_HRETNtn,HRETNtn,R_HRETNtn,Transport reactions,Transport reactions,Human1 BiGG cross-reference
R_HS1ly,HS1ly,R_HMR_7227,Heparan sulfate degradation,Heparan sulfate degradation,Human1 BiGG cross-reference
R_HSD17B4x,HSD17B4x,R_HSD17B4x,Bile acid biosynthesis,Bile acid biosynthesis,Human1 BiGG cross-reference
R_HSD17B7r,HSD17B7r,R_HSD17B7r,Steroid metabolism,Steroid metabolism,Human1 BiGG cross-reference
R_HSD17B8r,HSD17B8r,R_HMR_7968,Steroid metabolism,Steroid metabolism,Human1 BiGG cross-reference
R_HSD17B9r,HSD17B9r,R_HMR_7970,Steroid metabolism,Steroid metabolism,Human1 BiGG cross-reference
R_HSD3A1r,HSD3A1r,,Unassigned,,unmapped
R_HSD3A2r,HSD3A2r,,Unassigned,,unmapped
R_HSD3B11,HSD3B11,R_HMR_7930,Steroid metabolism,Steroid metabolism,Human1 BiGG cross-reference
R_HSD3B11r,HSD3B11r,R_HMR_7931,Steroid metabolism,Steroid metabolism,Human1 BiGG cross-reference
R_HSD3B12r,HSD3B12r,R_HMR_7954,Steroid metabolism,Steroid metabolism,Human1 BiGG cross-reference
R_HS2ly,HS2ly,R_HMR_7232,Heparan sulfate degradation,Heparan sulfate degradation,Human1 BiGG cross-reference
R_HS3ly,HS3ly,R_HMR_7238,Heparan sulfate degradation,Heparan sulfate degradation,Human1 BiGG cross-reference
R_HS4ly,HS4ly,R_HMR_7244,Heparan sulfate degradation,Heparan sulfate degradation,Human1 BiGG cross-reference
R_HSAT1ly,HSAT1ly,R_HMR_7228,Heparan sulfate degradation,Heparan sulfate degradation,Human1 BiGG cross-reference
R_HSAT2ly,HSAT2ly,R_HMR_7233,Heparan sulfate degradation,Heparan sulfate degradation,Human1 BiGG cross-reference
R_HSAT3ly,HSAT3ly,R_HMR_7239,Heparan sulfate degradation,Heparan sulfate degradation,Human1 BiGG cross-reference
R_HSAT4ly,HSAT4ly,R_HMR_7245,Heparan sulfate degradation,Heparan sulfate degradation,Human1 BiGG cross-reference
R_HSD3B13,HSD3B13,R_HMR_7973,Steroid metabolism,Steroid metabolism,Human1 BiGG cross-reference
R_HSD3B13r,HSD3B13r,R_HMR_7939,Steroid metabolism,Steroid metabolism,Human1 BiGG cross-reference
R_ITCOAL1m,ITCOAL1m,R_HMR_8662,C5-branched dibasic acid metabolism,C5-branched dibasic acid metabolism,Human1 BiGG cross-reference
R_HSD3B2r,HSD3B2r,R_HMR_7971,Steroid metabolism,Steroid metabolism,Human1 BiGG cross-reference
R_HSD3B3r,HSD3B3r,R_HMR_7972,Steroid metabolism,Steroid metabolism,Human1 BiGG cross-reference
R_HSD3B7,HSD3B7,R_HMR_1584,Bile acid biosynthesis,Bile acid biosynthesis,Human1 BiGG cross-reference
R_HSD11B1r,HSD11B1r,R_HMR_7942,Steroid metabolism,Steroid metabolism,Human1 BiGG cross-reference
R_HSD11B2r,HSD11B2r,R_HMR_7943,Steroid metabolism,Steroid metabolism,Human1 BiGG cross-reference
R_HSD17B1,HSD17B1,,Unassigned,,unmapped
R_HSD17B2r,HSD17B2r,R_HMR_7955,Steroid metabolism,Steroid metabolism,Human1 BiGG cross-reference
R_HSD3B7P,HSD3B7P,R_HMR_1585,Bile acid biosynthesis,Bile acid biosynthesis,Human1 BiGG cross-reference
R_ITCOALm,ITCOALm,R_HMR_8663,C5-branched dibasic acid metabolism,C5-branched dibasic acid metabolism,Human1 BiGG cross-reference
R_HSPASEly,HSPASEly,R_HMR_7225,Heparan sulfate degradation,Heparan sulfate degradation,Human1 BiGG cross-reference
R_HSPGt,HSPGt,R_HMR_7223,Transport reactions,Transport reactions,Human1 BiGG cross-reference
R_HSPGtly,HSPGtly,R_HMR_7224,Transport reactions,Transport reactions,Human1 BiGG cross-reference
R_HTAXOLte,HTAXOLte,R_HMR_8050,Transport reactions,Transport reactions,Human1 BiGG cross-reference
R_LGNCCRNt,LGNCCRNt,R_LGNCCRNt,Fatty acid oxidation,Fatty acid oxidation,Human1 BiGG cross-reference
R_HXANtl,HXANtl,R_HXANtl,Transport reactions,Transport reactions,Human1 BiGG cross-reference
R_LGNCt,LGNCt,R_HMR_0330,Transport reactions,Transport reactions,Human1 BiGG cross-reference
R_ITPtn,ITPtn,R_HMR_7795,Transport reactions,Transport reactions,Human1 BiGG cross-reference
R_LGTHL,LGTHL,R_HMR_3853,Pyruvate metabolism,Pyruvate metabolism,Human1 BiGG cross-reference
R_HXANtx,HXANtx,R_HMR_8754,Transport reactions,Transport reactions,Human1 BiGG cross-reference
R_IZPN,IZPN,R_HMR_4660,Histidine metabolism,Histidine metabolism,Human1 BiGG cross-reference
R_LIMNENte,LIMNENte,R_HMR_8595,Transport reactions,Transport reactions,Human1 BiGG cross-reference
R_LINKDEG1ly,LINKDEG1ly,R_HMR_7251,Heparan sulfate degradation,Heparan sulfate degradation,Human1 BiGG cross-reference
R_LINKDEG2ly,LINKDEG2ly,R_HMR_7508,Chondroitin sulfate degradation,Chondroitin sulfate degradation,Human1 BiGG cross-reference
R_LINKDEG3ly,LINKDEG3ly,R_HMR_7533,Chondroitin sulfate degradation,Chondroitin sulfate degradation,Human1 BiGG cross-reference
R_LINKDEG4ly,LINKDEG4ly,R_HMR_7567,Chondroitin sulfate degradation,Chondroitin sulfate degradation,Human1 BiGG cross-reference
R_HXPRT,HXPRT,R_HMR_4418,Purine metabolism,Purine metabolism,Human1 BiGG cross-reference
R_HYPOE,HYPOE,R_HMR_8724,Vitamin B6 metabolism,Vitamin B6 metabolism,Human1 BiGG cross-reference
R_HYPTROX,HYPTROX,R_HMR_8759,Bile acid biosynthesis,Bile acid biosynthesis,Human1 BiGG cross-reference
R_LIPOti,LIPOti,R_HMR_6406;R_LIPOti,Transport reactions,Transport reactions,Human1 BiGG cross-reference
R_It,It,R_HMR_7739,Transport reactions,Transport reactions,Human1 BiGG cross-reference
R_LNELDCCPT1,LNELDCCPT1,,Unassigned,,unmapped
R_HYXNt,HYXNt,R_HMR_4848,Transport reactions,Transport reactions,Human1 BiGG cross-reference
R_Htm,Htm,R_HMR_7638,Transport reactions,Transport reactions,Human1 BiGG cross-reference
R_LNELDCCPT2,LNELDCCPT2,,Unassigned,,unmapped
R_Htr,Htr,R_Htr,Transport reactions,Transport reactions,Human1 BiGG cross-reference
R_LNELDCCRNt,LNELDCCRNt,R_LNELDCCRNt,Fatty acid oxidation,Fatty acid oxidation,Human1 BiGG cross-reference
R_KAS8,KAS8,R_KAS8,Fatty acid biosynthesis,Fatty acid biosynthesis,Human1 BiGG cross-reference
R_LNELDCt,LNELDCt,,Unassigned,,unmapped
R_LNLCCPT1,LNLCCPT1,R_HMR_2742,Carnitine shuttle (cytosolic),Carnitine shuttle (cytosolic),Human1 BiGG cross-reference
R_Htx,Htx,R_Htx,Transport reactions,Transport reactions,Human1 BiGG cross-reference
R_ICDHxm,ICDHxm,R_HMR_3957,Tricarboxylic acid cycle and glyoxylate/dicarboxylate metabolism,Tricarboxylic acid cycle and glyoxylate/dicarboxylate metabolism,Human1 BiGG cross-reference
R_LNLCCPT2,LNLCCPT2,R_HMR_2745,Carnitine shuttle (mitochondrial),Carnitine shuttle (mitochondrial),Human1 BiGG cross-reference
R_ICDHyr,ICDHyr,R_HMR_0710,Tricarboxylic acid cycle and glyoxylate/dicarboxylate metabolism,Tricarboxylic acid cycle and glyoxylate/dicarboxylate metabolism,Human1 BiGG cross-reference
R_LNLCCRNt,LNLCCRNt,R_LNLCCRNt,Fatty acid oxidation,Fatty acid oxidation,Human1 BiGG cross-reference
R_KCC2t,KCC2t,,Unassigned,,unmapped
R_LNLCt,LNLCt,R_HMR_0396,Transport reactions,Transport reactions,Human1 BiGG cross-reference
R_LNLNCACPT1,LNLNCACPT1,R_LNLNCACPT1,Fatty acid oxidation,Fatty acid oxidation,Human1 BiGG cross-reference
R_LNLNCACPT2,LNLNCACPT2,R_LNLNCACPT2,Fatty acid oxidation,Fatty acid oxidation,Human1 BiGG cross-reference
R_ICDHyp,ICDHyp,,Unassigned,,unmapped
R_ICDHym,ICDHym,R_HMR_3958,Tricarboxylic acid cycle and glyoxylate/dicarboxylate metabolism,Tricarboxylic acid cycle and glyoxylate/dicarboxylate metabolism,Human1 BiGG cross-reference
R_IDHPOXOX2b,IDHPOXOX2b,R_HMR_8543,Tyrosine metabolism,Tyrosine metabolism,Human1 BiGG cross-reference
R_IDHPOXOX3,IDHPOXOX3,,Unassigned,,unmapped
R_IDHPOXOX4,IDHPOXOX4,,Unassigned,,unmapped
R_IDHPOXOXb,IDHPOXOXb,R_HMR_8544,Tyrosine metabolism,Tyrosine metabolism,Human1 BiGG cross-reference
R_IDOAASE1ly,IDOAASE1ly,R_HMR_7230,Heparan sulfate degradation,Heparan sulfate degradation,Human1 BiGG cross-reference
R_LNLNCACRNt,LNLNCACRNt,R_LNLNCACRNt,Fatty acid oxidation,Fatty acid oxidation,Human1 BiGG cross-reference
R_LNLNCAt,LNLNCAt,R_HMR_0348,Transport reactions,Transport reactions,Human1 BiGG cross-reference
R_LNLNCGCPT1,LNLNCGCPT1,,Unassigned,,unmapped
R_LNLNCGCPT2,LNLNCGCPT2,,Unassigned,,unmapped
R_LNLNCGCRNt,LNLNCGCRNt,R_LNLNCGCRNt,Fatty acid oxidation,Fatty acid oxidation,Human1 BiGG cross-reference
R_LNLNCGt,LNLNCGt,R_HMR_0400,Transport reactions,Transport reactions,Human1 BiGG cross-reference
R_IDOAASE2ly,IDOAASE2ly,R_HMR_7242,Heparan sulfate degradation,Heparan sulfate degradation,Human1 BiGG cross-reference
R_IDOAASE3ly,IDOAASE3ly,R_HMR_7248,Heparan sulfate degradation,Heparan sulfate degradation,Human1 BiGG cross-reference
R_IDOAASE4ly,IDOAASE4ly,R_HMR_7518,Chondroitin sulfate degradation,Chondroitin sulfate degradation,Human1 BiGG cross-reference
R_KCCt,KCCt,R_HMR_5990,Transport reactions,Transport reactions,Human1 BiGG cross-reference
R_IDOURtly,IDOURtly,R_HMR_8908,Transport reactions,Transport reactions,Human1 BiGG cross-reference
R_LNS14DM,LNS14DM,R_LNS14DM,Cholesterol metabolism,Cholesterol metabolism,Human1 BiGG cross-reference
R_LNS14DMr,LNS14DMr,R_r0781,Cholesterol metabolism,Cholesterol metabolism,Human1 BiGG cross-reference
R_LNSTLSr,LNSTLSr,R_HMR_1473;R_LNSTLSr,Cholesterol biosynthesis 1 (Bloch pathway) ,Cholesterol biosynthesis 1 (Bloch pathway) ;Cholesterol metabolism,Human1 BiGG cross-reference
R_IDPtn,IDPtn,R_HMR_8909,Transport reactions,Transport reactions,Human1 BiGG cross-reference
R_ILETA,ILETA,R_HMR_3777,"Valine, leucine, and isoleucine metabolism","Valine, leucine, and isoleucine metabolism",Human1 BiGG cross-reference
R_LPASE,LPASE,,Unassigned,,unmapped
R_KDNH,KDNH,R_HMR_8372,Amino sugar and nucleotide sugar metabolism,Amino sugar and nucleotide sugar metabolism,Human1 BiGG cross-reference
R_LPCOXp,LPCOXp,R_HMR_8021,Lysine metabolism,Lysine metabolism,Human1 BiGG cross-reference
R_ILETAm,ILETAm,R_HMR_3778,"Valine, leucine, and isoleucine metabolism","Valine, leucine, and isoleucine metabolism",Human1 BiGG cross-reference
R_ILEt4,ILEt4,R_HMR_5316,Transport reactions,Transport reactions,Human1 BiGG cross-reference
R_ILEtmi,ILEtmi,R_HMR_5107;R_ILEt5m,Transport reactions,Transport reactions,Human1 BiGG cross-reference
R_LPS,LPS,,Unassigned,,unmapped
R_LPS2,LPS2,,Unassigned,,unmapped
R_ILEtec,ILEtec,R_HMR_5092,Transport reactions,Transport reactions,Human1 BiGG cross-reference
R_KHK,KHK,R_HMR_4310,Fructose and mannose metabolism,Fructose and mannose metabolism,Human1 BiGG cross-reference
R_LPS2e,LPS2e,,Unassigned,,unmapped
R_LPS3,LPS3,,Unassigned,,unmapped
R_KHK2,KHK2,R_HMR_8772,Tricarboxylic acid cycle and glyoxylate/dicarboxylate metabolism,Tricarboxylic acid cycle and glyoxylate/dicarboxylate metabolism,Human1 BiGG cross-reference
R_LPS3e,LPS3e,,Unassigned,,unmapped
R_KHK3,KHK3,R_HMR_8761;R_KHK3,Galactose metabolism,Galactose metabolism,Human1 BiGG cross-reference
R_LPS4e,LPS4e,,Unassigned,,unmapped
R_LPSe,LPSe,,Unassigned,,unmapped
R_LRAT,LRAT,R_LRAT,Vitamin A metabolism,Vitamin A metabolism,Human1 BiGG cross-reference
R_LRAT1,LRAT1,R_LRAT1,Vitamin A metabolism,Vitamin A metabolism,Human1 BiGG cross-reference
R_IMACTD,IMACTD,R_HMR_8784,Histidine metabolism,Histidine metabolism,Human1 BiGG cross-reference
R_IMACTD_m,IMACTD_m,R_HMR_8786,Histidine metabolism,Histidine metabolism,Human1 BiGG cross-reference
R_IMPC,IMPC,R_HMR_4038,Purine metabolism,Purine metabolism,Human1 BiGG cross-reference
R_IMPD,IMPD,R_HMR_4040,Purine metabolism,Purine metabolism,Human1 BiGG cross-reference
R_INOSTO,INOSTO,R_HMR_6539,Inositol phosphate metabolism,Inositol phosphate metabolism,Human1 BiGG cross-reference
R_LRAT2,LRAT2,R_LRAT2,Vitamin A metabolism,Vitamin A metabolism,Human1 BiGG cross-reference
R_LS3,LS3,R_HMR_8012,Vitamin D metabolism,Vitamin D metabolism,Human1 BiGG cross-reference
R_INSKm,INSKm,R_HMR_8484,Nucleotide metabolism,Nucleotide metabolism,Human1 BiGG cross-reference
R_LSTO1r,LSTO1r,R_HMR_1516;R_LSTO1r,Cholesterol biosynthesis 1 (Bloch pathway) ,Cholesterol biosynthesis 1 (Bloch pathway) ;Cholesterol metabolism,Human1 BiGG cross-reference
R_KSII_CORE2t,KSII_CORE2t,R_HMR_7453,Transport reactions,Transport reactions,Human1 BiGG cross-reference
R_LSTO2r,LSTO2r,R_HMR_1557;R_HMR_1558;R_LSTO2r,Cholesterol biosynthesis 2,Cholesterol biosynthesis 2;Cholesterol metabolism,Human1 BiGG cross-reference
R_LTA4H,LTA4H,,Unassigned,,unmapped
R_LTC4CP,LTC4CP,R_HMR_8547,Eicosanoid metabolism,Eicosanoid metabolism,Human1 BiGG cross-reference
R_INSTt2,INSTt2,R_HMR_4861,Transport reactions,Transport reactions,Human1 BiGG cross-reference
R_INSTt4,INSTt4,R_HMR_8911,Transport reactions,Transport reactions,Human1 BiGG cross-reference
R_INSTt4_2,INSTt4_2,R_HMR_8912,Transport reactions,Transport reactions,Human1 BiGG cross-reference
R_INSt,INSt,R_HMR_5042,Transport reactions,Transport reactions,Human1 BiGG cross-reference
R_LTC4Sr,LTC4Sr,R_HMR_8550,Eicosanoid metabolism,Eicosanoid metabolism,Human1 BiGG cross-reference
R_LTD4DP,LTD4DP,R_HMR_8552,Eicosanoid metabolism,Eicosanoid metabolism,Human1 BiGG cross-reference
R_INSt4,INSt4,R_HMR_6353,Transport reactions,Transport reactions,Human1 BiGG cross-reference
R_LTDCL,LTDCL,,Unassigned,,unmapped
R_INSt5,INSt5,R_HMR_6357,Transport reactions,Transport reactions,Human1 BiGG cross-reference
R_LYSMTF1n,LYSMTF1n,R_HMR_8025,Lysine metabolism,Lysine metabolism,Human1 BiGG cross-reference
R_KSII_CORE2tly,KSII_CORE2tly,R_HMR_7454,Transport reactions,Transport reactions,Human1 BiGG cross-reference
R_LYSMTF2n,LYSMTF2n,R_HMR_8026,Lysine metabolism,Lysine metabolism,Human1 BiGG cross-reference
R_LYSMTF3n,LYSMTF3n,R_HMR_8027,Lysine metabolism,Lysine metabolism,Human1 BiGG cross-reference
R_INStl,INStl,R_INStl,Transport reactions,Transport reactions,Human1 BiGG cross-reference
R_INStm,INStm,R_HMR_8910,Transport reactions,Transport reactions,Human1 BiGG cross-reference
R_L_LACtcm,L_LACtcm,R_L_LACtcm,Transport reactions,Transport reactions,Human1 BiGG cross-reference
R_LYSOXp,LYSOXp,R_HMR_8017,Lysine metabolism,Lysine metabolism,Human1 BiGG cross-reference
R_LYSt4,LYSt4,R_HMR_8917,Transport reactions,Transport reactions,Human1 BiGG cross-reference
R_LYSt5r,LYSt5r,R_HMR_5071,Transport reactions,Transport reactions,Human1 BiGG cross-reference
R_LYStip,LYStip,R_HMR_8016,Transport reactions,Transport reactions,Human1 BiGG cross-reference
R_KSII_CORE4t,KSII_CORE4t,R_HMR_7482,Transport reactions,Transport reactions,Human1 BiGG cross-reference
R_LYStm,LYStm,R_HMR_6321,Transport reactions,Transport reactions,Human1 BiGG cross-reference
R_LYStn,LYStn,R_HMR_8918,Transport reactions,Transport reactions,Human1 BiGG cross-reference
R_L_LACDcm,L_LACDcm,R_HMR_8514,Pyruvate metabolism,Pyruvate metabolism,Human1 BiGG cross-reference
R_L_LACtm,L_LACtm,R_HMR_5411,Transport reactions,Transport reactions,Human1 BiGG cross-reference
R_M1316Mg,M1316Mg,R_HMR_7324,N-glycan metabolism,N-glycan metabolism,Human1 BiGG cross-reference
R_KSII_CORE4tly,KSII_CORE4tly,R_HMR_7483,Transport reactions,Transport reactions,Human1 BiGG cross-reference
R_M13N2Tg,M13N2Tg,R_HMR_7323,N-glycan metabolism,N-glycan metabolism,Human1 BiGG cross-reference
R_M13N4Tg,M13N4Tg,R_HMR_8693,N-glycan metabolism,N-glycan metabolism,Human1 BiGG cross-reference
R_L_LACt2r,L_LACt2r,R_HMR_5998,Transport reactions,Transport reactions,Human1 BiGG cross-reference
R_M14NTg,M14NTg,R_HMR_7326,N-glycan metabolism,N-glycan metabolism,Human1 BiGG cross-reference
R_KSIt,KSIt,R_HMR_7372,Transport reactions,Transport reactions,Human1 BiGG cross-reference
R_M16N4Tg,M16N4Tg,R_HMR_8695,N-glycan metabolism,N-glycan metabolism,Human1 BiGG cross-reference
R_KSItly,KSItly,R_HMR_7374,Transport reactions,Transport reactions,Human1 BiGG cross-reference
R_M16N6Tg,M16N6Tg,R_HMR_8694,N-glycan metabolism,N-glycan metabolism,Human1 BiGG cross-reference
R_M16NTg,M16NTg,R_HMR_7325,N-glycan metabolism,N-glycan metabolism,Human1 BiGG cross-reference
R_MEOHtr,MEOHtr,R_HMR_8921,Transport reactions,Transport reactions,Human1 BiGG cross-reference
R_KYN,KYN,R_HMR_4224,"Phenylalanine, tyrosine and tryptophan biosynthesis","Phenylalanine, tyrosine and tryptophan biosynthesis",Human1 BiGG cross-reference
R_MEPIVESSte,MEPIVESSte,R_HMR_8922;R_MEPIVESSte,Transport reactions,Transport reactions,Human1 BiGG cross-reference
R_M4ATAer,M4ATAer,R_HMR_8406;R_M4ATAer,Glycosylphosphatidylinositol (GPI)-anchor biosynthesis,Glycosylphosphatidylinositol (GPI)-anchor biosynthesis;Phosphatidylinositol phosphate metabolism,Human1 BiGG cross-reference
R_M4BET2er,M4BET2er,R_M4BET2er,Phosphatidylinositol phosphate metabolism,Phosphatidylinositol phosphate metabolism,Human1 BiGG cross-reference
R_M4BTAer,M4BTAer,R_HMR_8407,Glycosylphosphatidylinositol (GPI)-anchor biosynthesis,Glycosylphosphatidylinositol (GPI)-anchor biosynthesis,Human1 BiGG cross-reference
R_MERCPLACCYSt,MERCPLACCYSt,R_HMR_8686,Transport reactions,Transport reactions,Human1 BiGG cross-reference
R_M4CET3er,M4CET3er,R_HMR_8401,Glycosylphosphatidylinositol (GPI)-anchor biosynthesis,Glycosylphosphatidylinositol (GPI)-anchor biosynthesis,Human1 BiGG cross-reference
R_MESCOALm,MESCOALm,R_HMR_8669,C5-branched dibasic acid metabolism,C5-branched dibasic acid metabolism,Human1 BiGG cross-reference
R_METAT,METAT,R_HMR_3875,Cysteine and methionine metabolism,Cysteine and methionine metabolism,Human1 BiGG cross-reference
R_M4MPDOL_Lter,M4MPDOL_Lter,,Unassigned,,unmapped
R_M4MPDOL_Uter,M4MPDOL_Uter,,Unassigned,,unmapped
R_M7MASNBterg,M7MASNBterg,R_HMR_7300,Transport reactions,Transport reactions,Human1 BiGG cross-reference
R_METLEUex,METLEUex,R_HMR_5516,Transport reactions,Transport reactions,Human1 BiGG cross-reference
R_METS,METS,R_HMR_3917,Cysteine and methionine metabolism,Cysteine and methionine metabolism,Human1 BiGG cross-reference
R_M8MASNterg,M8MASNterg,R_HMR_7307,Transport reactions,Transport reactions,Human1 BiGG cross-reference
R_KYN3OX,KYN3OX,R_HMR_4220,"Phenylalanine, tyrosine and tryptophan biosynthesis","Phenylalanine, tyrosine and tryptophan biosynthesis",Human1 BiGG cross-reference
R_MACACI,MACACI,R_HMR_6776,"Phenylalanine, tyrosine and tryptophan biosynthesis","Phenylalanine, tyrosine and tryptophan biosynthesis",Human1 BiGG cross-reference
R_METt4,METt4,R_HMR_5324,Transport reactions,Transport reactions,Human1 BiGG cross-reference
R_METtec,METtec,R_HMR_5073,Transport reactions,Transport reactions,Human1 BiGG cross-reference
R_MEVK1x,MEVK1x,R_HMR_1445;R_MEVK1x,Cholesterol biosynthesis 1 (Bloch pathway) ,Cholesterol biosynthesis 1 (Bloch pathway) ;Cholesterol metabolism,Human1 BiGG cross-reference
R_MACOXO,MACOXO,R_HMR_4431,Histidine metabolism,Histidine metabolism,Human1 BiGG cross-reference
R_MG1er,MG1er,R_HMR_7286,N-glycan metabolism,N-glycan metabolism,Human1 BiGG cross-reference
R_KYNAKGAT,KYNAKGAT,R_HMR_8564,Tryptophan metabolism,Tryptophan metabolism,Human1 BiGG cross-reference
R_MG2er,MG2er,R_HMR_7287,N-glycan metabolism,N-glycan metabolism,Human1 BiGG cross-reference
R_MALSO3tm,MALSO3tm,R_HMR_4868,Transport reactions,Transport reactions,Human1 BiGG cross-reference
R_MALSO4tm,MALSO4tm,R_HMR_4867,Transport reactions,Transport reactions,Human1 BiGG cross-reference
R_MG3er,MG3er,R_HMR_7290,N-glycan metabolism,N-glycan metabolism,Human1 BiGG cross-reference
R_MGACONm,MGACONm,R_HMR_8665,C5-branched dibasic acid metabolism,C5-branched dibasic acid metabolism,Human1 BiGG cross-reference
R_MALT,MALT,R_HMR_8587,Starch and sucrose metabolism,Starch and sucrose metabolism,Human1 BiGG cross-reference
R_KYNATESYN,KYNATESYN,R_HMR_8565,Tryptophan metabolism,Tryptophan metabolism,Human1 BiGG cross-reference
R_MALTSULtm,MALTSULtm,R_HMR_6522,Transport reactions,Transport reactions,Human1 BiGG cross-reference
R_MALTe,MALTe,R_HMR_3989,Starch and sucrose metabolism,Starch and sucrose metabolism,Human1 BiGG cross-reference
R_MGCHrm,MGCHrm,R_HMR_3775,"Valine, leucine, and isoleucine metabolism","Valine, leucine, and isoleucine metabolism",Human1 BiGG cross-reference
R_MGSA,MGSA,R_HMR_8516,Pyruvate metabolism,Pyruvate metabolism,Human1 BiGG cross-reference
R_MALTly,MALTly,R_HMR_8589,Starch and sucrose metabolism,Starch and sucrose metabolism,Human1 BiGG cross-reference
R_MGSA2,MGSA2,R_HMR_8517,Pyruvate metabolism,Pyruvate metabolism,Human1 BiGG cross-reference
R_MALTt1r,MALTt1r,R_HMR_8586,Transport reactions,Transport reactions,Human1 BiGG cross-reference
R_Kt3g,Kt3g,R_HMR_7694,Transport reactions,Transport reactions,Human1 BiGG cross-reference
R_MALtm,MALtm,R_HMR_4865,Transport reactions,Transport reactions,Human1 BiGG cross-reference
R_MAN1PT2,MAN1PT2,R_HMR_4386,Fructose and mannose metabolism,Fructose and mannose metabolism,Human1 BiGG cross-reference
R_MHISOR,MHISOR,R_HMR_4430,Histidine metabolism,Histidine metabolism,Human1 BiGG cross-reference
R_MI13456PK,MI13456PK,,Unassigned,,unmapped
R_MI13456Ptn,MI13456Ptn,R_HMR_8839,Transport reactions,Transport reactions,Human1 BiGG cross-reference
R_MI1345PKn,MI1345PKn,R_HMR_8799,Inositol phosphate metabolism,Inositol phosphate metabolism,Human1 BiGG cross-reference
R_MI1345PP,MI1345PP,,Unassigned,,unmapped
R_MAN1_6B1er,MAN1_6B1er,R_HMR_7291,N-glycan metabolism,N-glycan metabolism,Human1 BiGG cross-reference
R_MAN1_7Ber,MAN1_7Ber,R_HMR_7289,N-glycan metabolism,N-glycan metabolism,Human1 BiGG cross-reference
R_MAN2_6B1er,MAN2_6B1er,R_HMR_7292,N-glycan metabolism,N-glycan metabolism,Human1 BiGG cross-reference
R_MAN2_7Cer,MAN2_7Cer,R_HMR_7288,N-glycan metabolism,N-glycan metabolism,Human1 BiGG cross-reference
R_MAN6PI,MAN6PI,R_HMR_4383,Fructose and mannose metabolism,Fructose and mannose metabolism,Human1 BiGG cross-reference
R_MI1346PKn,MI1346PKn,R_HMR_8800,Inositol phosphate metabolism,Inositol phosphate metabolism,Human1 BiGG cross-reference
R_MI1346Ptn,MI1346Ptn,R_HMR_8840,Transport reactions,Transport reactions,Human1 BiGG cross-reference
R_LACZe,LACZe,R_HMR_4415,Galactose metabolism,Galactose metabolism,Human1 BiGG cross-reference
R_MI134P4P,MI134P4P,R_HMR_8801,Inositol phosphate metabolism,Inositol phosphate metabolism,Human1 BiGG cross-reference
R_MANt1r,MANt1r,R_HMR_4973,Transport reactions,Transport reactions,Human1 BiGG cross-reference
R_MANt4,MANt4,R_HMR_4975,Transport reactions,Transport reactions,Human1 BiGG cross-reference
R_MANter,MANter,R_HMR_8919,Transport reactions,Transport reactions,Human1 BiGG cross-reference
R_MI134PK,MI134PK,,Unassigned,,unmapped
R_MANtg,MANtg,R_HMR_8920,Transport reactions,Transport reactions,Human1 BiGG cross-reference
R_MI134PP,MI134PP,,Unassigned,,unmapped
R_LACZly,LACZly,R_HMR_8764,Galactose metabolism,Galactose metabolism,Human1 BiGG cross-reference
R_MI13PP,MI13PP,R_HMR_8802,Inositol phosphate metabolism,Inositol phosphate metabolism,Human1 BiGG cross-reference
R_MI1456PKn,MI1456PKn,R_HMR_8803,Inositol phosphate metabolism,Inositol phosphate metabolism,Human1 BiGG cross-reference
R_MI145P6Kn,MI145P6Kn,R_HMR_8804,Inositol phosphate metabolism,Inositol phosphate metabolism,Human1 BiGG cross-reference
R_MANtly,MANtly,R_HMR_7430,Transport reactions,Transport reactions,Human1 BiGG cross-reference
R_MAOLNOR,MAOLNOR,R_HMR_6751,"Phenylalanine, tyrosine and tryptophan biosynthesis","Phenylalanine, tyrosine and tryptophan biosynthesis",Human1 BiGG cross-reference
R_MAOX,MAOX,R_HMR_8529;R_MAOX,Tyrosine metabolism,Tyrosine metabolism,Human1 BiGG cross-reference
R_MCCCrm,MCCCrm,R_HMR_3773,"Valine, leucine, and isoleucine metabolism","Valine, leucine, and isoleucine metabolism",Human1 BiGG cross-reference
R_MI145PK,MI145PK,,Unassigned,,unmapped
R_MI145PKn,MI145PKn,R_HMR_8805,Inositol phosphate metabolism,Inositol phosphate metabolism,Human1 BiGG cross-reference
R_LALDD,LALDD,R_HMR_8501,Pyruvate metabolism,Pyruvate metabolism,Human1 BiGG cross-reference
R_MI145PP,MI145PP,,Unassigned,,unmapped
R_MI14P4P,MI14P4P,R_HMR_8806,Inositol phosphate metabolism,Inositol phosphate metabolism,Human1 BiGG cross-reference
R_MI14PP,MI14PP,,Unassigned,,unmapped
R_MI14Ptn,MI14Ptn,R_HMR_8841,Transport reactions,Transport reactions,Human1 BiGG cross-reference
R_MI1PP,MI1PP,R_HMR_6540,Inositol phosphate metabolism,Inositol phosphate metabolism,Human1 BiGG cross-reference
R_MI1PS,MI1PS,R_HMR_4308,Inositol phosphate metabolism,Inositol phosphate metabolism,Human1 BiGG cross-reference
R_MI1P_Dtn,MI1P_Dtn,R_HMR_8842,Transport reactions,Transport reactions,Human1 BiGG cross-reference
R_MCD,MCD,R_HMR_4105,Propanoate metabolism,Propanoate metabolism,Human1 BiGG cross-reference
R_MCDm,MCDm,R_HMR_4106,Propanoate metabolism,Propanoate metabolism,Human1 BiGG cross-reference
R_MCDp,MCDp,R_HMR_4107,Propanoate metabolism,Propanoate metabolism,Human1 BiGG cross-reference
R_MCITS,MCITS,R_HMR_8078,Propanoate metabolism,Propanoate metabolism,Human1 BiGG cross-reference
R_MCLACCYSR,MCLACCYSR,R_HMR_8685,Cysteine and methionine metabolism,Cysteine and methionine metabolism,Human1 BiGG cross-reference
R_MCLORi,MCLORi,,Unassigned,,unmapped
R_MCOATA,MCOATA,R_HMR_2151,Fatty acid biosynthesis,Fatty acid biosynthesis,Human1 BiGG cross-reference
R_MI3456PK,MI3456PK,,Unassigned,,unmapped
R_MI34PP,MI34PP,,Unassigned,,unmapped
R_MCOATAm,MCOATAm,R_MCOATAm,Fatty acid oxidation,Fatty acid oxidation,Human1 BiGG cross-reference
R_MI3PP,MI3PP,,Unassigned,,unmapped
R_LALDO,LALDO,R_HMR_8502,Pyruvate metabolism,Pyruvate metabolism,Human1 BiGG cross-reference
R_MI4PP,MI4PP,,Unassigned,,unmapped
R_MICITDr,MICITDr,R_MICITDr,Propanoate metabolism,Propanoate metabolism,Human1 BiGG cross-reference
R_MCPST,MCPST,R_HMR_3928;R_HMR_6518,Cysteine and methionine metabolism,Cysteine and methionine metabolism,Human1 BiGG cross-reference
R_MDH,MDH,R_HMR_4139,Tricarboxylic acid cycle and glyoxylate/dicarboxylate metabolism,Tricarboxylic acid cycle and glyoxylate/dicarboxylate metabolism,Human1 BiGG cross-reference
R_MINOHPtn,MINOHPtn,R_HMR_8843,Transport reactions,Transport reactions,Human1 BiGG cross-reference
R_MDHm,MDHm,R_HMR_4141,Tricarboxylic acid cycle and glyoxylate/dicarboxylate metabolism,Tricarboxylic acid cycle and glyoxylate/dicarboxylate metabolism,Human1 BiGG cross-reference
R_LALDO2,LALDO2,,Unassigned,,unmapped
R_MLTG1,MLTG1,R_HMR_8591,Starch and sucrose metabolism,Starch and sucrose metabolism,Human1 BiGG cross-reference
R_MLTG1e,MLTG1e,,Unassigned,,unmapped
R_MLTG1ly,MLTG1ly,R_HMR_8592,Starch and sucrose metabolism,Starch and sucrose metabolism,Human1 BiGG cross-reference
R_MDRPD,MDRPD,,Unassigned,,unmapped
R_LALDO2x,LALDO2x,,Unassigned,,unmapped
R_ME1m,ME1m,R_HMR_4087,Pyruvate metabolism,Pyruvate metabolism,Human1 BiGG cross-reference
R_ME2,ME2,R_HMR_4089,Pyruvate metabolism,Pyruvate metabolism,Human1 BiGG cross-reference
R_MM5ag,MM5ag,R_HMR_7320,N-glycan metabolism,N-glycan metabolism,Human1 BiGG cross-reference
R_MM5bg,MM5bg,R_HMR_7321,N-glycan metabolism,N-glycan metabolism,Human1 BiGG cross-reference
R_MM5cg,MM5cg,R_HMR_7322,N-glycan metabolism,N-glycan metabolism,Human1 BiGG cross-reference
R_MM6B1ag,MM6B1ag,R_HMR_7316,N-glycan metabolism,N-glycan metabolism,Human1 BiGG cross-reference
R_MM6B1bg,MM6B1bg,R_HMR_7317,N-glycan metabolism,N-glycan metabolism,Human1 BiGG cross-reference
R_MM6B2g,MM6B2g,R_HMR_7318,N-glycan metabolism,N-glycan metabolism,Human1 BiGG cross-reference
R_MM6ag,MM6ag,R_HMR_7315,N-glycan metabolism,N-glycan metabolism,Human1 BiGG cross-reference
R_ME2m,ME2m,R_HMR_4091,Pyruvate metabolism,Pyruvate metabolism,Human1 BiGG cross-reference
R_MECOALm,MECOALm,R_HMR_8667,C5-branched dibasic acid metabolism,C5-branched dibasic acid metabolism,Human1 BiGG cross-reference
R_MECOAS1m,MECOAS1m,R_HMR_8668,C5-branched dibasic acid metabolism,C5-branched dibasic acid metabolism,Human1 BiGG cross-reference
R_MELATN23DOX,MELATN23DOX,R_HMR_4550,Serotonin and melatonin biosynthesis,Serotonin and melatonin biosynthesis,Human1 BiGG cross-reference
R_MELATNOX,MELATNOX,R_HMR_8566,Tryptophan metabolism,Tryptophan metabolism,Human1 BiGG cross-reference
R_MM6bg,MM6bg,R_HMR_7319,N-glycan metabolism,N-glycan metabolism,Human1 BiGG cross-reference
R_MM7Ag,MM7Ag,R_HMR_7310,N-glycan metabolism,N-glycan metabolism,Human1 BiGG cross-reference
R_MM7B1g,MM7B1g,R_HMR_7311,N-glycan metabolism,N-glycan metabolism,Human1 BiGG cross-reference
R_MEOHt2,MEOHt2,R_HMR_5296,Transport reactions,Transport reactions,Human1 BiGG cross-reference
R_LAPCOAl,LAPCOAl,R_HMR_7731,Pantothenate and CoA biosynthesis,Pantothenate and CoA biosynthesis,Human1 BiGG cross-reference
R_MM7B2g,MM7B2g,R_HMR_7312,N-glycan metabolism,N-glycan metabolism,Human1 BiGG cross-reference
R_MM7Cag,MM7Cag,R_HMR_7313,N-glycan metabolism,N-glycan metabolism,Human1 BiGG cross-reference
R_MM8Ag,MM8Ag,R_HMR_7308,N-glycan metabolism,N-glycan metabolism,Human1 BiGG cross-reference
R_LCADi,LCADi,R_HMR_8503,Pyruvate metabolism,Pyruvate metabolism,Human1 BiGG cross-reference
R_MM8Ber,MM8Ber,R_HMR_7293,N-glycan metabolism,N-glycan metabolism,Human1 BiGG cross-reference
R_MM7Cbg,MM7Cbg,R_HMR_7314,N-glycan metabolism,N-glycan metabolism,Human1 BiGG cross-reference
R_MM8Cg,MM8Cg,R_HMR_7309,N-glycan metabolism,N-glycan metabolism,Human1 BiGG cross-reference
R_LCADi_D,LCADi_D,R_HMR_8504,Pyruvate metabolism,Pyruvate metabolism,Human1 BiGG cross-reference
R_LCADi_Dm,LCADi_Dm,R_LCADi_Dm,Pyruvate metabolism,Pyruvate metabolism,Human1 BiGG cross-reference
R_LCADm,LCADm,R_HMR_8506,Pyruvate metabolism,Pyruvate metabolism,Human1 BiGG cross-reference
R_MMCD,MMCD,R_MMCD,"Valine, leucine, and isoleucine metabolism","Valine, leucine, and isoleucine metabolism",Human1 BiGG cross-reference
R_MMCDm,MMCDm,R_HMR_8787,"Valine, leucine, and isoleucine metabolism","Valine, leucine, and isoleucine metabolism",Human1 BiGG cross-reference
R_MMCDp,MMCDp,R_MMCDp,"Valine, leucine, and isoleucine metabolism","Valine, leucine, and isoleucine metabolism",Human1 BiGG cross-reference
R_MMEm,MMEm,R_HMR_3213,"Valine, leucine, and isoleucine metabolism","Valine, leucine, and isoleucine metabolism",Human1 BiGG cross-reference
R_MMMm,MMMm,R_HMR_3215,"Valine, leucine, and isoleucine metabolism","Valine, leucine, and isoleucine metabolism",Human1 BiGG cross-reference
R_NACHEX4ly,NACHEX4ly,R_HMR_7528,Chondroitin sulfate degradation,Chondroitin sulfate degradation,Human1 BiGG cross-reference
R_NACHEX5ly,NACHEX5ly,R_HMR_7532,Chondroitin sulfate degradation,Chondroitin sulfate degradation,Human1 BiGG cross-reference
R_NACHEX6ly,NACHEX6ly,R_HMR_7544,Chondroitin sulfate degradation,Chondroitin sulfate degradation,Human1 BiGG cross-reference
R_NACHEX7ly,NACHEX7ly,R_HMR_7549,Chondroitin sulfate degradation,Chondroitin sulfate degradation,Human1 BiGG cross-reference
R_NACHEX8ly,NACHEX8ly,R_HMR_7561,Chondroitin sulfate degradation,Chondroitin sulfate degradation,Human1 BiGG cross-reference
R_NACHEX9ly,NACHEX9ly,R_HMR_7566,Chondroitin sulfate degradation,Chondroitin sulfate degradation,Human1 BiGG cross-reference
R_MMSAD1m,MMSAD1m,R_HMR_3795,"Valine, leucine, and isoleucine metabolism","Valine, leucine, and isoleucine metabolism",Human1 BiGG cross-reference
R_MMSAD3m,MMSAD3m,R_HMR_4282,Propanoate metabolism,Propanoate metabolism,Human1 BiGG cross-reference
R_NACHEXA10ly,NACHEXA10ly,R_HMR_7387,Keratan sulfate degradation,Keratan sulfate degradation,Human1 BiGG cross-reference
R_LCAT1e,LCAT1e,R_LCAT1e,Fatty acid oxidation,Fatty acid oxidation,Human1 BiGG cross-reference
R_NACHEXA11ly,NACHEXA11ly,R_HMR_7391,Keratan sulfate degradation,Keratan sulfate degradation,Human1 BiGG cross-reference
R_NACHEXA12ly,NACHEXA12ly,R_HMR_7395,Keratan sulfate degradation,Keratan sulfate degradation,Human1 BiGG cross-reference
R_NACHEXA13ly,NACHEXA13ly,R_HMR_7398,Keratan sulfate degradation,Keratan sulfate degradation,Human1 BiGG cross-reference
R_MMTSADm,MMTSADm,R_HMR_3761,"Valine, leucine, and isoleucine metabolism","Valine, leucine, and isoleucine metabolism",Human1 BiGG cross-reference
R_MOGAT,MOGAT,,Unassigned,,unmapped
R_NACHEXA14ly,NACHEXA14ly,R_HMR_7403,Keratan sulfate degradation,Keratan sulfate degradation,Human1 BiGG cross-reference
R_LCTStg,LCTStg,R_HMR_8913;R_LCTStg,Transport reactions,Transport reactions,Human1 BiGG cross-reference
R_NACHEXA15ly,NACHEXA15ly,R_HMR_7407,Keratan sulfate degradation,Keratan sulfate degradation,Human1 BiGG cross-reference
R_MTAP,MTAP,R_HMR_5384,Arginine and proline metabolism,Arginine and proline metabolism,Human1 BiGG cross-reference
R_NACHEXA16ly,NACHEXA16ly,R_HMR_7411,Keratan sulfate degradation,Keratan sulfate degradation,Human1 BiGG cross-reference
R_LCTStl,LCTStl,R_HMR_8763,Transport reactions,Transport reactions,Human1 BiGG cross-reference
R_NACHEXA17ly,NACHEXA17ly,R_HMR_7415,Keratan sulfate degradation,Keratan sulfate degradation,Human1 BiGG cross-reference
R_NACHEXA18ly,NACHEXA18ly,R_HMR_7418,Keratan sulfate degradation,Keratan sulfate degradation,Human1 BiGG cross-reference
R_MTHFC,MTHFC,R_HMR_4503,Folate metabolism,Folate metabolism,Human1 BiGG cross-reference
R_MTHFCm,MTHFCm,R_HMR_4505,Folate metabolism,Folate metabolism,Human1 BiGG cross-reference
R_NACHEXA19ly,NACHEXA19ly,R_HMR_7423,Keratan sulfate degradation,Keratan sulfate degradation,Human1 BiGG cross-reference
R_NACHEXA1ly,NACHEXA1ly,R_HMR_7503,Chondroitin sulfate degradation,Chondroitin sulfate degradation,Human1 BiGG cross-reference
R_NACHEXA20ly,NACHEXA20ly,R_HMR_7459,Keratan sulfate degradation,Keratan sulfate degradation,Human1 BiGG cross-reference
R_NACHEXA21ly,NACHEXA21ly,R_HMR_7462,Keratan sulfate degradation,Keratan sulfate degradation,Human1 BiGG cross-reference
R_MTHFD,MTHFD,R_HMR_4442,Folate metabolism,Folate metabolism,Human1 BiGG cross-reference
R_MTHFD2i,MTHFD2i,,Unassigned,,unmapped
R_MTHFD2m,MTHFD2m,R_HMR_4440;R_HMR_8144,Folate metabolism,Folate metabolism,Human1 BiGG cross-reference
R_NACHEXA22ly,NACHEXA22ly,R_HMR_7488,Keratan sulfate degradation,Keratan sulfate degradation,Human1 BiGG cross-reference
R_NACHEXA2ly,NACHEXA2ly,R_HMR_7515,Chondroitin sulfate degradation,Chondroitin sulfate degradation,Human1 BiGG cross-reference
R_MTHFDm,MTHFDm,R_HMR_4444,Folate metabolism,Folate metabolism,Human1 BiGG cross-reference
R_LCYSTAT,LCYSTAT,R_HMR_8066,Cysteine and methionine metabolism,Cysteine and methionine metabolism,Human1 BiGG cross-reference
R_MTHFR3,MTHFR3,R_HMR_4446,Folate metabolism,Folate metabolism,Human1 BiGG cross-reference
R_MTHGXLt,MTHGXLt,R_HMR_5011,Transport reactions,Transport reactions,Human1 BiGG cross-reference
R_MTRI,MTRI,,Unassigned,,unmapped
R_NACHEXA3ly,NACHEXA3ly,R_HMR_7527,Chondroitin sulfate degradation,Chondroitin sulfate degradation,Human1 BiGG cross-reference
R_NACHEXA4ly,NACHEXA4ly,R_HMR_7531,Chondroitin sulfate degradation,Chondroitin sulfate degradation,Human1 BiGG cross-reference
R_NACHEXA5ly,NACHEXA5ly,R_HMR_7543,Chondroitin sulfate degradation,Chondroitin sulfate degradation,Human1 BiGG cross-reference
R_NACHEXA6ly,NACHEXA6ly,R_HMR_7548,Chondroitin sulfate degradation,Chondroitin sulfate degradation,Human1 BiGG cross-reference
R_NACHEXA7ly,NACHEXA7ly,R_HMR_7559,Chondroitin sulfate degradation,Chondroitin sulfate degradation,Human1 BiGG cross-reference
R_NACHEXA8ly,NACHEXA8ly,R_HMR_7563,Chondroitin sulfate degradation,Chondroitin sulfate degradation,Human1 BiGG cross-reference
R_N2M2NMASNt,N2M2NMASNt,R_HMR_7583,Transport reactions,Transport reactions,Human1 BiGG cross-reference
R_N2M2NMASNtly,N2M2NMASNtly,R_HMR_7584,Transport reactions,Transport reactions,Human1 BiGG cross-reference
R_NACHEXA9ly,NACHEXA9ly,R_HMR_7382,Keratan sulfate degradation,Keratan sulfate degradation,Human1 BiGG cross-reference
R_N3Tg,N3Tg,R_HMR_7438,O-glycan metabolism,O-glycan metabolism,Human1 BiGG cross-reference
R_LCYSTATm,LCYSTATm,R_HMR_8067,Cysteine and methionine metabolism,Cysteine and methionine metabolism,Human1 BiGG cross-reference
R_N4Tg,N4Tg,R_HMR_8258,O-glycan metabolism,O-glycan metabolism,Human1 BiGG cross-reference
R_NABTNO,NABTNO,R_HMR_8605,Arginine and proline metabolism,Arginine and proline metabolism,Human1 BiGG cross-reference
R_LCYSTCBOXL,LCYSTCBOXL,R_HMR_8065,Bile acid biosynthesis,Bile acid biosynthesis,Human1 BiGG cross-reference
R_NABTNOm,NABTNOm,R_NABTNOm,Arginine and proline metabolism,Arginine and proline metabolism,Human1 BiGG cross-reference
R_NACASPAH,NACASPAH,R_HMR_8628,"Alanine, aspartate and glutamate metabolism","Alanine, aspartate and glutamate metabolism",Human1 BiGG cross-reference
R_NACt,NACt,R_HMR_4989,Transport reactions,Transport reactions,Human1 BiGG cross-reference
R_NADH2_u10m,NADH2_u10m,,Oxidative phosphorylation,,curated override
R_NADHtpu,NADHtpu,R_HMR_7775,Transport reactions,Transport reactions,Human1 BiGG cross-reference
R_NADHtru,NADHtru,R_HMR_7776,Transport reactions,Transport reactions,Human1 BiGG cross-reference
R_NADK,NADK,R_HMR_4268;R_HMR_4269;R_HMR_4279,Nicotinate and nicotinamide metabolism,Nicotinate and nicotinamide metabolism,Human1 BiGG cross-reference
R_NADN,NADN,R_HMR_7143,Nicotinate and nicotinamide metabolism,Nicotinate and nicotinamide metabolism,Human1 BiGG cross-reference
R_NADNe,NADNe,R_HMR_7142,Nicotinate and nicotinamide metabolism,Nicotinate and nicotinamide metabolism,Human1 BiGG cross-reference
R_NADPHtru,NADPHtru,R_HMR_7780,Transport reactions,Transport reactions,Human1 BiGG cross-reference
R_NADPHtxu,NADPHtxu,R_HMR_7779,Transport reactions,Transport reactions,Human1 BiGG cross-reference
R_NADPN,NADPN,,Unassigned,,unmapped
R_NACASPtm,NACASPtm,R_HMR_8627,Transport reactions,Transport reactions,Human1 BiGG cross-reference
R_NACHEX10ly,NACHEX10ly,R_HMR_7383,Keratan sulfate degradation,Keratan sulfate degradation,Human1 BiGG cross-reference
R_NACHEX11ly,NACHEX11ly,R_HMR_7386,Keratan sulfate degradation,Keratan sulfate degradation,Human1 BiGG cross-reference
R_NACHEX12ly,NACHEX12ly,R_HMR_7390,Keratan sulfate degradation,Keratan sulfate degradation,Human1 BiGG cross-reference
R_NACHEX13ly,NACHEX13ly,R_HMR_7394,Keratan sulfate degradation,Keratan sulfate degradation,Human1 BiGG cross-reference
R_NACHEX14ly,NACHEX14ly,R_HMR_7399,Keratan sulfate degradation,Keratan sulfate degradation,Human1 BiGG cross-reference
R_NACHEX15ly,NACHEX15ly,R_HMR_7402,Keratan sulfate degradation,Keratan sulfate degradation,Human1 BiGG cross-reference
R_NACHEX16ly,NACHEX16ly,R_HMR_7406,Keratan sulfate degradation,Keratan sulfate degradation,Human1 BiGG cross-reference
R_NACHEX17ly,NACHEX17ly,R_HMR_7410,Keratan sulfate degradation,Keratan sulfate degradation,Human1 BiGG cross-reference
R_NACHEX18ly,NACHEX18ly,R_HMR_7414,Keratan sulfate degradation,Keratan sulfate degradation,Human1 BiGG cross-reference
R_NACHEX19ly,NACHEX19ly,R_HMR_7419,Keratan sulfate degradation,Keratan sulfate degradation,Human1 BiGG cross-reference
R_NACHEX1ly,NACHEX1ly,R_HMR_7504,Chondroitin sulfate degradation,Chondroitin sulfate degradation,Human1 BiGG cross-reference
R_NACHEX20ly,NACHEX20ly,R_HMR_7422,Keratan sulfate degradation,Keratan sulfate degradation,Human1 BiGG cross-reference
R_NADPNe,NADPNe,R_HMR_8788,Nicotinate and nicotinamide metabolism,Nicotinate and nicotinamide metabolism,Human1 BiGG cross-reference
R_NADPtru,NADPtru,R_HMR_7778,Transport reactions,Transport reactions,Human1 BiGG cross-reference
R_NADPtxu,NADPtxu,R_HMR_7777,Transport reactions,Transport reactions,Human1 BiGG cross-reference
R_NACHEX21ly,NACHEX21ly,R_HMR_7425,Keratan sulfate degradation,Keratan sulfate degradation,Human1 BiGG cross-reference
R_NACHEX22ly,NACHEX22ly,R_HMR_7427,Keratan sulfate degradation,Keratan sulfate degradation,Human1 BiGG cross-reference
R_NACHEX23ly,NACHEX23ly,R_HMR_7460,Keratan sulfate degradation,Keratan sulfate degradation,Human1 BiGG cross-reference
R_NACHEX24ly,NACHEX24ly,R_HMR_7464,Keratan sulfate degradation,Keratan sulfate degradation,Human1 BiGG cross-reference
R_NADS2,NADS2,R_HMR_4260,Nicotinate and nicotinamide metabolism,Nicotinate and nicotinamide metabolism,Human1 BiGG cross-reference
R_NADtn,NADtn,R_HMR_7773,Transport reactions,Transport reactions,Human1 BiGG cross-reference
R_NADtpu,NADtpu,R_HMR_7771,Transport reactions,Transport reactions,Human1 BiGG cross-reference
R_NACHEX25ly,NACHEX25ly,R_HMR_7466,Keratan sulfate degradation,Keratan sulfate degradation,Human1 BiGG cross-reference
R_NADtru,NADtru,R_HMR_7772,Transport reactions,Transport reactions,Human1 BiGG cross-reference
R_LDH_D,LDH_D,R_HMR_8512,Pyruvate metabolism,Pyruvate metabolism,Human1 BiGG cross-reference
R_NAGA2ly,NAGA2ly,R_HMR_7469;R_NAGA2ly,Keratan sulfate degradation,Keratan sulfate degradation,Human1 BiGG cross-reference
R_NACHEX26ly,NACHEX26ly,R_HMR_7489,Keratan sulfate degradation,Keratan sulfate degradation,Human1 BiGG cross-reference
R_NACHEX27ly,NACHEX27ly,R_HMR_7572,Heparan sulfate degradation,Heparan sulfate degradation,Human1 BiGG cross-reference
R_NACHEX2ly,NACHEX2ly,R_HMR_7507,Chondroitin sulfate degradation,Chondroitin sulfate degradation,Human1 BiGG cross-reference
R_NACHEX3ly,NACHEX3ly,R_HMR_7516,Chondroitin sulfate degradation,Chondroitin sulfate degradation,Human1 BiGG cross-reference
R_NAGAly,NAGAly,R_HMR_8201,Sphingolipid metabolism,Sphingolipid metabolism,Human1 BiGG cross-reference
R_NAGLCAly,NAGLCAly,R_HMR_7468,Keratan sulfate degradation,Keratan sulfate degradation,Human1 BiGG cross-reference
R_NAGAlby,NAGAlby,R_HMR_8197,Sphingolipid metabolism,Sphingolipid metabolism,Human1 BiGG cross-reference
R_NAHCO3_HCLt,NAHCO3_HCLt,R_NAHCO3_HCLt,Transport reactions,Transport reactions,Human1 BiGG cross-reference
R_LDH_L,LDH_L,R_HMR_4388,Glycolysis / Gluconeogenesis,Glycolysis / Gluconeogenesis,Human1 BiGG cross-reference
R_NAIt,NAIt,R_HMR_8924,Transport reactions,Transport reactions,Human1 BiGG cross-reference
R_LDH_Lm,LDH_Lm,R_HMR_4280,Pyruvate metabolism,Pyruvate metabolism,Human1 BiGG cross-reference
R_NAt,NAt,R_NAt,Transport reactions,Transport reactions,Human1 BiGG cross-reference
R_NAt3_1,NAt3_1,R_HMR_5430,Transport reactions,Transport reactions,Human1 BiGG cross-reference
R_NAt3_1g,NAt3_1g,R_HMR_7695,Transport reactions,Transport reactions,Human1 BiGG cross-reference
R_NDPK9,NDPK9,R_HMR_4291,Purine metabolism,Purine metabolism,Human1 BiGG cross-reference
R_NAt5,NAt5,R_HMR_8925;R_NAt5,Transport reactions,Transport reactions,Human1 BiGG cross-reference
R_LEUKTRA4tr,LEUKTRA4tr,R_HMR_8914,Transport reactions,Transport reactions,Human1 BiGG cross-reference
R_NAtx,NAtx,R_HMR_5453,Transport reactions,Transport reactions,Human1 BiGG cross-reference
R_NBAHH_ir,NBAHH_ir,R_HMR_4427,Beta-alanine metabolism,Beta-alanine metabolism,Human1 BiGG cross-reference
R_NDPK9m,NDPK9m,R_HMR_7895,Nucleotide metabolism,Nucleotide metabolism,Human1 BiGG cross-reference
R_NDPK9n,NDPK9n,R_HMR_7893,Nucleotide metabolism,Nucleotide metabolism,Human1 BiGG cross-reference
R_NH4t3r,NH4t3r,R_HMR_4873;R_HMR_5023;R_NH4t3r,Transport reactions,Transport reactions,Human1 BiGG cross-reference
R_NH4tn,NH4tn,R_HMR_4277;R_NH4tn,Transport reactions,Transport reactions,Human1 BiGG cross-reference
R_NH4tp,NH4tp,R_HMR_8926;R_NH4tp,Transport reactions,Transport reactions,Human1 BiGG cross-reference
R_NCAMUP,NCAMUP,R_HMR_4969,Transport reactions,Transport reactions,Human1 BiGG cross-reference
R_NCCt,NCCt,,Unassigned,,unmapped
R_NCKt,NCKt,R_HMR_7631,Transport reactions,Transport reactions,Human1 BiGG cross-reference
R_NCNt,NCNt,R_HMR_7632;R_NCNt,Transport reactions,Transport reactions,Human1 BiGG cross-reference
R_NDP10ex,NDP10ex,R_HMR_4342,Nucleotide metabolism,Nucleotide metabolism,Human1 BiGG cross-reference
R_NDP3ex,NDP3ex,R_HMR_4134,Purine metabolism,Purine metabolism,Human1 BiGG cross-reference
R_LEUKTRB4tr,LEUKTRB4tr,R_HMR_8915,Transport reactions,Transport reactions,Human1 BiGG cross-reference
R_NDP6,NDP6,R_HMR_4516,Nucleotide metabolism,Nucleotide metabolism,Human1 BiGG cross-reference
R_NDP7er,NDP7er,,Unassigned,,unmapped
R_NDP7ex,NDP7ex,R_HMR_4060,Pyrimidine metabolism,Pyrimidine metabolism,Human1 BiGG cross-reference
R_NDP7g,NDP7g,R_HMR_4059;R_HMR_8485,Nucleotide metabolism,Nucleotide metabolism;Pyrimidine metabolism,Human1 BiGG cross-reference
R_LEUKTRC4t,LEUKTRC4t,R_HMR_8551,Transport reactions,Transport reactions,Human1 BiGG cross-reference
R_NDP8,NDP8,R_HMR_3965,Nucleotide metabolism,Nucleotide metabolism,Human1 BiGG cross-reference
R_NDP8ex,NDP8ex,R_HMR_4061,Nucleotide metabolism,Nucleotide metabolism,Human1 BiGG cross-reference
R_LEUKTRD4tr,LEUKTRD4tr,R_HMR_8553,Transport reactions,Transport reactions,Human1 BiGG cross-reference
R_NICRNS,NICRNS,R_HMR_4253,Nicotinate and nicotinamide metabolism,Nicotinate and nicotinamide metabolism,Human1 BiGG cross-reference
R_NDPK1,NDPK1,R_HMR_4016,Purine metabolism,Purine metabolism,Human1 BiGG cross-reference
R_NICRNTtn,NICRNTtn,R_HMR_4275,Transport reactions,Transport reactions,Human1 BiGG cross-reference
R_LEUTA,LEUTA,R_HMR_6923,"Valine, leucine, and isoleucine metabolism","Valine, leucine, and isoleucine metabolism",Human1 BiGG cross-reference
R_NIFEDIPINEte,NIFEDIPINEte,R_HMR_8054,Transport reactions,Transport reactions,Human1 BiGG cross-reference
R_NKCC2t,NKCC2t,,Unassigned,,unmapped
R_NDPK10,NDPK10,R_HMR_7878,Nucleotide metabolism,Nucleotide metabolism,Human1 BiGG cross-reference
R_NDPK10m,NDPK10m,R_HMR_7894,Nucleotide metabolism,Nucleotide metabolism,Human1 BiGG cross-reference
R_NKCCt,NKCCt,R_HMR_4956,Transport reactions,Transport reactions,Human1 BiGG cross-reference
R_LEUTAm,LEUTAm,R_HMR_3765,"Valine, leucine, and isoleucine metabolism","Valine, leucine, and isoleucine metabolism",Human1 BiGG cross-reference
R_NMNATm,NMNATm,,Unassigned,,unmapped
R_NMNATn,NMNATn,R_HMR_8790,Nicotinate and nicotinamide metabolism,Nicotinate and nicotinamide metabolism,Human1 BiGG cross-reference
R_NDPK10n,NDPK10n,R_HMR_7881,Nucleotide metabolism,Nucleotide metabolism,Human1 BiGG cross-reference
R_NDPK1m,NDPK1m,R_HMR_4018,Purine metabolism,Purine metabolism,Human1 BiGG cross-reference
R_NDPK1n,NDPK1n,R_HMR_7882,Nucleotide metabolism,Nucleotide metabolism,Human1 BiGG cross-reference
R_NDPK2,NDPK2,R_HMR_4006,Pyrimidine metabolism,Pyrimidine metabolism,Human1 BiGG cross-reference
R_NDPK2m,NDPK2m,R_HMR_7883,Nucleotide metabolism,Nucleotide metabolism,Human1 BiGG cross-reference
R_NMNAT,NMNAT,R_NMNATr,Nicotinate and nicotinamide metabolism,Nicotinate and nicotinamide metabolism,Human1 BiGG cross-reference
R_NMNS,NMNS,R_HMR_4262,Nicotinate and nicotinamide metabolism,Nicotinate and nicotinamide metabolism,Human1 BiGG cross-reference
R_NMNtn,NMNtn,R_HMR_8789,Transport reactions,Transport reactions,Human1 BiGG cross-reference
R_NDPK2n,NDPK2n,R_HMR_7884,Nucleotide metabolism,Nucleotide metabolism,Human1 BiGG cross-reference
R_NDPK3,NDPK3,R_HMR_4028,Pyrimidine metabolism,Pyrimidine metabolism,Human1 BiGG cross-reference
R_NMPTRCOX,NMPTRCOX,R_HMR_9562,Isolated,Isolated,Human1 BiGG cross-reference
R_LEUt4,LEUt4,R_HMR_5315,Transport reactions,Transport reactions,Human1 BiGG cross-reference
R_NNATr_copy1,NNATr_copy1,,Unassigned,,unmapped
R_NNATm,NNATm,R_NNATm,Nicotinate and nicotinamide metabolism,Nicotinate and nicotinamide metabolism,Human1 BiGG cross-reference
R_NNATn,NNATn,R_HMR_4276,Nicotinate and nicotinamide metabolism,Nicotinate and nicotinamide metabolism,Human1 BiGG cross-reference
R_NDPK3m,NDPK3m,R_HMR_4030,Pyrimidine metabolism,Pyrimidine metabolism,Human1 BiGG cross-reference
R_NDPK3n,NDPK3n,R_HMR_7885,Nucleotide metabolism,Nucleotide metabolism,Human1 BiGG cross-reference
R_NDPK4,NDPK4,R_HMR_4635,Pyrimidine metabolism,Pyrimidine metabolism,Human1 BiGG cross-reference
R_NDPK4m,NDPK4m,R_HMR_7886,Nucleotide metabolism,Nucleotide metabolism,Human1 BiGG cross-reference
R_NDPK4n,NDPK4n,R_HMR_7887,Nucleotide metabolism,Nucleotide metabolism,Human1 BiGG cross-reference
R_NDPK5,NDPK5,R_HMR_4570,Purine metabolism,Purine metabolism,Human1 BiGG cross-reference
R_NDPK5m,NDPK5m,R_HMR_4572,Purine metabolism,Purine metabolism,Human1 BiGG cross-reference
R_NNATr_copy2,NNATr_copy2,,Unassigned,,unmapped
R_NNDPR,NNDPR,R_HMR_4251,Nicotinate and nicotinamide metabolism,Nicotinate and nicotinamide metabolism,Human1 BiGG cross-reference
R_NDPK5n,NDPK5n,R_HMR_7888,Nucleotide metabolism,Nucleotide metabolism,Human1 BiGG cross-reference
R_LEUt5m,LEUt5m,R_HMR_5109;R_LEUt5m,Transport reactions,Transport reactions,Human1 BiGG cross-reference
R_NDPK6,NDPK6,R_HMR_4673,Pyrimidine metabolism,Pyrimidine metabolism,Human1 BiGG cross-reference
R_NDPK6m,NDPK6m,R_HMR_4675,Pyrimidine metabolism,Pyrimidine metabolism,Human1 BiGG cross-reference
R_NNMT,NNMT,R_HMR_7676,Nicotinate and nicotinamide metabolism,Nicotinate and nicotinamide metabolism,Human1 BiGG cross-reference
R_NORANMT,NORANMT,,Unassigned,,unmapped
R_NOS1,NOS1,R_HMR_4190,Arginine and proline metabolism,Arginine and proline metabolism,Human1 BiGG cross-reference
R_NOS2,NOS2,R_HMR_3993,Arginine and proline metabolism,Arginine and proline metabolism,Human1 BiGG cross-reference
R_NOt,NOt,R_HMR_5009,Transport reactions,Transport reactions,Human1 BiGG cross-reference
R_NDPK6n,NDPK6n,R_HMR_7889,Nucleotide metabolism,Nucleotide metabolism,Human1 BiGG cross-reference
R_NDPK7,NDPK7,R_HMR_4670,Pyrimidine metabolism,Pyrimidine metabolism,Human1 BiGG cross-reference
R_NDPK7m,NDPK7m,R_HMR_7890,Nucleotide metabolism,Nucleotide metabolism,Human1 BiGG cross-reference
R_NDPK7n,NDPK7n,R_HMR_7891,Nucleotide metabolism,Nucleotide metabolism,Human1 BiGG cross-reference
R_NDPK8,NDPK8,R_HMR_4044,Purine metabolism,Purine metabolism,Human1 BiGG cross-reference
R_NDPK8m,NDPK8m,R_HMR_4420,Purine metabolism,Purine metabolism,Human1 BiGG cross-reference
R_NP1,NP1,R_HMR_4662,Nicotinate and nicotinamide metabolism,Nicotinate and nicotinamide metabolism,Human1 BiGG cross-reference
R_NPTHLte,NPTHLte,,Unassigned,,unmapped
R_NRPPHRSFt,NRPPHRSFt,R_HMR_8095,Transport reactions,Transport reactions,Human1 BiGG cross-reference
R_NDPK8n,NDPK8n,R_HMR_7892,Nucleotide metabolism,Nucleotide metabolism,Human1 BiGG cross-reference
R_LEUtec,LEUtec,R_HMR_5085,Transport reactions,Transport reactions,Human1 BiGG cross-reference
R_NTD8,NTD8,R_HMR_4602,Purine metabolism,Purine metabolism,Human1 BiGG cross-reference
R_NRPPHRSULT,NRPPHRSULT,R_HMR_8094,Tyrosine metabolism,Tyrosine metabolism,Human1 BiGG cross-reference
R_NRPPHRVESSEC,NRPPHRVESSEC,R_HMR_7637;R_NRPPHRVESSEC,Transport reactions,Transport reactions,Human1 BiGG cross-reference
R_NRPPHRt4_2_r,NRPPHRt4_2_r,R_HMR_6242,Transport reactions,Transport reactions,Human1 BiGG cross-reference
R_LFORKYNHYD,LFORKYNHYD,R_HMR_4218,"Phenylalanine, tyrosine and tryptophan biosynthesis","Phenylalanine, tyrosine and tryptophan biosynthesis",Human1 BiGG cross-reference
R_NRPPHRtu,NRPPHRtu,R_HMR_6241,Transport reactions,Transport reactions,Human1 BiGG cross-reference
R_NRVNCCOAtx,NRVNCCOAtx,,Unassigned,,unmapped
R_TTDCAtr,TTDCAtr,R_HMR_0195,Transport reactions,Transport reactions,Human1 BiGG cross-reference
R_NRVNCCPT1,NRVNCCPT1,,Unassigned,,unmapped
R_LGNCCOAtx,LGNCCOAtx,,Unassigned,,unmapped
R_NRVNCCPT2,NRVNCCPT2,R_NRVNCCPT2,Fatty acid oxidation,Fatty acid oxidation,Human1 BiGG cross-reference
R_NRVNCCRNt,NRVNCCRNt,R_NRVNCCRNt,Fatty acid oxidation,Fatty acid oxidation,Human1 BiGG cross-reference
R_NTD8l,NTD8l,R_HMR_8495,Nucleotide metabolism,Nucleotide metabolism,Human1 BiGG cross-reference
R_NRVNCt,NRVNCt,,Unassigned,,unmapped
R_NTD9,NTD9,R_HMR_4449,Purine metabolism,Purine metabolism,Human1 BiGG cross-reference
R_LGNCCPT1,LGNCCPT1,,Unassigned,,unmapped
R_NTD9e,NTD9e,R_HMR_4450,Purine metabolism,Purine metabolism,Human1 BiGG cross-reference
R_NTD9l,NTD9l,R_HMR_7728,Nucleotide metabolism,Nucleotide metabolism,Human1 BiGG cross-reference
R_NTMELYStner,NTMELYStner,R_HMR_8028,Transport reactions,Transport reactions,Human1 BiGG cross-reference
R_NTP3e,NTP3e,R_HMR_4136,Nucleotide metabolism,Nucleotide metabolism,Human1 BiGG cross-reference
R_NS26T2g,NS26T2g,R_HMR_7172,O-glycan metabolism,O-glycan metabolism,Human1 BiGG cross-reference
R_NS26Tg,NS26Tg,,Unassigned,,unmapped
R_NT5C,NT5C,R_HMR_4252,Nicotinate and nicotinamide metabolism,Nicotinate and nicotinamide metabolism,Human1 BiGG cross-reference
R_NTD1,NTD1,R_HMR_4642,Pyrimidine metabolism,Pyrimidine metabolism,Human1 BiGG cross-reference
R_NTD10,NTD10,R_HMR_4705,Purine metabolism,Purine metabolism,Human1 BiGG cross-reference
R_NTPP10,NTPP10,R_HMR_7879,Nucleotide metabolism,Nucleotide metabolism,Human1 BiGG cross-reference
R_NTPP11,NTPP11,R_HMR_8488,Nucleotide metabolism,Nucleotide metabolism,Human1 BiGG cross-reference
R_NTD11,NTD11,R_HMR_4417,Purine metabolism,Purine metabolism,Human1 BiGG cross-reference
R_LGNCCPT2,LGNCCPT2,R_LGNCCPT2,Fatty acid oxidation,Fatty acid oxidation,Human1 BiGG cross-reference
R_NTD12,NTD12,R_HMR_7880,Nucleotide metabolism,Nucleotide metabolism,Human1 BiGG cross-reference
R_NTD1m,NTD1m,R_HMR_6626,Nucleotide metabolism,Nucleotide metabolism,Human1 BiGG cross-reference
R_NTD2,NTD2,R_HMR_3970,Pyrimidine metabolism,Pyrimidine metabolism,Human1 BiGG cross-reference
R_NTPP9,NTPP9,R_HMR_8489,Nucleotide metabolism,Nucleotide metabolism,Human1 BiGG cross-reference
R_NaKt,NaKt,R_HMR_5429,Transport reactions,Transport reactions,Human1 BiGG cross-reference
R_O16G1e,O16G1e,R_O16G1e,Starch and sucrose metabolism,Starch and sucrose metabolism,Human1 BiGG cross-reference
R_O16G2e,O16G2e,R_HMR_8584,Starch and sucrose metabolism,Starch and sucrose metabolism,Human1 BiGG cross-reference
R_NTD2e,NTD2e,R_HMR_8487,Nucleotide metabolism,Nucleotide metabolism,Human1 BiGG cross-reference
R_O2St,O2St,R_HMR_3959,Transport reactions,Transport reactions,Human1 BiGG cross-reference
R_NTD2l,NTD2l,R_HMR_7716,Nucleotide metabolism,Nucleotide metabolism,Human1 BiGG cross-reference
R_O2Stm,O2Stm,R_HMR_8411,Transport reactions,Transport reactions,Human1 BiGG cross-reference
R_NTD2m,NTD2m,R_HMR_7717,Nucleotide metabolism,Nucleotide metabolism,Human1 BiGG cross-reference
R_P45019A2r,P45019A2r,R_HMR_7941,Steroid metabolism,Steroid metabolism,Human1 BiGG cross-reference
R_NTD3,NTD3,R_HMR_4510,Pyrimidine metabolism,Pyrimidine metabolism,Human1 BiGG cross-reference
R_NTD3l,NTD3l,R_HMR_8493,Nucleotide metabolism,Nucleotide metabolism,Human1 BiGG cross-reference
R_NTD4,NTD4,R_HMR_4177,Pyrimidine metabolism,Pyrimidine metabolism,Human1 BiGG cross-reference
R_NTD4e,NTD4e,R_HMR_4179,Pyrimidine metabolism,Pyrimidine metabolism,Human1 BiGG cross-reference
R_NTD4l,NTD4l,R_HMR_7721,Nucleotide metabolism,Nucleotide metabolism,Human1 BiGG cross-reference
R_O2Stn,O2Stn,R_HMR_8412,Transport reactions,Transport reactions,Human1 BiGG cross-reference
R_O2Stx,O2Stx,R_HMR_8414,Transport reactions,Transport reactions,Human1 BiGG cross-reference
R_O2t,O2t,R_HMR_4896,Transport reactions,Transport reactions,Human1 BiGG cross-reference
R_O2ter,O2ter,R_HMR_4894,Transport reactions,Transport reactions,Human1 BiGG cross-reference
R_O2tm,O2tm,R_HMR_4898,Transport reactions,Transport reactions,Human1 BiGG cross-reference
R_O2tn,O2tn,,Unassigned,,unmapped
R_O2tp,O2tp,R_HMR_4900,Transport reactions,Transport reactions,Human1 BiGG cross-reference
R_OAGD3te,OAGD3te,R_HMR_8229,Transport reactions,Transport reactions,Human1 BiGG cross-reference
R_OAGD3tg,OAGD3tg,R_HMR_8230,Transport reactions,Transport reactions,Human1 BiGG cross-reference
R_OAGT3te,OAGT3te,R_HMR_8231,Transport reactions,Transport reactions,Human1 BiGG cross-reference
R_OAGT3tg,OAGT3tg,R_HMR_8232,Transport reactions,Transport reactions,Human1 BiGG cross-reference
R_NTD5,NTD5,R_HMR_4056,Pyrimidine metabolism,Pyrimidine metabolism,Human1 BiGG cross-reference
R_NTD5l,NTD5l,R_HMR_7725,Nucleotide metabolism,Nucleotide metabolism,Human1 BiGG cross-reference
R_NTD5m,NTD5m,R_HMR_4484,Pyrimidine metabolism,Pyrimidine metabolism,Human1 BiGG cross-reference
R_NTD6,NTD6,R_HMR_4632,Purine metabolism,Purine metabolism,Human1 BiGG cross-reference
R_NTD6l,NTD6l,R_HMR_8494,Nucleotide metabolism,Nucleotide metabolism,Human1 BiGG cross-reference
R_NTD7,NTD7,R_HMR_4010,Purine metabolism,Purine metabolism,Human1 BiGG cross-reference
R_NTD7e,NTD7e,R_HMR_4081,Purine metabolism,Purine metabolism,Human1 BiGG cross-reference
R_NTD7l,NTD7l,R_HMR_7713,Nucleotide metabolism,Nucleotide metabolism,Human1 BiGG cross-reference
R_P4501B1r,P4501B1r,,Unassigned,,unmapped
R_OBDHc,OBDHc,R_HMR_8442,"Glycine, serine and threonine metabolism","Glycine, serine and threonine metabolism",Human1 BiGG cross-reference
R_P45021A1r,P45021A1r,R_HMR_7932,Steroid metabolism,Steroid metabolism,Human1 BiGG cross-reference
R_OCBTm,OCBTm,R_HMR_3809,Arginine and proline metabolism,Arginine and proline metabolism,Human1 BiGG cross-reference
R_OCCOAtm,OCCOAtm,,Unassigned,,unmapped
R_PCRNtc,PCRNtc,R_PCRNtc,Fatty acid oxidation,Fatty acid oxidation,Human1 BiGG cross-reference
R_OCCOAtx,OCCOAtx,R_OCCOAtx,Transport reactions,Transport reactions,Human1 BiGG cross-reference
R_P45021A2r,P45021A2r,R_HMR_7928,Steroid metabolism,Steroid metabolism,Human1 BiGG cross-reference
R_OCDCAt,OCDCAt,,Unassigned,,unmapped
R_OCDCEAt,OCDCEAt,R_HMR_0262,Transport reactions,Transport reactions,Human1 BiGG cross-reference
R_PCm,PCm,R_HMR_4143,Pyruvate metabolism,Pyruvate metabolism,Human1 BiGG cross-reference
R_OCOAT1m,OCOAT1m,R_HMR_3787,Tricarboxylic acid cycle and glyoxylate/dicarboxylate metabolism,Tricarboxylic acid cycle and glyoxylate/dicarboxylate metabolism,Human1 BiGG cross-reference
R_P45027A11m,P45027A11m,R_HMR_1605,Bile acid biosynthesis,Bile acid biosynthesis,Human1 BiGG cross-reference
R_OCTAt,OCTAt,,Unassigned,,unmapped
R_PCt,PCt,R_HMR_0470;R_HMR_0476,Transport reactions,Transport reactions,Human1 BiGG cross-reference
R_P45027A12m,P45027A12m,R_HMR_1609,Bile acid biosynthesis,Bile acid biosynthesis,Human1 BiGG cross-reference
R_ODECOAtx,ODECOAtx,R_ODECOAtx,Transport reactions,Transport reactions,Human1 BiGG cross-reference
R_OIVD1m,OIVD1m,R_HMR_3767,"Valine, leucine, and isoleucine metabolism","Valine, leucine, and isoleucine metabolism",Human1 BiGG cross-reference
R_PDE1,PDE1,R_HMR_4014,Purine metabolism,Purine metabolism,Human1 BiGG cross-reference
R_PDE1g,PDE1g,R_HMR_8087,Nucleotide metabolism,Nucleotide metabolism,Human1 BiGG cross-reference
R_PDE4,PDE4,R_HMR_4048,Purine metabolism,Purine metabolism,Human1 BiGG cross-reference
R_PDE4g,PDE4g,R_HMR_8085,Nucleotide metabolism,Nucleotide metabolism,Human1 BiGG cross-reference
R_OIVD2m,OIVD2m,R_HMR_3748,"Valine, leucine, and isoleucine metabolism","Valine, leucine, and isoleucine metabolism",Human1 BiGG cross-reference
R_OIVD3m,OIVD3m,R_HMR_3780,"Valine, leucine, and isoleucine metabolism","Valine, leucine, and isoleucine metabolism",Human1 BiGG cross-reference
R_OMEPRAZOLEte,OMEPRAZOLEte,R_HMR_8045,Transport reactions,Transport reactions,Human1 BiGG cross-reference
R_OMPDC,OMPDC,R_HMR_4036,Pyrimidine metabolism,Pyrimidine metabolism,Human1 BiGG cross-reference
R_P45027A13m,P45027A13m,R_HMR_1613,Bile acid biosynthesis,Bile acid biosynthesis,Human1 BiGG cross-reference
R_ONPTHLte,ONPTHLte,R_HMR_8927,Transport reactions,Transport reactions,Human1 BiGG cross-reference
R_OPAH,OPAH,R_HMR_3889,Glutathione metabolism,Glutathione metabolism,Human1 BiGG cross-reference
R_ORETNF,ORETNF,R_HMR_8703,Retinol metabolism,Retinol metabolism,Human1 BiGG cross-reference
R_ORETNF2,ORETNF2,R_HMR_8706,Retinol metabolism,Retinol metabolism,Human1 BiGG cross-reference
R_GCPNn,GCPNn,R_HMR_8083,Nucleotide metabolism,Nucleotide metabolism,Human1 BiGG cross-reference
R_PDHm,PDHm,R_HMR_4137,Glycolysis / Gluconeogenesis,Glycolysis / Gluconeogenesis,Human1 BiGG cross-reference
R_PDX5POi,PDX5POi,R_HMR_4067,Vitamin B6 metabolism,Vitamin B6 metabolism,Human1 BiGG cross-reference
R_ORETNtn,ORETNtn,R_ORETNtn,Transport reactions,Transport reactions,Human1 BiGG cross-reference
R_ORETNtn2,ORETNtn2,R_ORETNtn2,Transport reactions,Transport reactions,Human1 BiGG cross-reference
R_PDXPP,PDXPP,R_HMR_8725,Vitamin B6 metabolism,Vitamin B6 metabolism,Human1 BiGG cross-reference
R_P45027A14m,P45027A14m,,Unassigned,,unmapped
R_PEAMNO,PEAMNO,R_HMR_4682,Tyrosine metabolism,Tyrosine metabolism,Human1 BiGG cross-reference
R_PECGONCOATr,PECGONCOATr,R_PECGONCOATr,Alkaloids Biosynthesis,Alkaloids Biosynthesis,Human1 BiGG cross-reference
R_ORNDC,ORNDC,,Unassigned,,unmapped
R_ORNTArm,ORNTArm,R_HMR_3807,Arginine and proline metabolism,Arginine and proline metabolism,Human1 BiGG cross-reference
R_P45027A15m,P45027A15m,R_P45027A15m,Bile acid biosynthesis,Bile acid biosynthesis,Human1 BiGG cross-reference
R_ORNt3m,ORNt3m,R_HMR_5105,Transport reactions,Transport reactions,Human1 BiGG cross-reference
R_ORNt4m,ORNt4m,R_HMR_6318,Transport reactions,Transport reactions,Human1 BiGG cross-reference
R_ORNt,ORNt,,Unassigned,,unmapped
R_PEFLIP,PEFLIP,R_PEFLIP,Transport reactions,Transport reactions,Human1 BiGG cross-reference
R_PEFLIPm,PEFLIPm,R_PEFLIPm,Transport reactions,Transport reactions,Human1 BiGG cross-reference
R_PEPCK_re,PEPCK_re,R_HMR_4101,Pyruvate metabolism,Pyruvate metabolism,Human1 BiGG cross-reference
R_ORPT,ORPT,R_HMR_4577,Pyrimidine metabolism,Pyrimidine metabolism,Human1 BiGG cross-reference
R_OXAHCOtex,OXAHCOtex,R_HMR_7902,Transport reactions,Transport reactions,Human1 BiGG cross-reference
R_PEPCKm,PEPCKm,R_HMR_4103,Pyruvate metabolism,Pyruvate metabolism,Human1 BiGG cross-reference
R_PEPLYStn,PEPLYStn,R_HMR_8024;R_PEPLYStn,Transport reactions,Transport reactions,Human1 BiGG cross-reference
R_OXAtp,OXAtp,R_OXAtp,Transport reactions,Transport reactions,Human1 BiGG cross-reference
R_P45027A16m,P45027A16m,,Unassigned,,unmapped
R_P45011A1m,P45011A1m,R_HMR_7935,Steroid metabolism,Steroid metabolism,Human1 BiGG cross-reference
R_P45011B11m,P45011B11m,,Unassigned,,unmapped
R_PERILLYLte,PERILLYLte,R_HMR_8599,Transport reactions,Transport reactions,Human1 BiGG cross-reference
R_PEROXx,PEROXx,R_PEROXx,Fatty acid oxidation,Fatty acid oxidation,Human1 BiGG cross-reference
R_PETHCT,PETHCT,R_HMR_0651,Glycerophospholipid metabolism,Glycerophospholipid metabolism,Human1 BiGG cross-reference
R_P45011B12m,P45011B12m,,Unassigned,,unmapped
R_PETOHMm_hs,PETOHMm_hs,R_PETOHMm_hs,Glycerophospholipid metabolism,Glycerophospholipid metabolism,Human1 BiGG cross-reference
R_P45011B21m,P45011B21m,R_HMR_7934,Steroid metabolism,Steroid metabolism,Human1 BiGG cross-reference
R_P45027A1m,P45027A1m,,Unassigned,,unmapped
R_P45017A1r,P45017A1r,,Unassigned,,unmapped
R_P45017A2r,P45017A2r,R_HMR_7936,Steroid metabolism,Steroid metabolism,Human1 BiGG cross-reference
R_P45017A3r,P45017A3r,R_HMR_7937,Steroid metabolism,Steroid metabolism,Human1 BiGG cross-reference
R_PETOHMr_hs,PETOHMr_hs,R_PETOHMr_hs,Glycerophospholipid metabolism,Glycerophospholipid metabolism,Human1 BiGG cross-reference
R_PE_HSter,PE_HSter,,Unassigned,,unmapped
R_PE_HStg,PE_HStg,R_HMR_0464;R_HMR_8527,Transport reactions,Transport reactions,Human1 BiGG cross-reference
R_PE_HStm,PE_HStm,R_HMR_8528,Transport reactions,Transport reactions,Human1 BiGG cross-reference
R_P45017A4r,P45017A4r,R_HMR_7938,Steroid metabolism,Steroid metabolism,Human1 BiGG cross-reference
R_P4502A6,P4502A6,R_HMR_8040,Metabolism of xenobiotics by cytochrome P450,Metabolism of xenobiotics by cytochrome P450,Human1 BiGG cross-reference
R_P45019A1r,P45019A1r,R_HMR_7940,Steroid metabolism,Steroid metabolism,Human1 BiGG cross-reference
R_PFK,PFK,R_HMR_4379,Glycolysis / Gluconeogenesis,Glycolysis / Gluconeogenesis,Human1 BiGG cross-reference
R_PFK26,PFK26,R_HMR_4297,Fructose and mannose metabolism,Fructose and mannose metabolism,Human1 BiGG cross-reference
R_P4502C18,P4502C18,R_HMR_8043,Metabolism of xenobiotics by cytochrome P450,Metabolism of xenobiotics by cytochrome P450,Human1 BiGG cross-reference
R_PGCD,PGCD,R_HMR_3839,"Glycine, serine and threonine metabolism","Glycine, serine and threonine metabolism",Human1 BiGG cross-reference
R_PGDI,PGDI,,Unassigned,,unmapped
R_PGDIr,PGDIr,R_HMR_8559,Eicosanoid metabolism,Eicosanoid metabolism,Human1 BiGG cross-reference
R_PGESr,PGESr,R_HMR_8560,Eicosanoid metabolism,Eicosanoid metabolism,Human1 BiGG cross-reference
R_PCRNtm,PCRNtm,R_PCRNtm,Fatty acid oxidation,Fatty acid oxidation,Human1 BiGG cross-reference
R_PHCHGSm,PHCHGSm,R_HMR_8096,Arginine and proline metabolism,Arginine and proline metabolism,Human1 BiGG cross-reference
R_PHEACGLNt,PHEACGLNt,R_HMR_8797,Transport reactions,Transport reactions,Human1 BiGG cross-reference
R_PGI,PGI,R_HMR_4381,Glycolysis / Gluconeogenesis,Glycolysis / Gluconeogenesis,Human1 BiGG cross-reference
R_P4502C19,P4502C19,R_HMR_8046,Metabolism of xenobiotics by cytochrome P450,Metabolism of xenobiotics by cytochrome P450,Human1 BiGG cross-reference
R_PGISr,PGISr,,Unassigned,,unmapped
R_PHEMEt,PHEMEt,R_HMR_7735,Transport reactions,Transport reactions,Human1 BiGG cross-reference
R_PHEMEtm,PHEMEtm,R_HMR_4760,Transport reactions,Transport reactions,Human1 BiGG cross-reference
R_PGK,PGK,R_HMR_4368,Glycolysis / Gluconeogenesis,Glycolysis / Gluconeogenesis,Human1 BiGG cross-reference
R_P4502C8,P4502C8,R_HMR_8049,Metabolism of xenobiotics by cytochrome P450,Metabolism of xenobiotics by cytochrome P450,Human1 BiGG cross-reference
R_PGL,PGL,R_HMR_4625,Pentose phosphate pathway,Pentose phosphate pathway,Human1 BiGG cross-reference
R_PGLYCP,PGLYCP,R_HMR_9558,Isolated,Isolated,Human1 BiGG cross-reference
R_PGLer,PGLer,R_HMR_4623,Pentose phosphate pathway,Pentose phosphate pathway,Human1 BiGG cross-reference
R_PHETA1,PHETA1,R_HMR_6725,"Phenylalanine, tyrosine and tryptophan biosynthesis","Phenylalanine, tyrosine and tryptophan biosynthesis",Human1 BiGG cross-reference
R_PHETA1m,PHETA1m,R_PHETA1m,Phenylalanine metabolism,Phenylalanine metabolism,Human1 BiGG cross-reference
R_PGM,PGM,R_HMR_4365,Glycolysis / Gluconeogenesis,Glycolysis / Gluconeogenesis,Human1 BiGG cross-reference
R_P4502C9,P4502C9,R_HMR_8052,Metabolism of xenobiotics by cytochrome P450,Metabolism of xenobiotics by cytochrome P450,Human1 BiGG cross-reference
R_PGMT,PGMT,R_HMR_4396,Glycolysis / Gluconeogenesis,Glycolysis / Gluconeogenesis,Human1 BiGG cross-reference
R_PGPPT,PGPPT,R_PGPPT,Glycerophospholipid metabolism,Glycerophospholipid metabolism,Human1 BiGG cross-reference
R_PHETHPTOX2,PHETHPTOX2,R_HMR_8539,"Phenylalanine, tyrosine and tryptophan biosynthesis","Phenylalanine, tyrosine and tryptophan biosynthesis",Human1 BiGG cross-reference
R_PHEt4,PHEt4,R_HMR_5319,Transport reactions,Transport reactions,Human1 BiGG cross-reference
R_PHEtec,PHEtec,R_HMR_5082,Transport reactions,Transport reactions,Human1 BiGG cross-reference
R_PGPP_hs,PGPP_hs,R_PGPP_hs,Glycerophospholipid metabolism,Glycerophospholipid metabolism,Human1 BiGG cross-reference
R_P4502C92,P4502C92,R_HMR_8596,Metabolism of xenobiotics by cytochrome P450,Metabolism of xenobiotics by cytochrome P450,Human1 BiGG cross-reference
R_PGS,PGS,R_HMR_8557,Eicosanoid metabolism,Eicosanoid metabolism,Human1 BiGG cross-reference
R_PHYCBOXL,PHYCBOXL,,Unassigned,,unmapped
R_PHYHx,PHYHx,,Unassigned,,unmapped
R_PGSr,PGSr,R_HMR_8558,Eicosanoid metabolism,Eicosanoid metabolism,Human1 BiGG cross-reference
R_PHYQt,PHYQt,R_HMR_8923,Transport reactions,Transport reactions,Human1 BiGG cross-reference
R_P4502C93,P4502C93,R_HMR_8598,Metabolism of xenobiotics by cytochrome P450,Metabolism of xenobiotics by cytochrome P450,Human1 BiGG cross-reference
R_PHYTt,PHYTt,R_PHYTt,Transport reactions,Transport reactions,Human1 BiGG cross-reference
R_PI345P3P,PI345P3P,,Unassigned,,unmapped
R_PI345P3Pn,PI345P3Pn,R_HMR_8807,Inositol phosphate metabolism,Inositol phosphate metabolism,Human1 BiGG cross-reference
R_PI345P5P,PI345P5P,,Unassigned,,unmapped
R_PI345P5Pn,PI345P5Pn,R_HMR_8808,Inositol phosphate metabolism,Inositol phosphate metabolism,Human1 BiGG cross-reference
R_PI34P3Pn,PI34P3Pn,R_HMR_8809,Inositol phosphate metabolism,Inositol phosphate metabolism,Human1 BiGG cross-reference
R_PHACCOAGLNAC,PHACCOAGLNAC,R_HMR_8795,"Phenylalanine, tyrosine and tryptophan biosynthesis","Phenylalanine, tyrosine and tryptophan biosynthesis",Human1 BiGG cross-reference
R_PHCDm,PHCDm,R_HMR_4784,Arginine and proline metabolism,Arginine and proline metabolism,Human1 BiGG cross-reference
R_PI34P4Pn,PI34P4Pn,R_HMR_8810,Inositol phosphate metabolism,Inositol phosphate metabolism,Human1 BiGG cross-reference
R_P4502C94,P4502C94,R_HMR_8601,Metabolism of xenobiotics by cytochrome P450,Metabolism of xenobiotics by cytochrome P450,Human1 BiGG cross-reference
R_PI34P5K,PI34P5K,,Unassigned,,unmapped
R_PI34P5Kn,PI34P5Kn,R_HMR_8811,Inositol phosphate metabolism,Inositol phosphate metabolism,Human1 BiGG cross-reference
R_PI35P3P,PI35P3P,,Unassigned,,unmapped
R_UMPK6,UMPK6,R_HMR_7871,Nucleotide metabolism,Nucleotide metabolism,Human1 BiGG cross-reference
R_P4502D6,P4502D6,R_HMR_8032,Metabolism of xenobiotics by cytochrome P450,Metabolism of xenobiotics by cytochrome P450,Human1 BiGG cross-reference
R_PI4PLC,PI4PLC,R_HMR_8822,Inositol phosphate metabolism,Inositol phosphate metabolism,Human1 BiGG cross-reference
R_PI3P3Pn,PI3P3Pn,R_HMR_8812,Inositol phosphate metabolism,Inositol phosphate metabolism,Human1 BiGG cross-reference
R_PI3P4K,PI3P4K,R_HMR_8813,Inositol phosphate metabolism,Inositol phosphate metabolism,Human1 BiGG cross-reference
R_PI4PLCn,PI4PLCn,R_HMR_8823,Inositol phosphate metabolism,Inositol phosphate metabolism,Human1 BiGG cross-reference
R_PI3P4Kn,PI3P4Kn,R_HMR_8814,Inositol phosphate metabolism,Inositol phosphate metabolism,Human1 BiGG cross-reference
R_P4502E1,P4502E1,R_HMR_8034,Metabolism of xenobiotics by cytochrome P450,Metabolism of xenobiotics by cytochrome P450,Human1 BiGG cross-reference
R_PI3P5K,PI3P5K,R_HMR_8815,Inositol phosphate metabolism,Inositol phosphate metabolism,Human1 BiGG cross-reference
R_PI3PP,PI3PP,,Unassigned,,unmapped
R_PI4PP,PI4PP,,Unassigned,,unmapped
R_PI5P3K,PI5P3K,R_HMR_8824,Inositol phosphate metabolism,Inositol phosphate metabolism,Human1 BiGG cross-reference
R_PI5P3Ker,PI5P3Ker,R_HMR_8825,Inositol phosphate metabolism,Inositol phosphate metabolism,Human1 BiGG cross-reference
R_PI5P4K,PI5P4K,,Unassigned,,unmapped
R_PI5P4Kn,PI5P4Kn,R_HMR_8826,Inositol phosphate metabolism,Inositol phosphate metabolism,Human1 BiGG cross-reference
R_PIACGT,PIACGT,R_HMR_8379,Glycosylphosphatidylinositol (GPI)-anchor biosynthesis,Glycosylphosphatidylinositol (GPI)-anchor biosynthesis,Human1 BiGG cross-reference
R_PIK3,PIK3,,Unassigned,,unmapped
R_PIK3er,PIK3er,R_HMR_8827,Inositol phosphate metabolism,Inositol phosphate metabolism,Human1 BiGG cross-reference
R_PIK3n,PIK3n,R_HMR_8829,Inositol phosphate metabolism,Inositol phosphate metabolism,Human1 BiGG cross-reference
R_PIK4,PIK4,,Unassigned,,unmapped
R_PIK4n,PIK4n,R_HMR_8830,Inositol phosphate metabolism,Inositol phosphate metabolism,Human1 BiGG cross-reference
R_PIK5,PIK5,,Unassigned,,unmapped
R_PIK5n,PIK5n,R_HMR_8831,Inositol phosphate metabolism,Inositol phosphate metabolism,Human1 BiGG cross-reference
R_PI45P3K,PI45P3K,,Unassigned,,unmapped
R_PI45P3Kn,PI45P3Kn,R_HMR_8816,Inositol phosphate metabolism,Inositol phosphate metabolism,Human1 BiGG cross-reference
R_PI45P4P,PI45P4P,,Unassigned,,unmapped
R_PI45P5P,PI45P5P,,Unassigned,,unmapped
R_PI45P5Pn,PI45P5Pn,R_HMR_8817,Inositol phosphate metabolism,Inositol phosphate metabolism,Human1 BiGG cross-reference
R_PI45PLC,PI45PLC,,Unassigned,,unmapped
R_PI45PLCn,PI45PLCn,R_HMR_8818,Inositol phosphate metabolism,Inositol phosphate metabolism,Human1 BiGG cross-reference
R_PI4P3K,PI4P3K,,Unassigned,,unmapped
R_PI4P3Ker,PI4P3Ker,R_PI4P3Ker,Inositol phosphate metabolism,Inositol phosphate metabolism,Human1 BiGG cross-reference
R_PI4P3Kn,PI4P3Kn,R_HMR_8819,Inositol phosphate metabolism,Inositol phosphate metabolism,Human1 BiGG cross-reference
R_PI4P4Pn,PI4P4Pn,R_HMR_8820,Inositol phosphate metabolism,Inositol phosphate metabolism,Human1 BiGG cross-reference
R_PI4P5K,PI4P5K,,Unassigned,,unmapped
R_PI4P5Kn,PI4P5Kn,R_HMR_8821,Inositol phosphate metabolism,Inositol phosphate metabolism,Human1 BiGG cross-reference
R_PROD2,PROD2,R_HMR_8610,Arginine and proline metabolism,Arginine and proline metabolism,Human1 BiGG cross-reference
R_PROD2m,PROD2m,R_HMR_8611,Arginine and proline metabolism,Arginine and proline metabolism,Human1 BiGG cross-reference
R_PIPLC,PIPLC,R_HMR_0663,Inositol phosphate metabolism,Inositol phosphate metabolism,Human1 BiGG cross-reference
R_PIPLCn,PIPLCn,R_HMR_8833,Inositol phosphate metabolism,Inositol phosphate metabolism,Human1 BiGG cross-reference
R_PIt2m,PIt2m,R_HMR_5043,Transport reactions,Transport reactions,Human1 BiGG cross-reference
R_PIt7_copy1,PIt7_copy1,,Unassigned,,unmapped
R_PIt7_copy2,PIt7_copy2,,Unassigned,,unmapped
R_P4502F1,P4502F1,,Unassigned,,unmapped
R_PIt8,PIt8,R_HMR_4911;R_PIt8,Transport reactions,Transport reactions,Human1 BiGG cross-reference
R_PIt9,PIt9,R_HMR_4912,Transport reactions,Transport reactions,Human1 BiGG cross-reference
R_PLA2_2e,PLA2_2e,,Unassigned,,unmapped
R_PLYSPSer,PLYSPSer,R_HMR_8029,Lysine metabolism,Lysine metabolism,Human1 BiGG cross-reference
R_PMANM,PMANM,R_HMR_4385,Fructose and mannose metabolism,Fructose and mannose metabolism,Human1 BiGG cross-reference
R_PMEVKx,PMEVKx,R_HMR_1448;R_PMEVKx,Cholesterol biosynthesis 1 (Bloch pathway) ,Cholesterol biosynthesis 1 (Bloch pathway) ;Cholesterol metabolism,Human1 BiGG cross-reference
R_PIter,PIter,R_HMR_5342;R_PIter,Transport reactions,Transport reactions,Human1 BiGG cross-reference
R_PItg,PItg,R_HMR_8834,Transport reactions,Transport reactions,Human1 BiGG cross-reference
R_PItn,PItn,R_HMR_7764,Transport reactions,Transport reactions,Human1 BiGG cross-reference
R_PItx,PItx,R_HMR_5344;R_PItx,Transport reactions,Transport reactions,Human1 BiGG cross-reference
R_PMI12346PH,PMI12346PH,R_HMR_7655,Inositol phosphate metabolism,Inositol phosphate metabolism,Human1 BiGG cross-reference
R_PMI12346PHn,PMI12346PHn,R_HMR_7654,Inositol phosphate metabolism,Inositol phosphate metabolism,Human1 BiGG cross-reference
R_PLA2,PLA2,R_HMR_8522,Glycerophospholipid metabolism,Glycerophospholipid metabolism,Human1 BiGG cross-reference
R_PMI1346PH,PMI1346PH,R_HMR_8835,Inositol phosphate metabolism,Inositol phosphate metabolism,Human1 BiGG cross-reference
R_PLA2_2,PLA2_2,,Unassigned,,unmapped
R_P45039A1r,P45039A1r,R_P45039A1r,Bile acid biosynthesis,Bile acid biosynthesis,Human1 BiGG cross-reference
R_PMI1346PHn,PMI1346PHn,R_HMR_8836,Inositol phosphate metabolism,Inositol phosphate metabolism,Human1 BiGG cross-reference
R_PMTCOAtx,PMTCOAtx,R_PMTCOAtx,Transport reactions,Transport reactions,Human1 BiGG cross-reference
R_PNP,PNP,R_HMR_8791,Nicotinate and nicotinamide metabolism,Nicotinate and nicotinamide metabolism,Human1 BiGG cross-reference
R_PRODt2r,PRODt2r,R_HMR_8929,Transport reactions,Transport reactions,Human1 BiGG cross-reference
R_PNTEH,PNTEH,R_HMR_4717,Pantothenate and CoA biosynthesis,Pantothenate and CoA biosynthesis,Human1 BiGG cross-reference
R_P4503A4,P4503A4,R_HMR_8055,Metabolism of xenobiotics by cytochrome P450,Metabolism of xenobiotics by cytochrome P450,Human1 BiGG cross-reference
R_PNTK,PNTK,R_HMR_4718,Pantothenate and CoA biosynthesis,Pantothenate and CoA biosynthesis,Human1 BiGG cross-reference
R_PRODt2rL,PRODt2rL,R_HMR_8928,Transport reactions,Transport reactions,Human1 BiGG cross-reference
R_PROSTGD2t,PROSTGD2t,R_HMR_8932,Transport reactions,Transport reactions,Human1 BiGG cross-reference
R_PNTKm,PNTKm,R_PNTKm,CoA synthesis,CoA synthesis,Human1 BiGG cross-reference
R_P4503A43r,P4503A43r,R_HMR_7957,Steroid metabolism,Steroid metabolism,Human1 BiGG cross-reference
R_PNTOt5,PNTOt5,R_HMR_8930;R_PNTOt5,Transport reactions,Transport reactions,Human1 BiGG cross-reference
R_PROSTGE1t,PROSTGE1t,R_HMR_8933,Transport reactions,Transport reactions,Human1 BiGG cross-reference
R_PROSTGE1t3,PROSTGE1t3,R_HMR_8934,Transport reactions,Transport reactions,Human1 BiGG cross-reference
R_PPA,PPA,R_HMR_3977,Oxidative phosphorylation,Oxidative phosphorylation,Human1 BiGG cross-reference
R_PROSTGE2t,PROSTGE2t,R_HMR_6101,Transport reactions,Transport reactions,Human1 BiGG cross-reference
R_PROSTGE2t2,PROSTGE2t2,,Unassigned,,unmapped
R_PROSTGE2t3,PROSTGE2t3,R_HMR_8935,Transport reactions,Transport reactions,Human1 BiGG cross-reference
R_PROSTGF2t,PROSTGF2t,,Unassigned,,unmapped
R_PPA2,PPA2,R_HMR_5363,Miscellaneous,Miscellaneous,Human1 BiGG cross-reference
R_PPA2m,PPA2m,R_HMR_8617,Miscellaneous,Miscellaneous,Human1 BiGG cross-reference
R_PPAP,PPAP,,Unassigned,,unmapped
R_PPAer,PPAer,R_HMR_3975,Oxidative phosphorylation,Oxidative phosphorylation,Human1 BiGG cross-reference
R_PROt2r,PROt2r,R_HMR_5087;R_HMR_6373,Transport reactions,Transport reactions,Human1 BiGG cross-reference
R_PROt2rL,PROt2rL,R_HMR_5059;R_PROt2rL,Transport reactions,Transport reactions,Human1 BiGG cross-reference
R_PPAm,PPAm,R_HMR_6912,Oxidative phosphorylation,Oxidative phosphorylation,Human1 BiGG cross-reference
R_P4503A5,P4503A5,,Unassigned,,unmapped
R_PPAn,PPAn,R_HMR_7794,Miscellaneous,Miscellaneous,Human1 BiGG cross-reference
R_PPAtr,PPAtr,R_PPAt,Transport reactions,Transport reactions,Human1 BiGG cross-reference
R_PROt4,PROt4,R_HMR_5322,Transport reactions,Transport reactions,Human1 BiGG cross-reference
R_PROt4_2_r,PROt4_2_r,R_HMR_8938,Transport reactions,Transport reactions,Human1 BiGG cross-reference
R_PROtm,PROtm,R_HMR_5125;R_HMR_5126;R_PROtm,Transport reactions,Transport reactions,Human1 BiGG cross-reference
R_PPAtm,PPAtm,R_PPAtm,Transport reactions,Transport reactions,Human1 BiGG cross-reference
R_PPBNGS,PPBNGS,R_HMR_4744,Porphyrin metabolism,Porphyrin metabolism,Human1 BiGG cross-reference
R_PRPNCOAHYDm,PRPNCOAHYDm,R_HMR_4735,Beta-alanine metabolism,Beta-alanine metabolism,Human1 BiGG cross-reference
R_P4503A7r,P4503A7r,R_HMR_7958,Steroid metabolism,Steroid metabolism,Human1 BiGG cross-reference
R_PRPNCOAHYDx,PRPNCOAHYDx,R_PRPNCOAHYDx,Beta-alanine metabolism,Beta-alanine metabolism,Human1 BiGG cross-reference
R_PPCDC,PPCDC,R_HMR_4725,Pantothenate and CoA biosynthesis,Pantothenate and CoA biosynthesis,Human1 BiGG cross-reference
R_P45046A1r,P45046A1r,R_P45046A1r,Bile acid biosynthesis,Bile acid biosynthesis,Human1 BiGG cross-reference
R_PPCOACm,PPCOACm,R_HMR_3208,"Valine, leucine, and isoleucine metabolism","Valine, leucine, and isoleucine metabolism",Human1 BiGG cross-reference
R_PPCOAOm,PPCOAOm,R_HMR_3212,Propanoate metabolism,Propanoate metabolism,Human1 BiGG cross-reference
R_PRPPS,PRPPS,R_HMR_4052,Pentose phosphate pathway,Pentose phosphate pathway,Human1 BiGG cross-reference
R_P4504B1r,P4504B1r,R_HMR_8554,Eicosanoid metabolism,Eicosanoid metabolism,Human1 BiGG cross-reference
R_PSDm_hs,PSDm_hs,R_PSDm_hs,Glycerophospholipid metabolism,Glycerophospholipid metabolism,Human1 BiGG cross-reference
R_PPD2CSPp,PPD2CSPp,R_HMR_8018,Lysine metabolism,Lysine metabolism,Human1 BiGG cross-reference
R_LCARR,LCARR,,Unassigned,,unmapped
R_PPDOy,PPDOy,R_HMR_8509,Pyruvate metabolism,Pyruvate metabolism,Human1 BiGG cross-reference
R_PSERT,PSERT,R_HMR_3841,"Glycine, serine and threonine metabolism","Glycine, serine and threonine metabolism",Human1 BiGG cross-reference
R_PSFLIP,PSFLIP,R_PSFLIP,Transport reactions,Transport reactions,Human1 BiGG cross-reference
R_PSFLIPm,PSFLIPm,R_PSFLIPm,Transport reactions,Transport reactions,Human1 BiGG cross-reference
R_PSP_L,PSP_L,R_HMR_3843,"Glycine, serine and threonine metabolism","Glycine, serine and threonine metabolism",Human1 BiGG cross-reference
R_PPItr,PPItr,R_HMR_5347,Transport reactions,Transport reactions,Human1 BiGG cross-reference
R_PPItx,PPItx,R_HMR_5346,Transport reactions,Transport reactions,Human1 BiGG cross-reference
R_PPM,PPM,R_HMR_4354,Pentose phosphate pathway,Pentose phosphate pathway,Human1 BiGG cross-reference
R_PPMI12346Ptn,PPMI12346Ptn,R_HMR_7653,Transport reactions,Transport reactions,Human1 BiGG cross-reference
R_PSSA1_hs,PSSA1_hs,,Unassigned,,unmapped
R_PSSA2_hs,PSSA2_hs,R_HMR_0622,Glycerophospholipid metabolism,Glycerophospholipid metabolism,Human1 BiGG cross-reference
R_PPMI1346Ptn,PPMI1346Ptn,R_HMR_8844,Transport reactions,Transport reactions,Human1 BiGG cross-reference
R_P4504F121r,P4504F121r,R_HMR_8556,Eicosanoid metabolism,Eicosanoid metabolism,Human1 BiGG cross-reference
R_PPNCL3,PPNCL3,R_PPNCL3,CoA synthesis,CoA synthesis,Human1 BiGG cross-reference
R_PPOR,PPOR,R_HMR_6726,"Phenylalanine, tyrosine and tryptophan biosynthesis","Phenylalanine, tyrosine and tryptophan biosynthesis",Human1 BiGG cross-reference
R_PPPG9tm,PPPG9tm,R_HMR_4754,Transport reactions,Transport reactions,Human1 BiGG cross-reference
R_PS_HSter,PS_HSter,,Unassigned,,unmapped
R_PS_HStg,PS_HStg,R_HMR_0466;R_PS_HStg,Transport reactions,Transport reactions,Human1 BiGG cross-reference
R_PTDCACRNCPT1,PTDCACRNCPT1,R_HMR_2623,Carnitine shuttle (cytosolic),Carnitine shuttle (cytosolic),Human1 BiGG cross-reference
R_PTDCACRNCPT2,PTDCACRNCPT2,R_HMR_2625,Carnitine shuttle (mitochondrial),Carnitine shuttle (mitochondrial),Human1 BiGG cross-reference
R_PTDCACRNt,PTDCACRNt,R_PTDCACRNt,Fatty acid oxidation,Fatty acid oxidation,Human1 BiGG cross-reference
R_PPPGOm,PPPGOm,R_HMR_4755;R_PPPGOm,Heme synthesis,Heme synthesis;Porphyrin metabolism,Human1 BiGG cross-reference
R_P4504F122r,P4504F122r,,Unassigned,,unmapped
R_PPPItn,PPPItn,R_HMR_8845,Transport reactions,Transport reactions,Human1 BiGG cross-reference
R_PRAGSr,PRAGSr,R_HMR_4799,Purine metabolism,Purine metabolism,Human1 BiGG cross-reference
R_PTDCAt,PTDCAt,R_HMR_0212,Transport reactions,Transport reactions,Human1 BiGG cross-reference
R_PTE2x,PTE2x,R_HMR_0709,Fatty acid biosynthesis,Fatty acid biosynthesis,Human1 BiGG cross-reference
R_PTE3x,PTE3x,R_PTE3x,Fatty acid oxidation,Fatty acid oxidation,Human1 BiGG cross-reference
R_PRAIS,PRAIS,R_HMR_4802,Purine metabolism,Purine metabolism,Human1 BiGG cross-reference
R_PTE4x,PTE4x,R_PTE4x,Fatty acid oxidation,Fatty acid oxidation,Human1 BiGG cross-reference
R_P4504F123r,P4504F123r,R_HMR_8059,Metabolism of xenobiotics by cytochrome P450,Metabolism of xenobiotics by cytochrome P450,Human1 BiGG cross-reference
R_PTE5x,PTE5x,R_PTE5x,Fatty acid oxidation,Fatty acid oxidation,Human1 BiGG cross-reference
R_PTHPS,PTHPS,R_HMR_4163,Biopterin metabolism,Biopterin metabolism,Human1 BiGG cross-reference
R_PRASCSi,PRASCSi,R_HMR_4810,Purine metabolism,Purine metabolism,Human1 BiGG cross-reference
R_PRDX,PRDX,R_HMR_4201,Miscellaneous,Miscellaneous,Human1 BiGG cross-reference
R_PRDXl,PRDXl,R_HMR_8752,Miscellaneous,Miscellaneous,Human1 BiGG cross-reference
R_PTHPSn,PTHPSn,R_HMR_8738,Biopterin metabolism,Biopterin metabolism,Human1 BiGG cross-reference
R_PTPATi,PTPATi,R_HMR_4727,Pantothenate and CoA biosynthesis,Pantothenate and CoA biosynthesis,Human1 BiGG cross-reference
R_PRFGS,PRFGS,R_HMR_4808,Purine metabolism,Purine metabolism,Human1 BiGG cross-reference
R_PRGNLONESULT,PRGNLONESULT,,Unassigned,,unmapped
R_PRGNLONEtm,PRGNLONEtm,,Unassigned,,unmapped
R_PRGNLONEtr,PRGNLONEtr,,Unassigned,,unmapped
R_PRISTANALtx,PRISTANALtx,R_PRISTANALtx,Transport reactions,Transport reactions,Human1 BiGG cross-reference
R_PTRCAT1,PTRCAT1,R_HMR_8603,Arginine and proline metabolism,Arginine and proline metabolism,Human1 BiGG cross-reference
R_PTRCOX1,PTRCOX1,R_HMR_8606,Arginine and proline metabolism,Arginine and proline metabolism,Human1 BiGG cross-reference
R_PRISTCOAtx,PRISTCOAtx,R_PRISTCOAtx,Transport reactions,Transport reactions,Human1 BiGG cross-reference
R_P4504F81r,P4504F81r,R_HMR_8555,Eicosanoid metabolism,Eicosanoid metabolism,Human1 BiGG cross-reference
R_PRISTtx,PRISTtx,R_PRISTtx,Transport reactions,Transport reactions,Human1 BiGG cross-reference
R_PRO1x,PRO1x,,Unassigned,,unmapped
R_PRO1xm,PRO1xm,R_HMR_3835;R_HMR_3837,Arginine and proline metabolism,Arginine and proline metabolism,Human1 BiGG cross-reference
R_PUNP1,PUNP1,R_HMR_8486,Nucleotide metabolism,Nucleotide metabolism,Human1 BiGG cross-reference
R_PUNP2,PUNP2,R_HMR_4695,Purine metabolism,Purine metabolism,Human1 BiGG cross-reference
R_PROAKGOX1r,PROAKGOX1r,R_PROAKGOX1r,Arginine and proline metabolism,Arginine and proline metabolism,Human1 BiGG cross-reference
R_P4507A1r,P4507A1r,,Unassigned,,unmapped
R_PUNP3,PUNP3,R_HMR_4651,Purine metabolism,Purine metabolism,Human1 BiGG cross-reference
R_P4507B11r,P4507B11r,,Unassigned,,unmapped
R_PUNP4,PUNP4,R_HMR_4603,Purine metabolism,Purine metabolism,Human1 BiGG cross-reference
R_PUNP5,PUNP5,R_HMR_4574,Purine metabolism,Purine metabolism,Human1 BiGG cross-reference
R_PUNP6,PUNP6,R_HMR_4709,Purine metabolism,Purine metabolism,Human1 BiGG cross-reference
R_UMPK6n,UMPK6n,R_HMR_7872,Nucleotide metabolism,Nucleotide metabolism,Human1 BiGG cross-reference
R_PUNP7,PUNP7,R_HMR_4663,Purine metabolism,Purine metabolism,Human1 BiGG cross-reference
R_P4507B12r,P4507B12r,R_P4507B12r,Bile acid biosynthesis,Bile acid biosynthesis,Human1 BiGG cross-reference
R_PVD3,PVD3,R_HMR_8011,Vitamin D metabolism,Vitamin D metabolism,Human1 BiGG cross-reference
R_P4508B11r,P4508B11r,R_HMR_1589,Bile acid biosynthesis,Bile acid biosynthesis,Human1 BiGG cross-reference
R_PYAM5PO,PYAM5PO,R_HMR_4069,Vitamin B6 metabolism,Vitamin B6 metabolism,Human1 BiGG cross-reference
R_PYAM5Ptm,PYAM5Ptm,R_PYAM5Ptm,Transport reactions,Transport reactions,Human1 BiGG cross-reference
R_PYRt2m,PYRt2m,R_HMR_4926,Transport reactions,Transport reactions,Human1 BiGG cross-reference
R_PYRt2p,PYRt2p,R_HMR_4930,Transport reactions,Transport reactions,Human1 BiGG cross-reference
R_PYDAMK,PYDAMK,R_HMR_4068,Vitamin B6 metabolism,Vitamin B6 metabolism,Human1 BiGG cross-reference
R_P4508B13r,P4508B13r,R_HMR_1590,Bile acid biosynthesis,Bile acid biosynthesis,Human1 BiGG cross-reference
R_PYDAMtr,PYDAMtr,R_HMR_5010,Transport reactions,Transport reactions,Human1 BiGG cross-reference
R_PYDX5Ptm,PYDX5Ptm,R_PYDX5Ptm,Transport reactions,Transport reactions,Human1 BiGG cross-reference
R_PYDXDH,PYDXDH,R_HMR_8102,Vitamin B6 metabolism,Vitamin B6 metabolism,Human1 BiGG cross-reference
R_PYDXK,PYDXK,R_HMR_4065,Vitamin B6 metabolism,Vitamin B6 metabolism,Human1 BiGG cross-reference
R_PYDXNK,PYDXNK,R_HMR_4066,Vitamin B6 metabolism,Vitamin B6 metabolism,Human1 BiGG cross-reference
R_PYRt2,PYRt2,R_HMR_4928,Transport reactions,Transport reactions,Human1 BiGG cross-reference
R_QUILSYN,QUILSYN,R_HMR_4250,Tryptophan metabolism,Tryptophan metabolism,Human1 BiGG cross-reference
R_RADH,RADH,,Unassigned,,unmapped
R_RADH2,RADH2,R_HMR_8698,Retinol metabolism,Retinol metabolism,Human1 BiGG cross-reference
R_RADH3,RADH3,,Unassigned,,unmapped
R_RADH4,RADH4,R_HMR_8699,Retinol metabolism,Retinol metabolism,Human1 BiGG cross-reference
R_PYDXNtr,PYDXNtr,R_HMR_4993,Transport reactions,Transport reactions,Human1 BiGG cross-reference
R_P450LTB4r,P450LTB4r,R_HMR_8561;R_P450LTB4r,Eicosanoid metabolism,Eicosanoid metabolism,Human1 BiGG cross-reference
R_PYDXPP,PYDXPP,R_HMR_4064,Vitamin B6 metabolism,Vitamin B6 metabolism,Human1 BiGG cross-reference
R_PYDXtr,PYDXtr,R_HMR_4062,Transport reactions,Transport reactions,Human1 BiGG cross-reference
R_PYK,PYK,R_HMR_4358,Glycolysis / Gluconeogenesis,Glycolysis / Gluconeogenesis,Human1 BiGG cross-reference
R_RAHY,RAHY,R_HMR_8700,Retinol metabolism,Retinol metabolism,Human1 BiGG cross-reference
R_RAI1,RAI1,R_HMR_6651,Retinol metabolism,Retinol metabolism,Human1 BiGG cross-reference
R_P450SCC1m,P450SCC1m,R_P450SCC1m,Cholesterol metabolism,Cholesterol metabolism,Human1 BiGG cross-reference
R_RAI2,RAI2,R_HMR_8702,Retinol metabolism,Retinol metabolism,Human1 BiGG cross-reference
R_PYLALDOX,PYLALDOX,R_HMR_9563,Isolated,Isolated,Human1 BiGG cross-reference
R_PYLALDOXm,PYLALDOXm,R_HMR_9564,Isolated,Isolated,Human1 BiGG cross-reference
R_RAI3,RAI3,,Unassigned,,unmapped
R_P5CDm,P5CDm,R_HMR_3822,"Alanine, aspartate and glutamate metabolism","Alanine, aspartate and glutamate metabolism",Human1 BiGG cross-reference
R_RAI4,RAI4,R_HMR_8704,Retinol metabolism,Retinol metabolism,Human1 BiGG cross-reference
R_RAtn,RAtn,R_RAtn,Transport reactions,Transport reactions,Human1 BiGG cross-reference
R_RAtn3,RAtn3,R_RAtn3,Transport reactions,Transport reactions,Human1 BiGG cross-reference
R_PYNP2r,PYNP2r,R_HMR_4579,Pyrimidine metabolism,Pyrimidine metabolism,Human1 BiGG cross-reference
R_P5CR,P5CR,R_HMR_3833,Arginine and proline metabolism,Arginine and proline metabolism,Human1 BiGG cross-reference
R_RBFK,RBFK,R_HMR_6506,Riboflavin metabolism,Riboflavin metabolism,Human1 BiGG cross-reference
R_P5CRm,P5CRm,R_HMR_8609,Arginine and proline metabolism,Arginine and proline metabolism,Human1 BiGG cross-reference
R_RBK,RBK,R_HMR_4350,Pentose phosphate pathway,Pentose phosphate pathway,Human1 BiGG cross-reference
R_P5CRx,P5CRx,,Unassigned,,unmapped
R_RTOTALCRNCPT1,RTOTALCRNCPT1,,Unassigned,,unmapped
R_RTOTALCRNCPT2,RTOTALCRNCPT2,,Unassigned,,unmapped
R_RTOTALCRNt,RTOTALCRNt,,Unassigned,,unmapped
R_RTOT_2,RTOT_2,,Unassigned,,unmapped
R_RTOT_3,RTOT_3,,Unassigned,,unmapped
R_Rtotaltl,Rtotaltl,,Unassigned,,unmapped
R_RBK_Dr,RBK_Dr,R_HMR_8726,Pentose and glucuronate interconversions,Pentose and glucuronate interconversions,Human1 BiGG cross-reference
R_RBTt,RBTt,R_HMR_5002,Transport reactions,Transport reactions,Human1 BiGG cross-reference
R_RDH1,RDH1,,Unassigned,,unmapped
R_Rtotaltp,Rtotaltp,,Unassigned,,unmapped
R_P5CRxm,P5CRxm,,Unassigned,,unmapped
R_S23T2g,S23T2g,R_HMR_7442,Keratan sulfate biosynthesis,Keratan sulfate biosynthesis,Human1 BiGG cross-reference
R_S23T3g,S23T3g,R_HMR_7335,Keratan sulfate biosynthesis,Keratan sulfate biosynthesis,Human1 BiGG cross-reference
R_S23T4g,S23T4g,R_HMR_7472,Keratan sulfate biosynthesis,Keratan sulfate biosynthesis,Human1 BiGG cross-reference
R_RDH1a,RDH1a,,Unassigned,,unmapped
R_RDH2,RDH2,,Unassigned,,unmapped
R_RDH2a,RDH2a,R_RDH2a,Vitamin A metabolism,Vitamin A metabolism,Human1 BiGG cross-reference
R_RDH3,RDH3,,Unassigned,,unmapped
R_S23Tg,S23Tg,R_HMR_7171,O-glycan metabolism,O-glycan metabolism,Human1 BiGG cross-reference
R_S26Tg,S26Tg,R_HMR_7334,N-glycan metabolism,N-glycan metabolism,Human1 BiGG cross-reference
R_RDH3a,RDH3a,R_HMR_8709,Retinol metabolism,Retinol metabolism,Human1 BiGG cross-reference
R_PACCOAL,PACCOAL,R_HMR_8794,"Phenylalanine, tyrosine and tryptophan biosynthesis","Phenylalanine, tyrosine and tryptophan biosynthesis",Human1 BiGG cross-reference
R_RDH4,RDH4,R_HMR_8710,Retinol metabolism,Retinol metabolism,Human1 BiGG cross-reference
R_RETFA,RETFA,,Unassigned,,unmapped
R_S2L2FN2M2MASNt,S2L2FN2M2MASNt,R_HMR_7579,Transport reactions,Transport reactions,Human1 BiGG cross-reference
R_S2L2FN2M2MASNtly,S2L2FN2M2MASNtly,R_HMR_7581,Transport reactions,Transport reactions,Human1 BiGG cross-reference
R_S2L2N2M2MASNtly,S2L2N2M2MASNtly,R_HMR_7907,Transport reactions,Transport reactions,Human1 BiGG cross-reference
R_S2T1g,S2T1g,R_HMR_7534,Chondroitin / heparan sulfate biosynthesis,Chondroitin / heparan sulfate biosynthesis,Human1 BiGG cross-reference
R_RETFAt,RETFAt,R_HMR_8720;R_RETFAt,Transport reactions,Transport reactions,Human1 BiGG cross-reference
R_RETFAt1,RETFAt1,R_RETFAt1,Transport reactions,Transport reactions,Human1 BiGG cross-reference
R_S2T2g,S2T2g,R_HMR_7538,Chondroitin / heparan sulfate biosynthesis,Chondroitin / heparan sulfate biosynthesis,Human1 BiGG cross-reference
R_PAFH,PAFH,R_HMR_7611;R_HMR_8518,Glycerophospholipid metabolism,Glycerophospholipid metabolism,Human1 BiGG cross-reference
R_S2T3g,S2T3g,R_HMR_7510,Chondroitin / heparan sulfate biosynthesis,Chondroitin / heparan sulfate biosynthesis,Human1 BiGG cross-reference
R_RETFAt2,RETFAt2,,Unassigned,,unmapped
R_RETH,RETH,,Unassigned,,unmapped
R_RETH1,RETH1,,Unassigned,,unmapped
R_RETH1e,RETH1e,,Unassigned,,unmapped
R_RETH2,RETH2,,Unassigned,,unmapped
R_S2T4g,S2T4g,R_HMR_7218,Chondroitin / heparan sulfate biosynthesis,Chondroitin / heparan sulfate biosynthesis,Human1 BiGG cross-reference
R_S2TASE1ly,S2TASE1ly,R_HMR_7241,Heparan sulfate degradation,Heparan sulfate degradation,Human1 BiGG cross-reference
R_S2TASE2ly,S2TASE2ly,R_HMR_7247,Heparan sulfate degradation,Heparan sulfate degradation,Human1 BiGG cross-reference
R_S2TASE3ly,S2TASE3ly,R_HMR_7517,Chondroitin sulfate degradation,Chondroitin sulfate degradation,Human1 BiGG cross-reference
R_S2TASE4ly,S2TASE4ly,R_HMR_7545,Chondroitin sulfate degradation,Chondroitin sulfate degradation,Human1 BiGG cross-reference
R_RETH2e,RETH2e,,Unassigned,,unmapped
R_RETHe,RETHe,,Unassigned,,unmapped
R_RETI1,RETI1,R_HMR_8711,Retinol metabolism,Retinol metabolism,Human1 BiGG cross-reference
R_S2TASE5ly,S2TASE5ly,R_HMR_7550,Chondroitin sulfate degradation,Chondroitin sulfate degradation,Human1 BiGG cross-reference
R_PAFHe,PAFHe,R_HMR_7612;R_HMR_8519,Glycerophospholipid metabolism,Glycerophospholipid metabolism,Human1 BiGG cross-reference
R_S3T1g,S3T1g,R_HMR_7220,Chondroitin / heparan sulfate biosynthesis,Chondroitin / heparan sulfate biosynthesis,Human1 BiGG cross-reference
R_S3T2g,S3T2g,R_HMR_7221,Chondroitin / heparan sulfate biosynthesis,Chondroitin / heparan sulfate biosynthesis,Human1 BiGG cross-reference
R_RETI2,RETI2,,Unassigned,,unmapped
R_RETI3,RETI3,,Unassigned,,unmapped
R_RETNCOA,RETNCOA,R_HMR_8712,Retinol metabolism,Retinol metabolism,Human1 BiGG cross-reference
R_RETNGLCt,RETNGLCt,R_HMR_8714,Transport reactions,Transport reactions,Human1 BiGG cross-reference
R_RETNGLCt2,RETNGLCt2,R_HMR_8718,Transport reactions,Transport reactions,Human1 BiGG cross-reference
R_S3T3g,S3T3g,R_HMR_7222,Chondroitin / heparan sulfate biosynthesis,Chondroitin / heparan sulfate biosynthesis,Human1 BiGG cross-reference
R_S3TASE1ly,S3TASE1ly,R_HMR_7236,Heparan sulfate degradation,Heparan sulfate degradation,Human1 BiGG cross-reference
R_RETNGLCt2r,RETNGLCt2r,R_HMR_8719,Transport reactions,Transport reactions,Human1 BiGG cross-reference
R_S3TASE2ly,S3TASE2ly,R_HMR_7243,Heparan sulfate degradation,Heparan sulfate degradation,Human1 BiGG cross-reference
R_PAFS,PAFS,R_HMR_7613;R_HMR_8521,Glycerophospholipid metabolism,Glycerophospholipid metabolism,Human1 BiGG cross-reference
R_S3TASE3ly,S3TASE3ly,R_HMR_7249,Heparan sulfate degradation,Heparan sulfate degradation,Human1 BiGG cross-reference
R_S4T1g,S4T1g,R_HMR_7491,Chondroitin / heparan sulfate biosynthesis,Chondroitin / heparan sulfate biosynthesis,Human1 BiGG cross-reference
R_RETNGLCtr,RETNGLCtr,R_HMR_8715,Transport reactions,Transport reactions,Human1 BiGG cross-reference
R_RETNt,RETNt,R_HMR_8721,Transport reactions,Transport reactions,Human1 BiGG cross-reference
R_RETNtr,RETNtr,R_HMR_8722,Transport reactions,Transport reactions,Human1 BiGG cross-reference
R_S4T2g,S4T2g,R_HMR_7498,Chondroitin / heparan sulfate biosynthesis,Chondroitin / heparan sulfate biosynthesis,Human1 BiGG cross-reference
R_PAIL45P_HStn,PAIL45P_HStn,R_HMR_8837,Transport reactions,Transport reactions,Human1 BiGG cross-reference
R_S4T3g,S4T3g,R_HMR_7551,Chondroitin / heparan sulfate biosynthesis,Chondroitin / heparan sulfate biosynthesis,Human1 BiGG cross-reference
R_S4T4g,S4T4g,R_HMR_7490,Chondroitin / heparan sulfate biosynthesis,Chondroitin / heparan sulfate biosynthesis,Human1 BiGG cross-reference
R_S4T5g,S4T5g,R_HMR_7554,Chondroitin / heparan sulfate biosynthesis,Chondroitin / heparan sulfate biosynthesis,Human1 BiGG cross-reference
R_S4T6g,S4T6g,R_HMR_7509,Chondroitin / heparan sulfate biosynthesis,Chondroitin / heparan sulfate biosynthesis,Human1 BiGG cross-reference
R_RETNtr2,RETNtr2,R_HMR_8716,Transport reactions,Transport reactions,Human1 BiGG cross-reference
R_RETt,RETt,,Unassigned,,unmapped
R_RIBFLVt3,RIBFLVt3,R_HMR_8730,Transport reactions,Transport reactions,Human1 BiGG cross-reference
R_RIBt,RIBt,R_HMR_4958,Transport reactions,Transport reactions,Human1 BiGG cross-reference
R_RIBt2,RIBt2,R_RIBt2,Transport reactions,Transport reactions,Human1 BiGG cross-reference
R_PAIL4P_HStn,PAIL4P_HStn,R_HMR_8838,Transport reactions,Transport reactions,Human1 BiGG cross-reference
R_RNDR1,RNDR1,R_HMR_4612,Purine metabolism,Purine metabolism,Human1 BiGG cross-reference
R_RNDR2,RNDR2,R_HMR_4615,Purine metabolism,Purine metabolism,Human1 BiGG cross-reference
R_S4TASE1ly,S4TASE1ly,R_HMR_7502,Chondroitin sulfate degradation,Chondroitin sulfate degradation,Human1 BiGG cross-reference
R_S4TASE2ly,S4TASE2ly,R_HMR_7506,Chondroitin sulfate degradation,Chondroitin sulfate degradation,Human1 BiGG cross-reference
R_S4TASE3ly,S4TASE3ly,R_HMR_7514,Chondroitin sulfate degradation,Chondroitin sulfate degradation,Human1 BiGG cross-reference
R_S4TASE4ly,S4TASE4ly,R_HMR_7558,Chondroitin sulfate degradation,Chondroitin sulfate degradation,Human1 BiGG cross-reference
R_RNDR3,RNDR3,R_HMR_4619,Purine metabolism,Purine metabolism,Human1 BiGG cross-reference
R_RNDR4,RNDR4,R_HMR_4621,Purine metabolism,Purine metabolism,Human1 BiGG cross-reference
R_S4TASE5ly,S4TASE5ly,R_HMR_7564,Chondroitin sulfate degradation,Chondroitin sulfate degradation,Human1 BiGG cross-reference
R_RNMK,RNMK,,Unassigned,,unmapped
R_PAIL_HStn,PAIL_HStn,R_HMR_8828,Transport reactions,Transport reactions,Human1 BiGG cross-reference
R_RPE,RPE,R_HMR_4477,Pentose phosphate pathway,Pentose phosphate pathway,Human1 BiGG cross-reference
R_S6T10g,S6T10g,R_HMR_7357,Keratan sulfate biosynthesis,Keratan sulfate biosynthesis,Human1 BiGG cross-reference
R_S6T11g,S6T11g,R_HMR_7360,Keratan sulfate biosynthesis,Keratan sulfate biosynthesis,Human1 BiGG cross-reference
R_S6T12g,S6T12g,R_HMR_7363,Keratan sulfate biosynthesis,Keratan sulfate biosynthesis,Human1 BiGG cross-reference
R_RPI,RPI,R_HMR_4352,Pentose phosphate pathway,Pentose phosphate pathway,Human1 BiGG cross-reference
R_RTOT1,RTOT1,,Unassigned,,unmapped
R_S6T13g,S6T13g,R_HMR_7366,Keratan sulfate biosynthesis,Keratan sulfate biosynthesis,Human1 BiGG cross-reference
R_PAN4PP,PAN4PP,R_HMR_8792,Pantothenate and CoA biosynthesis,Pantothenate and CoA biosynthesis,Human1 BiGG cross-reference
R_S6T14g,S6T14g,R_HMR_7369,Keratan sulfate biosynthesis,Keratan sulfate biosynthesis,Human1 BiGG cross-reference
R_S6T15g,S6T15g,R_HMR_7371,Keratan sulfate biosynthesis,Keratan sulfate biosynthesis,Human1 BiGG cross-reference
R_S6T16g,S6T16g,R_HMR_7476,Keratan sulfate biosynthesis,Keratan sulfate biosynthesis,Human1 BiGG cross-reference
R_S6T17g,S6T17g,R_HMR_7479,Keratan sulfate biosynthesis,Keratan sulfate biosynthesis,Human1 BiGG cross-reference
R_S6T18g,S6T18g,R_HMR_7481,Keratan sulfate biosynthesis,Keratan sulfate biosynthesis,Human1 BiGG cross-reference
R_RTOT2,RTOT2,,Unassigned,,unmapped
R_RTOT3,RTOT3,,Unassigned,,unmapped
R_RTOT4,RTOT4,,Unassigned,,unmapped
R_RTOT5,RTOT5,,Unassigned,,unmapped
R_RTOT6,RTOT6,,Unassigned,,unmapped
R_RTOTAL2CRNCPT1,RTOTAL2CRNCPT1,,Unassigned,,unmapped
R_RTOTAL2CRNCPT2,RTOTAL2CRNCPT2,,Unassigned,,unmapped
R_S6T19g,S6T19g,R_HMR_7519,Chondroitin / heparan sulfate biosynthesis,Chondroitin / heparan sulfate biosynthesis,Human1 BiGG cross-reference
R_SOAT11r,SOAT11r,,Unassigned,,unmapped
R_RTOTAL2CRNt,RTOTAL2CRNt,,Unassigned,,unmapped
R_PAPStg,PAPStg,R_HMR_7740,Transport reactions,Transport reactions,Human1 BiGG cross-reference
R_RTOTAL3CRNCPT1,RTOTAL3CRNCPT1,,Unassigned,,unmapped
R_RTOTAL3CRNCPT2,RTOTAL3CRNCPT2,,Unassigned,,unmapped
R_S6T1g,S6T1g,R_HMR_7447,Keratan sulfate biosynthesis,Keratan sulfate biosynthesis,Human1 BiGG cross-reference
R_S6T20g,S6T20g,R_HMR_7522,Chondroitin / heparan sulfate biosynthesis,Chondroitin / heparan sulfate biosynthesis,Human1 BiGG cross-reference
R_RTOTAL3CRNt,RTOTAL3CRNt,,Unassigned,,unmapped
R_PAPtg,PAPtg,R_HMR_8793,Transport reactions,Transport reactions,Human1 BiGG cross-reference
R_SBTD_D2,SBTD_D2,,Unassigned,,unmapped
R_S6T21g,S6T21g,R_HMR_7537,Chondroitin / heparan sulfate biosynthesis,Chondroitin / heparan sulfate biosynthesis,Human1 BiGG cross-reference
R_S6T22g,S6T22g,R_HMR_7492,Chondroitin / heparan sulfate biosynthesis,Chondroitin / heparan sulfate biosynthesis,Human1 BiGG cross-reference
R_PA_HSter,PA_HSter,R_PA_HSter,Transport reactions,Transport reactions,Human1 BiGG cross-reference
R_S6T23g,S6T23g,R_HMR_7553,Chondroitin / heparan sulfate biosynthesis,Chondroitin / heparan sulfate biosynthesis,Human1 BiGG cross-reference
R_S6T24g,S6T24g,R_HMR_7552,Chondroitin / heparan sulfate biosynthesis,Chondroitin / heparan sulfate biosynthesis,Human1 BiGG cross-reference
R_SBTR,SBTR,,Unassigned,,unmapped
R_S6T25g,S6T25g,R_HMR_7219,Chondroitin / heparan sulfate biosynthesis,Chondroitin / heparan sulfate biosynthesis,Human1 BiGG cross-reference
R_PA_HStg,PA_HStg,R_PA_HStg,Transport reactions,Transport reactions,Human1 BiGG cross-reference
R_S6T2g,S6T2g,R_HMR_7450,Keratan sulfate biosynthesis,Keratan sulfate biosynthesis,Human1 BiGG cross-reference
R_SCP21x,SCP21x,,Unassigned,,unmapped
R_S6T3g,S6T3g,R_HMR_7452,Keratan sulfate biosynthesis,Keratan sulfate biosynthesis,Human1 BiGG cross-reference
R_S6T4g,S6T4g,R_HMR_7339,Keratan sulfate biosynthesis,Keratan sulfate biosynthesis,Human1 BiGG cross-reference
R_S6T5g,S6T5g,R_HMR_7342,Keratan sulfate biosynthesis,Keratan sulfate biosynthesis,Human1 BiGG cross-reference
R_SCP22x,SCP22x,R_SCP22x,Transport reactions,Transport reactions,Human1 BiGG cross-reference
R_SCP2x,SCP2x,R_SCP2x,Bile acid biosynthesis,Bile acid biosynthesis,Human1 BiGG cross-reference
R_SCP3x,SCP3x,R_RE1836X,Bile acid biosynthesis,Bile acid biosynthesis,Human1 BiGG cross-reference
R_SCPx,SCPx,R_HMR_1652;R_HMR_1653,Bile acid biosynthesis,Bile acid biosynthesis,Human1 BiGG cross-reference
R_SEAHCYSHYD,SEAHCYSHYD,R_HMR_7136,Metabolism of other amino acids,Metabolism of other amino acids,Human1 BiGG cross-reference
R_S6T6g,S6T6g,R_HMR_7345,Keratan sulfate biosynthesis,Keratan sulfate biosynthesis,Human1 BiGG cross-reference
R_S6T7g,S6T7g,R_HMR_7348,Keratan sulfate biosynthesis,Keratan sulfate biosynthesis,Human1 BiGG cross-reference
R_SEAHCYStn,SEAHCYStn,R_HMR_8642,Transport reactions,Transport reactions,Human1 BiGG cross-reference
R_S6T8g,S6T8g,R_HMR_7351,Keratan sulfate biosynthesis,Keratan sulfate biosynthesis,Human1 BiGG cross-reference
R_SEASMETtn,SEASMETtn,R_HMR_8638,Transport reactions,Transport reactions,Human1 BiGG cross-reference
R_PA_HStn,PA_HStn,R_PA_HStn,Transport reactions,Transport reactions,Human1 BiGG cross-reference
R_SELADT,SELADT,R_HMR_7128,Metabolism of other amino acids,Metabolism of other amino acids,Human1 BiGG cross-reference
R_SELCYSLY,SELCYSLY,R_HMR_9540,Isolated,Isolated,Human1 BiGG cross-reference
R_SELCYSLY2,SELCYSLY2,R_HMR_7133,Metabolism of other amino acids,Metabolism of other amino acids,Human1 BiGG cross-reference
R_S6T9g,S6T9g,R_HMR_7354,Keratan sulfate biosynthesis,Keratan sulfate biosynthesis,Human1 BiGG cross-reference
R_S6TASE10ly,S6TASE10ly,R_HMR_7379,Keratan sulfate degradation,Keratan sulfate degradation,Human1 BiGG cross-reference
R_S6TASE11ly,S6TASE11ly,R_HMR_7381,Keratan sulfate degradation,Keratan sulfate degradation,Human1 BiGG cross-reference
R_S6TASE12ly,S6TASE12ly,R_HMR_7385,Keratan sulfate degradation,Keratan sulfate degradation,Human1 BiGG cross-reference
R_SELCYSTGL,SELCYSTGL,R_HMR_7134,Metabolism of other amino acids,Metabolism of other amino acids,Human1 BiGG cross-reference
R_SELCYSTS,SELCYSTS,R_HMR_7135,Metabolism of other amino acids,Metabolism of other amino acids,Human1 BiGG cross-reference
R_S6TASE13ly,S6TASE13ly,R_HMR_7389,Keratan sulfate degradation,Keratan sulfate degradation,Human1 BiGG cross-reference
R_S6TASE14ly,S6TASE14ly,R_HMR_7393,Keratan sulfate degradation,Keratan sulfate degradation,Human1 BiGG cross-reference
R_PCFLOPm,PCFLOPm,R_PCFLOPm,Transport reactions,Transport reactions,Human1 BiGG cross-reference
R_S6TASE15ly,S6TASE15ly,R_HMR_7397,Keratan sulfate degradation,Keratan sulfate degradation,Human1 BiGG cross-reference
R_SELMETAT,SELMETAT,R_HMR_7139,Metabolism of other amino acids,Metabolism of other amino acids,Human1 BiGG cross-reference
R_SELNPS,SELNPS,R_HMR_7132,Metabolism of other amino acids,Metabolism of other amino acids,Human1 BiGG cross-reference
R_SELt4_3,SELt4_3,R_HMR_7904;R_HMR_8732,Transport reactions,Transport reactions,Human1 BiGG cross-reference
R_SERALANaEx,SERALANaEx,R_HMR_5633,Transport reactions,Transport reactions,Human1 BiGG cross-reference
R_SERASNNaEx,SERASNNaEx,R_HMR_5642,Transport reactions,Transport reactions,Human1 BiGG cross-reference
R_SERCYSNaEx,SERCYSNaEx,R_HMR_5639,Transport reactions,Transport reactions,Human1 BiGG cross-reference
R_S6TASE16ly,S6TASE16ly,R_HMR_7401,Keratan sulfate degradation,Keratan sulfate degradation,Human1 BiGG cross-reference
R_S6TASE17ly,S6TASE17ly,R_HMR_7405,Keratan sulfate degradation,Keratan sulfate degradation,Human1 BiGG cross-reference
R_S6TASE18ly,S6TASE18ly,R_HMR_7409,Keratan sulfate degradation,Keratan sulfate degradation,Human1 BiGG cross-reference
R_S6TASE19ly,S6TASE19ly,R_HMR_7413,Keratan sulfate degradation,Keratan sulfate degradation,Human1 BiGG cross-reference
R_S6TASE1ly,S6TASE1ly,R_HMR_7226,Heparan sulfate degradation,Heparan sulfate degradation,Human1 BiGG cross-reference
R_S6TASE20ly,S6TASE20ly,R_HMR_7417,Keratan sulfate degradation,Keratan sulfate degradation,Human1 BiGG cross-reference
R_SERDGLNexR,SERDGLNexR,R_HMR_8733,Transport reactions,Transport reactions,Human1 BiGG cross-reference
R_S6TASE21ly,S6TASE21ly,R_HMR_7421,Keratan sulfate degradation,Keratan sulfate degradation,Human1 BiGG cross-reference
R_PCHOLP_hs,PCHOLP_hs,,Unassigned,,unmapped
R_S6TASE22ly,S6TASE22ly,R_HMR_7456,Keratan sulfate degradation,Keratan sulfate degradation,Human1 BiGG cross-reference
R_S6TASE23ly,S6TASE23ly,R_HMR_7458,Keratan sulfate degradation,Keratan sulfate degradation,Human1 BiGG cross-reference
R_S6TASE24ly,S6TASE24ly,R_HMR_7463,Keratan sulfate degradation,Keratan sulfate degradation,Human1 BiGG cross-reference
R_S6TASE25ly,S6TASE25ly,R_HMR_7485,Keratan sulfate degradation,Keratan sulfate degradation,Human1 BiGG cross-reference
R_SERDGLYexR,SERDGLYexR,R_HMR_8734,Transport reactions,Transport reactions,Human1 BiGG cross-reference
R_SERGLNNaEx,SERGLNNaEx,R_HMR_5634,Transport reactions,Transport reactions,Human1 BiGG cross-reference
R_SERGLNexR,SERGLNexR,R_HMR_5487,Transport reactions,Transport reactions,Human1 BiGG cross-reference
R_SERGLYexR,SERGLYexR,R_HMR_5460,Transport reactions,Transport reactions,Human1 BiGG cross-reference
R_SERHL,SERHL,R_HMR_4200,"Glycine, serine and threonine metabolism","Glycine, serine and threonine metabolism",Human1 BiGG cross-reference
R_SERLYSNaex,SERLYSNaex,R_HMR_5842,Transport reactions,Transport reactions,Human1 BiGG cross-reference
R_S6TASE26ly,S6TASE26ly,R_HMR_7487,Keratan sulfate degradation,Keratan sulfate degradation,Human1 BiGG cross-reference
R_S6TASE2ly,S6TASE2ly,R_HMR_7231,Heparan sulfate degradation,Heparan sulfate degradation,Human1 BiGG cross-reference
R_PCHOLPg_hs,PCHOLPg_hs,R_HMR_8523,Glycerophospholipid metabolism,Glycerophospholipid metabolism,Human1 BiGG cross-reference
R_S6TASE3ly,S6TASE3ly,R_HMR_7237,Heparan sulfate degradation,Heparan sulfate degradation,Human1 BiGG cross-reference
R_S6TASE4ly,S6TASE4ly,R_HMR_7526,Chondroitin sulfate degradation,Chondroitin sulfate degradation,Human1 BiGG cross-reference
R_SERPT,SERPT,R_HMR_0738,Sphingolipid metabolism,Sphingolipid metabolism,Human1 BiGG cross-reference
R_SERTHRNaEx,SERTHRNaEx,R_HMR_5644,Transport reactions,Transport reactions,Human1 BiGG cross-reference
R_S6TASE5ly,S6TASE5ly,R_HMR_7530,Chondroitin sulfate degradation,Chondroitin sulfate degradation,Human1 BiGG cross-reference
R_PCHOLPm_hs,PCHOLPm_hs,R_PCHOLPm_hs,Glycerophospholipid metabolism,Glycerophospholipid metabolism,Human1 BiGG cross-reference
R_S6TASE6ly,S6TASE6ly,R_HMR_7542,Chondroitin sulfate degradation,Chondroitin sulfate degradation,Human1 BiGG cross-reference
R_S6TASE7ly,S6TASE7ly,R_HMR_7547,Chondroitin sulfate degradation,Chondroitin sulfate degradation,Human1 BiGG cross-reference
R_S6TASE8ly,S6TASE8ly,R_HMR_7560,Chondroitin sulfate degradation,Chondroitin sulfate degradation,Human1 BiGG cross-reference
R_S6TASE9ly,S6TASE9ly,R_HMR_7565,Chondroitin sulfate degradation,Chondroitin sulfate degradation,Human1 BiGG cross-reference
R_SACCD3m,SACCD3m,R_HMR_4288,Lysine metabolism,Lysine metabolism,Human1 BiGG cross-reference
R_SACCD4m,SACCD4m,R_HMR_4668,Lysine metabolism,Lysine metabolism,Human1 BiGG cross-reference
R_SERt4,SERt4,R_HMR_6375;R_HMR_6381,Transport reactions,Transport reactions,Human1 BiGG cross-reference
R_SERtN1,SERtN1,R_HMR_8735,Transport reactions,Transport reactions,Human1 BiGG cross-reference
R_SERtp,SERtp,R_HMR_4468,Transport reactions,Transport reactions,Human1 BiGG cross-reference
R_SFGTHi,SFGTHi,R_HMR_3937,Glutathione metabolism,Glutathione metabolism,Human1 BiGG cross-reference
R_SGALSIDEtg,SGALSIDEtg,R_HMR_8207,Transport reactions,Transport reactions,Human1 BiGG cross-reference
R_SGALSIDEtl,SGALSIDEtl,R_HMR_8208,Transport reactions,Transport reactions,Human1 BiGG cross-reference
R_SGPL11r,SGPL11r,R_HMR_8237,Sphingolipid metabolism,Sphingolipid metabolism,Human1 BiGG cross-reference
R_SGPL12r,SGPL12r,R_HMR_8238,Sphingolipid metabolism,Sphingolipid metabolism,Human1 BiGG cross-reference
R_SADT,SADT,R_HMR_4185,Nucleotide metabolism,Nucleotide metabolism,Human1 BiGG cross-reference
R_SIAASE,SIAASE,R_SIAASE,N-glycan metabolism,N-glycan metabolism,Human1 BiGG cross-reference
R_SALMCOM,SALMCOM,,Unassigned,,unmapped
R_PCHOLPr_hs,PCHOLPr_hs,R_HMR_8525,Glycerophospholipid metabolism,Glycerophospholipid metabolism,Human1 BiGG cross-reference
R_SALMCOM2,SALMCOM2,,Unassigned,,unmapped
R_SAMHISTA,SAMHISTA,R_HMR_4429,Histidine metabolism,Histidine metabolism,Human1 BiGG cross-reference
R_SARCOXp,SARCOXp,R_HMR_3849,"Glycine, serine and threonine metabolism","Glycine, serine and threonine metabolism",Human1 BiGG cross-reference
R_SIAASE2ly,SIAASE2ly,R_HMR_7378,Keratan sulfate degradation,Keratan sulfate degradation,Human1 BiGG cross-reference
R_SIAASE3ly,SIAASE3ly,R_HMR_7455,Keratan sulfate degradation,Keratan sulfate degradation,Human1 BiGG cross-reference
R_SIAASE4ly,SIAASE4ly,R_HMR_7484,Keratan sulfate degradation,Keratan sulfate degradation,Human1 BiGG cross-reference
R_SIAASEly,SIAASEly,R_HMR_7576,N-glycan metabolism,N-glycan metabolism,Human1 BiGG cross-reference
R_SIAT4Bg,SIAT4Bg,R_HMR_8155,Sphingolipid metabolism,Sphingolipid metabolism,Human1 BiGG cross-reference
R_SARCStex,SARCStex,R_HMR_4982,Transport reactions,Transport reactions,Human1 BiGG cross-reference
R_SARCStm,SARCStm,R_HMR_8731,Transport reactions,Transport reactions,Human1 BiGG cross-reference
R_SIAT9g,SIAT9g,R_HMR_8184,Sphingolipid metabolism,Sphingolipid metabolism,Human1 BiGG cross-reference
R_SARCStp,SARCStp,R_HMR_3850,Transport reactions,Transport reactions,Human1 BiGG cross-reference
R_PCHOL_HSter,PCHOL_HSter,R_HMR_0461,Transport reactions,Transport reactions,Human1 BiGG cross-reference
R_SARDHm,SARDHm,R_HMR_8432,Arginine and proline metabolism,Arginine and proline metabolism,Human1 BiGG cross-reference
R_SBPP1er,SBPP1er,R_HMR_8233,Sphingolipid metabolism,Sphingolipid metabolism,Human1 BiGG cross-reference
R_SBPP3er,SBPP3er,R_HMR_8235,Sphingolipid metabolism,Sphingolipid metabolism,Human1 BiGG cross-reference
R_SLCBK1,SLCBK1,R_HMR_0744,Sphingolipid metabolism,Sphingolipid metabolism,Human1 BiGG cross-reference
R_SLDt,SLDt,R_HMR_8071,Transport reactions,Transport reactions,Human1 BiGG cross-reference
R_SLDx,SLDx,R_HMR_8068,Cysteine and methionine metabolism,Cysteine and methionine metabolism,Human1 BiGG cross-reference
R_SLDxm,SLDxm,R_HMR_8069,Cysteine and methionine metabolism,Cysteine and methionine metabolism,Human1 BiGG cross-reference
R_SMPD3g,SMPD3g,R_HMR_8242,Sphingolipid metabolism,Sphingolipid metabolism,Human1 BiGG cross-reference
R_SMPD3l,SMPD3l,,Unassigned,,unmapped
R_SMPD4,SMPD4,R_HMR_8246,Sphingolipid metabolism,Sphingolipid metabolism,Human1 BiGG cross-reference
R_SMS,SMS,,Unassigned,,unmapped
R_SO4CLtex2,SO4CLtex2,,Unassigned,,unmapped
R_SO4HCOtex,SO4HCOtex,R_HMR_4946,Transport reactions,Transport reactions,Human1 BiGG cross-reference
R_SOAT12,SOAT12,,Unassigned,,unmapped
R_SOAT12r,SOAT12r,,Unassigned,,unmapped
R_SPC_HSt,SPC_HSt,R_HMR_8247,Transport reactions,Transport reactions,Human1 BiGG cross-reference
R_SPH1Pte,SPH1Pte,R_HMR_8240,Transport reactions,Transport reactions,Human1 BiGG cross-reference
R_SO4OXAtex2,SO4OXAtex2,R_HMR_8736,Transport reactions,Transport reactions,Human1 BiGG cross-reference
R_SO4t4_2,SO4t4_2,R_HMR_7699,Transport reactions,Transport reactions,Human1 BiGG cross-reference
R_PCHOL_HStg,PCHOL_HStg,,Unassigned,,unmapped
R_SO4t4_3,SO4t4_3,R_HMR_7700,Transport reactions,Transport reactions,Human1 BiGG cross-reference
R_SOAT11,SOAT11,,Unassigned,,unmapped
R_SPH1Pter,SPH1Pter,R_HMR_8239,Transport reactions,Transport reactions,Human1 BiGG cross-reference
R_SPHGNtr,SPHGNtr,R_HMR_8737,Transport reactions,Transport reactions,Human1 BiGG cross-reference
R_SPHINGStl,SPHINGStl,R_HMR_0798,Transport reactions,Transport reactions,Human1 BiGG cross-reference
R_PCLAD,PCLAD,R_HMR_4231,"Phenylalanine, tyrosine and tryptophan biosynthesis","Phenylalanine, tyrosine and tryptophan biosynthesis",Human1 BiGG cross-reference
R_PCLYSOX,PCLYSOX,R_HMR_9553,Isolated,Isolated,Human1 BiGG cross-reference
R_SPHINGStr,SPHINGStr,R_HMR_8236,Transport reactions,Transport reactions,Human1 BiGG cross-reference
R_PCREATtmdiffir,PCREATtmdiffir,R_HMR_8430,Transport reactions,Transport reactions,Human1 BiGG cross-reference
R_SPHK21c,SPHK21c,R_HMR_0773,Sphingolipid metabolism,Sphingolipid metabolism,Human1 BiGG cross-reference
R_SPHMDAc,SPHMDAc,R_HMR_8245,Sphingolipid metabolism,Sphingolipid metabolism,Human1 BiGG cross-reference
R_STS2r,STS2r,R_HMR_7945,Steroid metabolism,Steroid metabolism,Human1 BiGG cross-reference
R_STS3,STS3,,Unassigned,,unmapped
R_SPHMYLNtg,SPHMYLNtg,R_HMR_0771;R_HMR_8241,Transport reactions,Transport reactions,Human1 BiGG cross-reference
R_THMTPt,THMTPt,R_HMR_7687;R_THMTPt,Transport reactions,Transport reactions,Human1 BiGG cross-reference
R_SPHMYLNtl,SPHMYLNtl,R_HMR_0796,Transport reactions,Transport reactions,Human1 BiGG cross-reference
R_SPHS1Pte,SPHS1Pte,,Unassigned,,unmapped
R_SPHS1Ptr,SPHS1Ptr,R_HMR_8234,Transport reactions,Transport reactions,Human1 BiGG cross-reference
R_SPMDOX,SPMDOX,R_HMR_7991,Beta-alanine metabolism,Beta-alanine metabolism,Human1 BiGG cross-reference
R_SPMS,SPMS,R_HMR_4075,Arginine and proline metabolism,Arginine and proline metabolism,Human1 BiGG cross-reference
R_SPODM,SPODM,R_HMR_3960,ROS detoxification,ROS detoxification,Human1 BiGG cross-reference
R_SPODMe,SPODMe,R_HMR_8409,ROS detoxification,ROS detoxification,Human1 BiGG cross-reference
R_STS3r,STS3r,R_HMR_7950,Steroid metabolism,Steroid metabolism,Human1 BiGG cross-reference
R_STS4,STS4,,Unassigned,,unmapped
R_STS4r,STS4r,R_HMR_7948,Steroid metabolism,Steroid metabolism,Human1 BiGG cross-reference
R_SUCCtm,SUCCtm,R_HMR_4862,Transport reactions,Transport reactions,Human1 BiGG cross-reference
R_SUCCt4_2,SUCCt4_2,R_HMR_4939,Transport reactions,Transport reactions,Human1 BiGG cross-reference
R_SUCCt4_3,SUCCt4_3,R_HMR_4938,Transport reactions,Transport reactions,Human1 BiGG cross-reference
R_SUCCtp,SUCCtp,,Unassigned,,unmapped
R_SPODMm,SPODMm,R_HMR_8410,ROS detoxification,ROS detoxification,Human1 BiGG cross-reference
R_SPODMn,SPODMn,R_HMR_8413,ROS detoxification,ROS detoxification,Human1 BiGG cross-reference
R_SPODMx,SPODMx,R_HMR_8415,ROS detoxification,ROS detoxification,Human1 BiGG cross-reference
R_SUCD1m,SUCD1m,R_HMR_8743,Tricarboxylic acid cycle and glyoxylate/dicarboxylate metabolism,Tricarboxylic acid cycle and glyoxylate/dicarboxylate metabolism,Human1 BiGG cross-reference
R_SUCOAS1m,SUCOAS1m,R_HMR_4147,Tricarboxylic acid cycle and glyoxylate/dicarboxylate metabolism,Tricarboxylic acid cycle and glyoxylate/dicarboxylate metabolism,Human1 BiGG cross-reference
R_SPR,SPR,R_HMR_4165,Biopterin metabolism,Biopterin metabolism,Human1 BiGG cross-reference
R_THMt2m,THMt2m,R_THMt2m,Transport reactions,Transport reactions,Human1 BiGG cross-reference
R_SPRMS,SPRMS,R_HMR_4077,Arginine and proline metabolism,Arginine and proline metabolism,Human1 BiGG cross-reference
R_SPRn,SPRn,R_HMR_8739,Biopterin metabolism,Biopterin metabolism,Human1 BiGG cross-reference
R_SUCOASm,SUCOASm,R_HMR_4152,Tricarboxylic acid cycle and glyoxylate/dicarboxylate metabolism,Tricarboxylic acid cycle and glyoxylate/dicarboxylate metabolism,Human1 BiGG cross-reference
R_SUCRe,SUCRe,R_HMR_4303,Galactose metabolism,Galactose metabolism,Human1 BiGG cross-reference
R_SULFOX,SULFOX,,Unassigned,,unmapped
R_T2M26DCOAHLm,T2M26DCOAHLm,R_HMR_9565,Isolated,Isolated,Human1 BiGG cross-reference
R_SPTix,SPTix,R_HMR_4467,"Glycine, serine and threonine metabolism","Glycine, serine and threonine metabolism",Human1 BiGG cross-reference
R_T2M26DCOAHLx,T2M26DCOAHLx,R_HMR_9566,Isolated,Isolated,Human1 BiGG cross-reference
R_THMt3,THMt3,R_HMR_6059;R_THMt3,Transport reactions,Transport reactions,Human1 BiGG cross-reference
R_T4HCINNMFM,T4HCINNMFM,R_T4HCINNMFM,Ubiquinone synthesis,Ubiquinone synthesis,Human1 BiGG cross-reference
R_SQLEr,SQLEr,R_HMR_1470;R_SQLEr,Cholesterol biosynthesis 1 (Bloch pathway) ,Cholesterol biosynthesis 1 (Bloch pathway) ;Cholesterol metabolism,Human1 BiGG cross-reference
R_SQLSr,SQLSr,R_SQLSr,Cholesterol metabolism,Cholesterol metabolism,Human1 BiGG cross-reference
R_T4HCINNOX,T4HCINNOX,R_HMR_8630,Tyrosine metabolism,Tyrosine metabolism,Human1 BiGG cross-reference
R_THP2Ctp,THP2Ctp,R_HMR_8020,Transport reactions,Transport reactions,Human1 BiGG cross-reference
R_TAGAT_Dt,TAGAT_Dt,R_HMR_8760,Transport reactions,Transport reactions,Human1 BiGG cross-reference
R_TALA,TALA,R_HMR_4565,Pentose phosphate pathway,Pentose phosphate pathway,Human1 BiGG cross-reference
R_TAURt4_2_r,TAURt4_2_r,R_HMR_5451,Transport reactions,Transport reactions,Human1 BiGG cross-reference
R_TAURtcx,TAURtcx,R_HMR_5452,Transport reactions,Transport reactions,Human1 BiGG cross-reference
R_SR5AR2r,SR5AR2r,,Unassigned,,unmapped
R_SR5ARr,SR5ARr,,Unassigned,,unmapped
R_SRTN23OX,SRTN23OX,,Unassigned,,unmapped
R_SRTNACT,SRTNACT,,Unassigned,,unmapped
R_SRTNMTX,SRTNMTX,,Unassigned,,unmapped
R_SRTNt6_2_r,SRTNt6_2_r,R_HMR_6244,Transport reactions,Transport reactions,Human1 BiGG cross-reference
R_SRTNtu,SRTNtu,R_HMR_6243,Transport reactions,Transport reactions,Human1 BiGG cross-reference
R_TAXOLte,TAXOLte,R_HMR_8048,Transport reactions,Transport reactions,Human1 BiGG cross-reference
R_TCHOLAt,TCHOLAt,R_HMR_1878,Transport reactions,Transport reactions,Human1 BiGG cross-reference
R_TCHOLAt2,TCHOLAt2,R_HMR_1865,Bile acid recycling,Bile acid recycling,Human1 BiGG cross-reference
R_SSALxm,SSALxm,,Unassigned,,unmapped
R_ST3GAL21g,ST3GAL21g,R_HMR_8167,Sphingolipid metabolism,Sphingolipid metabolism,Human1 BiGG cross-reference
R_THRALANaEx,THRALANaEx,R_HMR_5783,Transport reactions,Transport reactions,Human1 BiGG cross-reference
R_ST3GAL22g,ST3GAL22g,R_HMR_8188,Sphingolipid metabolism,Sphingolipid metabolism,Human1 BiGG cross-reference
R_ST3GAL23g,ST3GAL23g,R_HMR_8189,Sphingolipid metabolism,Sphingolipid metabolism,Human1 BiGG cross-reference
R_TCHOLAt3,TCHOLAt3,R_HMR_1870,Bile acid recycling,Bile acid recycling,Human1 BiGG cross-reference
R_TCHOLAte,TCHOLAte,R_TCHOLAte,Transport reactions,Transport reactions,Human1 BiGG cross-reference
R_TCHOLAtx,TCHOLAtx,R_TCHOLAtx,Transport reactions,Transport reactions,Human1 BiGG cross-reference
R_TCYNTt,TCYNTt,,Unassigned,,unmapped
R_ST3GAL31g,ST3GAL31g,R_HMR_8318,Blood group biosynthesis,Blood group biosynthesis,Human1 BiGG cross-reference
R_ST3GAL61g,ST3GAL61g,R_HMR_8325,Blood group biosynthesis,Blood group biosynthesis,Human1 BiGG cross-reference
R_TCYNTtm,TCYNTtm,R_HMR_8848,Transport reactions,Transport reactions,Human1 BiGG cross-reference
R_ST3GAL62g,ST3GAL62g,R_HMR_8337,Blood group biosynthesis,Blood group biosynthesis,Human1 BiGG cross-reference
R_TDCHOLAte,TDCHOLAte,R_TDCHOLAte,Transport reactions,Transport reactions,Human1 BiGG cross-reference
R_THRASNNaEx,THRASNNaEx,R_HMR_5793,Transport reactions,Transport reactions,Human1 BiGG cross-reference
R_TDCHOLAtx,TDCHOLAtx,R_TDCHOLAtx,Transport reactions,Transport reactions,Human1 BiGG cross-reference
R_ST6GALNAC21,ST6GALNAC21,R_HMR_8156,Sphingolipid metabolism,Sphingolipid metabolism,Human1 BiGG cross-reference
R_ST6GALNAC22,ST6GALNAC22,R_HMR_8159,Sphingolipid metabolism,Sphingolipid metabolism,Human1 BiGG cross-reference
R_ST6GALNAC23,ST6GALNAC23,R_HMR_8172,Sphingolipid metabolism,Sphingolipid metabolism,Human1 BiGG cross-reference
R_ST6GALNAC24,ST6GALNAC24,R_HMR_8174,Sphingolipid metabolism,Sphingolipid metabolism,Human1 BiGG cross-reference
R_ST6GALNAC25,ST6GALNAC25,R_HMR_8169,Sphingolipid metabolism,Sphingolipid metabolism,Human1 BiGG cross-reference
R_ST6GALNAC26,ST6GALNAC26,R_HMR_8170,Sphingolipid metabolism,Sphingolipid metabolism,Human1 BiGG cross-reference
R_TDP,TDP,,Unassigned,,unmapped
R_TDPDRE,TDPDRE,R_HMR_8674,Amino sugar and nucleotide sugar metabolism,Amino sugar and nucleotide sugar metabolism,Human1 BiGG cross-reference
R_TDPDRR,TDPDRR,R_HMR_8675,Amino sugar and nucleotide sugar metabolism,Amino sugar and nucleotide sugar metabolism,Human1 BiGG cross-reference
R_TDPGDH,TDPGDH,R_HMR_7697,Amino sugar and nucleotide sugar metabolism,Amino sugar and nucleotide sugar metabolism,Human1 BiGG cross-reference
R_TDPm,TDPm,R_HMR_8744,Thiamine metabolism,Thiamine metabolism,Human1 BiGG cross-reference
R_TETHEX3COAtx,TETHEX3COAtx,,Unassigned,,unmapped
R_TETHEX3t,TETHEX3t,,Unassigned,,unmapped
R_ST6GALNAC27,ST6GALNAC27,R_HMR_8176,Sphingolipid metabolism,Sphingolipid metabolism,Human1 BiGG cross-reference
R_ST6GALNAC28,ST6GALNAC28,R_HMR_8177,Sphingolipid metabolism,Sphingolipid metabolism,Human1 BiGG cross-reference
R_ST6GALNAC31,ST6GALNAC31,R_HMR_8168,Sphingolipid metabolism,Sphingolipid metabolism,Human1 BiGG cross-reference
R_TETPENT3COAtx,TETPENT3COAtx,,Unassigned,,unmapped
R_ST6GALNAC61,ST6GALNAC61,R_HMR_8175,Sphingolipid metabolism,Sphingolipid metabolism,Human1 BiGG cross-reference
R_THRCYSNaEx,THRCYSNaEx,R_HMR_5790,Transport reactions,Transport reactions,Human1 BiGG cross-reference
R_ST6GALNAC62,ST6GALNAC62,R_HMR_8178,Sphingolipid metabolism,Sphingolipid metabolism,Human1 BiGG cross-reference
R_ST8SIA11,ST8SIA11,R_HMR_8162,Sphingolipid metabolism,Sphingolipid metabolism,Human1 BiGG cross-reference
R_ST8SIA12,ST8SIA12,R_HMR_8179,Sphingolipid metabolism,Sphingolipid metabolism,Human1 BiGG cross-reference
R_TETPENT3CPT1,TETPENT3CPT1,,Unassigned,,unmapped
R_TETPENT3CPT2,TETPENT3CPT2,R_TETPENT3CPT2,Fatty acid oxidation,Fatty acid oxidation,Human1 BiGG cross-reference
R_TETPENT3CRNt,TETPENT3CRNt,R_TETPENT3CRNt,Fatty acid oxidation,Fatty acid oxidation,Human1 BiGG cross-reference
R_TETPENT3t,TETPENT3t,,Unassigned,,unmapped
R_ST8SIA51g,ST8SIA51g,R_HMR_8180,Sphingolipid metabolism,Sphingolipid metabolism,Human1 BiGG cross-reference
R_THRD_L,THRD_L,R_HMR_4348,"Glycine, serine and threonine metabolism","Glycine, serine and threonine metabolism",Human1 BiGG cross-reference
R_ST8SIA52g,ST8SIA52g,R_HMR_8181,Sphingolipid metabolism,Sphingolipid metabolism,Human1 BiGG cross-reference
R_ST8SIA53g,ST8SIA53g,R_HMR_8182,Sphingolipid metabolism,Sphingolipid metabolism,Human1 BiGG cross-reference
R_ST8SIA54g,ST8SIA54g,R_HMR_8171,Sphingolipid metabolism,Sphingolipid metabolism,Human1 BiGG cross-reference
R_TETPENT6COAtx,TETPENT6COAtx,,Unassigned,,unmapped
R_TETPENT6CPT1,TETPENT6CPT1,,Unassigned,,unmapped
R_TETPENT6CPT2,TETPENT6CPT2,R_TETPENT6CPT2,Fatty acid oxidation,Fatty acid oxidation,Human1 BiGG cross-reference
R_TETPENT6CRNt,TETPENT6CRNt,R_TETPENT6CRNt,Fatty acid oxidation,Fatty acid oxidation,Human1 BiGG cross-reference
R_TETPENT6t,TETPENT6t,,Unassigned,,unmapped
R_TETTET6COAtx,TETTET6COAtx,,Unassigned,,unmapped
R_TETTET6CPT1,TETTET6CPT1,,Unassigned,,unmapped
R_TETTET6CPT2,TETTET6CPT2,R_TETTET6CPT2,Fatty acid oxidation,Fatty acid oxidation,Human1 BiGG cross-reference
R_ST8SIA55g,ST8SIA55g,R_HMR_8183,Sphingolipid metabolism,Sphingolipid metabolism,Human1 BiGG cross-reference
R_ST8SIA56g,ST8SIA56g,R_HMR_8327,Blood group biosynthesis,Blood group biosynthesis,Human1 BiGG cross-reference
R_STCOAtx,STCOAtx,R_STCOAtx,Transport reactions,Transport reactions,Human1 BiGG cross-reference
R_STRDNCCPT1,STRDNCCPT1,,Unassigned,,unmapped
R_STRDNCCPT2,STRDNCCPT2,,Unassigned,,unmapped
R_STRDNCCRNt,STRDNCCRNt,R_STRDNCCRNt,Fatty acid oxidation,Fatty acid oxidation,Human1 BiGG cross-reference
R_STRDNCt,STRDNCt,R_HMR_0248,Transport reactions,Transport reactions,Human1 BiGG cross-reference
R_STS1,STS1,,Unassigned,,unmapped
R_TETTET6CRNt,TETTET6CRNt,R_TETTET6CRNt,Fatty acid oxidation,Fatty acid oxidation,Human1 BiGG cross-reference
R_TETTET6t,TETTET6t,,Unassigned,,unmapped
R_THBPT4ACAMDASE,THBPT4ACAMDASE,R_HMR_8538,Biopterin metabolism,Biopterin metabolism,Human1 BiGG cross-reference
R_THCHOLSTOICtm,THCHOLSTOICtm,R_THCHOLSTOICtm,Transport reactions,Transport reactions,Human1 BiGG cross-reference
R_STS1r,STS1r,R_HMR_7952,Steroid metabolism,Steroid metabolism,Human1 BiGG cross-reference
R_STS2,STS2,,Unassigned,,unmapped
R_THD1m,THD1m,R_HMR_4271,Transport reactions,Transport reactions,Human1 BiGG cross-reference
R_THRGLNNaEx,THRGLNNaEx,R_HMR_5784,Transport reactions,Transport reactions,Human1 BiGG cross-reference
R_THFt2,THFt2,R_HMR_7685;R_THFt2,Transport reactions,Transport reactions,Human1 BiGG cross-reference
R_THFtl,THFtl,R_HMR_8134,Transport reactions,Transport reactions,Human1 BiGG cross-reference
R_THFtm,THFtm,R_HMR_3952,Transport reactions,Transport reactions,Human1 BiGG cross-reference
R_TTDCPT1,TTDCPT1,R_C140CPT1,Fatty acid oxidation,Fatty acid oxidation,Human1 BiGG cross-reference
R_TTDCPT2,TTDCPT2,,Unassigned,,unmapped
R_THRGLNexR,THRGLNexR,R_HMR_5497,Transport reactions,Transport reactions,Human1 BiGG cross-reference
R_TTDCRNt,TTDCRNt,R_TTDCRNt,Fatty acid oxidation,Fatty acid oxidation,Human1 BiGG cross-reference
R_TXA2te,TXA2te,R_HMR_8854,Transport reactions,Transport reactions,Human1 BiGG cross-reference
R_TXA2tr,TXA2tr,R_HMR_8855,Transport reactions,Transport reactions,Human1 BiGG cross-reference
R_TXASr,TXASr,,Unassigned,,unmapped
R_THMDt4,THMDt4,R_HMR_4983,Transport reactions,Transport reactions,Human1 BiGG cross-reference
R_THMDt5,THMDt5,R_HMR_6356,Transport reactions,Transport reactions,Human1 BiGG cross-reference
R_THMMPt4,THMMPt4,R_HMR_7686;R_THMMPt4,Transport reactions,Transport reactions,Human1 BiGG cross-reference
R_THMMPtm,THMMPtm,R_HMR_8745;R_THMMPtm,Transport reactions,Transport reactions,Human1 BiGG cross-reference
R_THMP,THMP,R_HMR_8748,Thiamine metabolism,Thiamine metabolism,Human1 BiGG cross-reference
R_THMPPtm,THMPPtm,R_HMR_8747;R_THMPPtm,Transport reactions,Transport reactions,Human1 BiGG cross-reference
R_THMTP,THMTP,,Unassigned,,unmapped
R_TYMSFt,TYMSFt,R_HMR_8536,Transport reactions,Transport reactions,Human1 BiGG cross-reference
R_TYMSULT,TYMSULT,R_HMR_8535,Tyrosine metabolism,Tyrosine metabolism,Human1 BiGG cross-reference
R_TYR3MO2,TYR3MO2,R_HMR_8537,Tyrosine metabolism,Tyrosine metabolism,Human1 BiGG cross-reference
R_TYRASE,TYRASE,R_HMR_8540;R_TYRASE,Tyrosine metabolism,Tyrosine metabolism,Human1 BiGG cross-reference
R_TYRCBOX,TYRCBOX,,Unassigned,,unmapped
R_TYRDOPO,TYRDOPO,R_HMR_8541,Tyrosine metabolism,Tyrosine metabolism,Human1 BiGG cross-reference
R_TYRDOPO3,TYRDOPO3,R_HMR_8542,Tyrosine metabolism,Tyrosine metabolism,Human1 BiGG cross-reference
R_UMPK7,UMPK7,R_HMR_7873,Nucleotide metabolism,Nucleotide metabolism,Human1 BiGG cross-reference
R_UMPK7n,UMPK7n,R_HMR_7874,Nucleotide metabolism,Nucleotide metabolism,Human1 BiGG cross-reference
R_TYROXDAc,TYROXDAc,R_HMR_6789,"Phenylalanine, tyrosine and tryptophan biosynthesis","Phenylalanine, tyrosine and tryptophan biosynthesis",Human1 BiGG cross-reference
R_THRGLYexR,THRGLYexR,R_HMR_5470,Transport reactions,Transport reactions,Human1 BiGG cross-reference
R_TYRTA,TYRTA,R_HMR_6768,"Phenylalanine, tyrosine and tryptophan biosynthesis","Phenylalanine, tyrosine and tryptophan biosynthesis",Human1 BiGG cross-reference
R_UMPKm,UMPKm,R_HMR_7875,Nucleotide metabolism,Nucleotide metabolism,Human1 BiGG cross-reference
R_UMPKn,UMPKn,R_HMR_7876,Nucleotide metabolism,Nucleotide metabolism,Human1 BiGG cross-reference
R_THRS,THRS,R_HMR_9486,"Glycine, serine and threonine metabolism","Glycine, serine and threonine metabolism",Human1 BiGG cross-reference
R_UNK2,UNK2,R_HMR_8607,Arginine and proline metabolism,Arginine and proline metabolism,Human1 BiGG cross-reference
R_TYRTAim,TYRTAim,R_HMR_6780,"Alanine, aspartate and glutamate metabolism","Alanine, aspartate and glutamate metabolism",Human1 BiGG cross-reference
R_TYRt,TYRt,R_HMR_5074,Transport reactions,Transport reactions,Human1 BiGG cross-reference
R_THRSERNaEx,THRSERNaEx,R_HMR_5785,Transport reactions,Transport reactions,Human1 BiGG cross-reference
R_TYRt4,TYRt4,R_HMR_5318,Transport reactions,Transport reactions,Human1 BiGG cross-reference
R_UAG2EMA,UAG2EMA,R_HMR_4526,Amino sugar and nucleotide sugar metabolism,Amino sugar and nucleotide sugar metabolism,Human1 BiGG cross-reference
R_UNK3,UNK3,,Unassigned,,unmapped
R_THRt4,THRt4,R_HMR_5326,Transport reactions,Transport reactions,Human1 BiGG cross-reference
R_THYMDt1,THYMDt1,R_HMR_5034,Transport reactions,Transport reactions,Human1 BiGG cross-reference
R_THYMDtl,THYMDtl,R_HMR_7726,Transport reactions,Transport reactions,Human1 BiGG cross-reference
R_UPP3S,UPP3S,R_HMR_4748,Porphyrin metabolism,Porphyrin metabolism,Human1 BiGG cross-reference
R_UPPDC1,UPPDC1,,Unassigned,,unmapped
R_UAG4Ei,UAG4Ei,,Unassigned,,unmapped
R_UPPN,UPPN,,Unassigned,,unmapped
R_THYMDtm,THYMDtm,R_HMR_5033,Transport reactions,Transport reactions,Human1 BiGG cross-reference
R_URATEt,URATEt,,Unassigned,,unmapped
R_URATEtx,URATEtx,R_HMR_8860,Transport reactions,Transport reactions,Human1 BiGG cross-reference
R_URAt,URAt,R_HMR_4882,Transport reactions,Transport reactions,Human1 BiGG cross-reference
R_URCN,URCN,R_HMR_4712,Histidine metabolism,Histidine metabolism,Human1 BiGG cross-reference
R_UAGALDP,UAGALDP,R_HMR_8368,Amino sugar and nucleotide sugar metabolism,Amino sugar and nucleotide sugar metabolism,Human1 BiGG cross-reference
R_UAGDP,UAGDP,R_HMR_4158,Amino sugar and nucleotide sugar metabolism,Amino sugar and nucleotide sugar metabolism,Human1 BiGG cross-reference
R_UDPACGALtl,UDPACGALtl,R_HMR_7470,Transport reactions,Transport reactions,Human1 BiGG cross-reference
R_UDPDOLPT_L,UDPDOLPT_L,R_UDPDOLPT_L,N-glycan metabolism,N-glycan metabolism,Human1 BiGG cross-reference
R_UDPDOLPT_U,UDPDOLPT_U,,Unassigned,,unmapped
R_UDPG1P,UDPG1P,R_HMR_8727,Pentose and glucuronate interconversions,Pentose and glucuronate interconversions,Human1 BiGG cross-reference
R_UDPG4E,UDPG4E,R_HMR_4128,Galactose metabolism,Galactose metabolism,Human1 BiGG cross-reference
R_UREAt,UREAt,R_HMR_4949,Transport reactions,Transport reactions,Human1 BiGG cross-reference
R_UREAt5,UREAt5,R_HMR_8861,Transport reactions,Transport reactions,Human1 BiGG cross-reference
R_THYMt,THYMt,R_HMR_4980,Transport reactions,Transport reactions,Human1 BiGG cross-reference
R_UREAtm,UREAtm,R_HMR_4951,Transport reactions,Transport reactions,Human1 BiGG cross-reference
R_URIDK2m,URIDK2m,R_HMR_4640,Nucleotide metabolism,Nucleotide metabolism,Human1 BiGG cross-reference
R_URIK1,URIK1,R_HMR_5299,Pyrimidine metabolism,Pyrimidine metabolism,Human1 BiGG cross-reference
R_UDPGALtg,UDPGALtg,R_HMR_6385,Transport reactions,Transport reactions,Human1 BiGG cross-reference
R_UDPGD,UDPGD,R_HMR_4122,Starch and sucrose metabolism,Starch and sucrose metabolism,Human1 BiGG cross-reference
R_UDPGLCAter,UDPGLCAter,R_HMR_4880,Transport reactions,Transport reactions,Human1 BiGG cross-reference
R_UDPGLCAtg,UDPGLCAtg,R_HMR_7204,Transport reactions,Transport reactions,Human1 BiGG cross-reference
R_URIt,URIt,R_HMR_5035,Transport reactions,Transport reactions,Human1 BiGG cross-reference
R_URIt4,URIt4,R_HMR_6351,Transport reactions,Transport reactions,Human1 BiGG cross-reference
R_UDPGLCter,UDPGLCter,R_HMR_4879,Transport reactions,Transport reactions,Human1 BiGG cross-reference
R_URIt5,URIt5,R_HMR_6358,Transport reactions,Transport reactions,Human1 BiGG cross-reference
R_THYOXt,THYOXt,R_HMR_6096,Transport reactions,Transport reactions,Human1 BiGG cross-reference
R_UROLACer,UROLACer,R_HMR_8345,Ascorbate and aldarate metabolism,Ascorbate and aldarate metabolism,Human1 BiGG cross-reference
R_UTPtn,UTPtn,,Unassigned,,unmapped
R_UDPGLCtg,UDPGLCtg,R_HMR_0918;R_HMR_8857,Transport reactions,Transport reactions,Human1 BiGG cross-reference
R_UDPGLDCg,UDPGLDCg,R_HMR_4124;R_HMR_8672,Amino sugar and nucleotide sugar metabolism,Amino sugar and nucleotide sugar metabolism,Human1 BiGG cross-reference
R_Uritl,Uritl,R_HMR_7718,Transport reactions,Transport reactions,Human1 BiGG cross-reference
R_THYOXt2,THYOXt2,R_HMR_6055,Transport reactions,Transport reactions,Human1 BiGG cross-reference
R_Uritm,Uritm,R_HMR_7719,Transport reactions,Transport reactions,Human1 BiGG cross-reference
R_Uritn,Uritn,R_HMR_8862,Transport reactions,Transport reactions,Human1 BiGG cross-reference
R_VACCCPT1,VACCCPT1,R_HMR_2660,Carnitine shuttle (cytosolic),Carnitine shuttle (cytosolic),Human1 BiGG cross-reference
R_VACCCPT2,VACCCPT2,R_HMR_2662,Carnitine shuttle (mitochondrial),Carnitine shuttle (mitochondrial),Human1 BiGG cross-reference
R_UDPGNP,UDPGNP,R_HMR_8729,Pentose and glucuronate interconversions,Pentose and glucuronate interconversions,Human1 BiGG cross-reference
R_UDPGP,UDPGP,,Unassigned,,unmapped
R_UDPXYLter,UDPXYLter,R_HMR_4126,Transport reactions,Transport reactions,Human1 BiGG cross-reference
R_UDPXYLtg,UDPXYLtg,R_HMR_4125,Transport reactions,Transport reactions,Human1 BiGG cross-reference
R_UDPtl,UDPtl,R_HMR_8858,Transport reactions,Transport reactions,Human1 BiGG cross-reference
R_VACCCRNt,VACCCRNt,,Unassigned,,unmapped
R_VACCt,VACCt,R_HMR_0258,Transport reactions,Transport reactions,Human1 BiGG cross-reference
R_UGALGTg,UGALGTg,R_HMR_7674,Galactose metabolism,Galactose metabolism,Human1 BiGG cross-reference
R_VALTA,VALTA,R_HMR_3747,"Valine, leucine, and isoleucine metabolism","Valine, leucine, and isoleucine metabolism",Human1 BiGG cross-reference
R_THYPX,THYPX,R_HMR_6988,Tyrosine metabolism,Tyrosine metabolism,Human1 BiGG cross-reference
R_VALTAim,VALTAim,R_HMR_3744,"Valine, leucine, and isoleucine metabolism","Valine, leucine, and isoleucine metabolism",Human1 BiGG cross-reference
R_UGALNACter,UGALNACter,R_HMR_8369,Transport reactions,Transport reactions,Human1 BiGG cross-reference
R_UGALNACtg,UGALNACtg,R_HMR_7433,Transport reactions,Transport reactions,Human1 BiGG cross-reference
R_UGCG,UGCG,R_HMR_8248,Sphingolipid metabolism,Sphingolipid metabolism,Human1 BiGG cross-reference
R_VALt4,VALt4,R_HMR_5314,Transport reactions,Transport reactions,Human1 BiGG cross-reference
R_TKT1,TKT1,R_HMR_4501,Pentose phosphate pathway,Pentose phosphate pathway,Human1 BiGG cross-reference
R_VALt5m,VALt5m,R_HMR_5118;R_VALt5m,Transport reactions,Transport reactions,Human1 BiGG cross-reference
R_VALtec,VALtec,R_HMR_5089,Transport reactions,Transport reactions,Human1 BiGG cross-reference
R_VD3,VD3,R_HMR_8014,Vitamin D metabolism,Vitamin D metabolism,Human1 BiGG cross-reference
R_UGLCNACtg,UGLCNACtg,R_HMR_4881;R_HMR_7434,Transport reactions,Transport reactions,Human1 BiGG cross-reference
R_UGLT,UGLT,R_HMR_4131,Galactose metabolism,Galactose metabolism,Human1 BiGG cross-reference
R_UGT1A10r,UGT1A10r,R_UGT1A10r,Steroid metabolism,Steroid metabolism,Human1 BiGG cross-reference
R_UGT1A1r,UGT1A1r,R_HMR_7962,Steroid metabolism,Steroid metabolism,Human1 BiGG cross-reference
R_VITD2Hm,VITD2Hm,R_HMR_7996,Vitamin D metabolism,Vitamin D metabolism,Human1 BiGG cross-reference
R_VITD2t,VITD2t,R_HMR_7994,Transport reactions,Transport reactions,Human1 BiGG cross-reference
R_VITD2tm,VITD2tm,R_HMR_7995,Transport reactions,Transport reactions,Human1 BiGG cross-reference
R_UGT1A2r,UGT1A2r,R_HMR_4766,Steroid metabolism,Steroid metabolism,Human1 BiGG cross-reference
R_UGT1A3r,UGT1A3r,R_HMR_7965,Steroid metabolism,Steroid metabolism,Human1 BiGG cross-reference
R_TKT2,TKT2,R_HMR_4404,Pentose phosphate pathway,Pentose phosphate pathway,Human1 BiGG cross-reference
R_UGT1A4r,UGT1A4r,R_HMR_7959,Steroid metabolism,Steroid metabolism,Human1 BiGG cross-reference
R_UGT1A5r,UGT1A5r,R_HMR_8713,Retinol metabolism,Retinol metabolism,Human1 BiGG cross-reference
R_UGT1A5r2,UGT1A5r2,R_HMR_8717,Retinol metabolism,Retinol metabolism,Human1 BiGG cross-reference
R_UGT1A6r,UGT1A6r,R_HMR_7648,Steroid metabolism,Steroid metabolism,Human1 BiGG cross-reference
R_UGT1A7r,UGT1A7r,R_HMR_7980,Steroid metabolism,Steroid metabolism,Human1 BiGG cross-reference
R_VITD3Hm,VITD3Hm,,Unassigned,,unmapped
R_VITD3t,VITD3t,R_HMR_8015,Transport reactions,Transport reactions,Human1 BiGG cross-reference
R_VITD3t2,VITD3t2,,Unassigned,,unmapped
R_VITD3tm,VITD3tm,R_VITD3tm,Transport reactions,Transport reactions,Human1 BiGG cross-reference
R_VITD3tm3,VITD3tm3,R_VITD3tm3,Transport reactions,Transport reactions,Human1 BiGG cross-reference
R_VLCS2p,VLCS2p,R_HMR_1620;R_HMR_1700,Bile acid biosynthesis,Bile acid biosynthesis;Transport reactions,Human1 BiGG cross-reference
R_VLCS2r,VLCS2r,R_HMR_1699,Bile acid biosynthesis,Bile acid biosynthesis,Human1 BiGG cross-reference
R_UGT1A8r,UGT1A8r,R_HMR_7984,Steroid metabolism,Steroid metabolism,Human1 BiGG cross-reference
R_UGT1A9r,UGT1A9r,R_HMR_7987,Steroid metabolism,Steroid metabolism,Human1 BiGG cross-reference
R_TMABADH,TMABADH,,Unassigned,,unmapped
R_UMPK,UMPK,R_HMR_4008,Pyrimidine metabolism,Pyrimidine metabolism,Human1 BiGG cross-reference
R_UMPK2,UMPK2,R_HMR_7863,Nucleotide metabolism,Nucleotide metabolism,Human1 BiGG cross-reference
R_UMPK2n,UMPK2n,R_HMR_7864,Nucleotide metabolism,Nucleotide metabolism,Human1 BiGG cross-reference
R_UMPK3,UMPK3,R_HMR_7865,Nucleotide metabolism,Nucleotide metabolism,Human1 BiGG cross-reference
R_VLCSp,VLCSp,R_HMR_1625,Bile acid biosynthesis,Bile acid biosynthesis,Human1 BiGG cross-reference
R_VLCSr,VLCSr,R_HMR_1624,Bile acid biosynthesis,Bile acid biosynthesis,Human1 BiGG cross-reference
R_WHDDCAte,WHDDCAte,R_HMR_8863,Transport reactions,Transport reactions,Human1 BiGG cross-reference
R_WHHDCAte,WHHDCAte,R_HMR_8865,Transport reactions,Transport reactions,Human1 BiGG cross-reference
R_WHTSTSTERONEte,WHTSTSTERONEte,R_HMR_8866,Transport reactions,Transport reactions,Human1 BiGG cross-reference
R_WHTTDCAte,WHTTDCAte,R_HMR_8864,Transport reactions,Transport reactions,Human1 BiGG cross-reference
R_UMPK3n,UMPK3n,R_HMR_7866,Nucleotide metabolism,Nucleotide metabolism,Human1 BiGG cross-reference
R_UMPK4,UMPK4,R_HMR_7867,Nucleotide metabolism,Nucleotide metabolism,Human1 BiGG cross-reference
R_XANDp,XANDp,R_HMR_4648,Purine metabolism,Purine metabolism,Human1 BiGG cross-reference
R_UMPK4n,UMPK4n,R_HMR_7868,Nucleotide metabolism,Nucleotide metabolism,Human1 BiGG cross-reference
R_XANtx,XANtx,,Unassigned,,unmapped
R_TMDK1,TMDK1,R_HMR_4054,Nucleotide metabolism,Nucleotide metabolism,Human1 BiGG cross-reference
R_XAO2x,XAO2x,R_HMR_8755,Purine metabolism,Purine metabolism,Human1 BiGG cross-reference
R_XAOx,XAOx,R_HMR_4650,Purine metabolism,Purine metabolism,Human1 BiGG cross-reference
R_XOL27OHtm,XOL27OHtm,R_XOL27OHtm,Transport reactions,Transport reactions,Human1 BiGG cross-reference
R_UMPK5,UMPK5,R_HMR_7869,Nucleotide metabolism,Nucleotide metabolism,Human1 BiGG cross-reference
R_UMPK5n,UMPK5n,R_HMR_7870,Nucleotide metabolism,Nucleotide metabolism,Human1 BiGG cross-reference
R_XOL7AH2tm,XOL7AH2tm,,Unassigned,,unmapped
R_XOL7AH2tr,XOL7AH2tr,R_XOL7AH2tr,Transport reactions,Transport reactions,Human1 BiGG cross-reference
R_XOL7AONEtr,XOL7AONEtr,R_HMR_1672,Transport reactions,Transport reactions,Human1 BiGG cross-reference
R_XOLDIOLONEt,XOLDIOLONEt,R_HMR_1593,Transport reactions,Transport reactions,Human1 BiGG cross-reference
R_XOLDIOLONEtm,XOLDIOLONEtm,R_XOLDIOLONEtm,Transport reactions,Transport reactions,Human1 BiGG cross-reference
R_XOLEST2te,XOLEST2te,R_XOLEST2te,Transport reactions,Transport reactions,Human1 BiGG cross-reference
R_XYLK,XYLK,,Unassigned,,unmapped
R_XYLTD_D,XYLTD_D,,Unassigned,,unmapped
R_XOLESTte,XOLESTte,R_XOLESTte,Transport reactions,Transport reactions,Human1 BiGG cross-reference
R_TMDK1m,TMDK1m,R_HMR_4483,Nucleotide metabolism,Nucleotide metabolism,Human1 BiGG cross-reference
R_XOLTRI24tc,XOLTRI24tc,R_XOLTRI24tc,Transport reactions,Transport reactions,Human1 BiGG cross-reference
R_XOLTRI24te,XOLTRI24te,R_XOLTRI24te,Transport reactions,Transport reactions,Human1 BiGG cross-reference
R_XOLTRI25tc,XOLTRI25tc,R_XOLTRI25tc,Transport reactions,Transport reactions,Human1 BiGG cross-reference
R_XOLTRI25te,XOLTRI25te,R_XOLTRI25te,Transport reactions,Transport reactions,Human1 BiGG cross-reference
R_XYLTer,XYLTer,R_HMR_7200,Chondroitin / heparan sulfate biosynthesis,Chondroitin / heparan sulfate biosynthesis,Human1 BiGG cross-reference
R_XYLTt,XYLTt,R_HMR_7253,Transport reactions,Transport reactions,Human1 BiGG cross-reference
R_XYLUR,XYLUR,R_HMR_4590,Pentose and glucuronate interconversions,Pentose and glucuronate interconversions,Human1 BiGG cross-reference
R_XYLt,XYLt,R_HMR_8867,Transport reactions,Transport reactions,Human1 BiGG cross-reference
R_XYLtly,XYLtly,R_HMR_7252,Transport reactions,Transport reactions,Human1 BiGG cross-reference
R_XOLTRI27tc,XOLTRI27tc,R_XOLTRI27tc,Transport reactions,Transport reactions,Human1 BiGG cross-reference
R_XOLTRI27te,XOLTRI27te,R_XOLTRI27te,Transport reactions,Transport reactions,Human1 BiGG cross-reference
R_YVITEt,YVITEt,,Unassigned,,unmapped
R_XOLTRIOLtm,XOLTRIOLtm,R_HMR_1602;R_HMR_1809,Transport reactions,Transport reactions,Human1 BiGG cross-reference
R_TMDPK,TMDPK,,Unassigned,,unmapped
R_XOLTRIOLtr,XOLTRIOLtr,,Unassigned,,unmapped
R_XSERtg,XSERtg,R_HMR_7201,Transport reactions,Transport reactions,Human1 BiGG cross-reference
R_TMDPP,TMDPP,R_HMR_4485,Pyrimidine metabolism,Pyrimidine metabolism,Human1 BiGG cross-reference
R_TMDPPK,TMDPPK,,Unassigned,,unmapped
R_TMDS,TMDS,R_HMR_4644,Pyrimidine metabolism,Pyrimidine metabolism,Human1 BiGG cross-reference
R_TMLYSOX,TMLYSOX,,Unassigned,,unmapped
R_TMLYSter,TMLYSter,R_HMR_8030,Transport reactions,Transport reactions,Human1 BiGG cross-reference
R_TMNDNCCOAtx,TMNDNCCOAtx,R_TMNDNCCOAtx,Transport reactions,Transport reactions,Human1 BiGG cross-reference
R_TMNDNCCPT1,TMNDNCCPT1,,Unassigned,,unmapped
R_TMNDNCCPT2,TMNDNCCPT2,,Unassigned,,unmapped
R_TMNDNCCRNt,TMNDNCCRNt,R_TMNDNCCRNt,Fatty acid oxidation,Fatty acid oxidation,Human1 BiGG cross-reference
R_TMNDNCt,TMNDNCt,,Unassigned,,unmapped
R_TOLBUTAMIDEte,TOLBUTAMIDEte,R_HMR_8051,Transport reactions,Transport reactions,Human1 BiGG cross-reference
R_TPI,TPI,R_HMR_4391,Glycolysis / Gluconeogenesis,Glycolysis / Gluconeogenesis,Human1 BiGG cross-reference
R_TRDR,TRDR,R_HMR_3931,Pyrimidine metabolism,Pyrimidine metabolism,Human1 BiGG cross-reference
R_TRDR2,TRDR2,R_TRDR2,Miscellaneous,Miscellaneous,Human1 BiGG cross-reference
R_TRDR3,TRDR3,R_TRDR3,Miscellaneous,Miscellaneous,Human1 BiGG cross-reference
R_TRDRm,TRDRm,R_HMR_8482,Nucleotide metabolism,Nucleotide metabolism,Human1 BiGG cross-reference
R_TREH,TREH,R_TREH,Starch and sucrose metabolism,Starch and sucrose metabolism,Human1 BiGG cross-reference
R_TREHe,TREHe,R_HMR_4837,Starch and sucrose metabolism,Starch and sucrose metabolism,Human1 BiGG cross-reference
R_TRIODTHYSUFt,TRIODTHYSUFt,R_HMR_8849,Transport reactions,Transport reactions,Human1 BiGG cross-reference
R_TRIODTHYSULT,TRIODTHYSULT,R_HMR_8534,Tyrosine metabolism,Tyrosine metabolism,Human1 BiGG cross-reference
R_TRIODTHYt,TRIODTHYt,R_HMR_6098,Transport reactions,Transport reactions,Human1 BiGG cross-reference
R_TRIODTHYt2,TRIODTHYt2,R_HMR_6056,Transport reactions,Transport reactions,Human1 BiGG cross-reference
R_TRIOK,TRIOK,R_HMR_0454,Fructose and mannose metabolism,Fructose and mannose metabolism,Human1 BiGG cross-reference
R_TRPHYDRO2,TRPHYDRO2,,Unassigned,,unmapped
R_TRPO2,TRPO2,R_HMR_4214,"Phenylalanine, tyrosine and tryptophan biosynthesis","Phenylalanine, tyrosine and tryptophan biosynthesis",Human1 BiGG cross-reference
R_TRPt,TRPt,R_HMR_5080,Transport reactions,Transport reactions,Human1 BiGG cross-reference
R_TRPt4,TRPt4,R_HMR_5317,Transport reactions,Transport reactions,Human1 BiGG cross-reference
R_TRYPTAOX,TRYPTAOX,,Unassigned,,unmapped
R_TS3,TS3,R_HMR_8013,Vitamin D metabolism,Vitamin D metabolism,Human1 BiGG cross-reference
R_TSTSTERONEGLCte,TSTSTERONEGLCte,R_HMR_8850,Transport reactions,Transport reactions,Human1 BiGG cross-reference
R_TSTSTERONEGLCtr,TSTSTERONEGLCtr,R_HMR_8851,Transport reactions,Transport reactions,Human1 BiGG cross-reference
R_TSTSTERONESULT,TSTSTERONESULT,R_HMR_7978,Steroid metabolism,Steroid metabolism,Human1 BiGG cross-reference
R_TSTSTERONESte,TSTSTERONESte,R_HMR_7979,Transport reactions,Transport reactions,Human1 BiGG cross-reference
R_TSTSTERONEtr,TSTSTERONEtr,R_HMR_7956,Transport reactions,Transport reactions,Human1 BiGG cross-reference
R_TSULt4_3,TSULt4_3,R_HMR_8853,Transport reactions,Transport reactions,Human1 BiGG cross-reference
R_biomass_reaction,biomass_reaction,,Biomass,,curated override
