dataset,trial,condition,condition_label_inferred,dose_as_reported,replicate,metabolite_or_process,observed_rate,rate_unit,exchange_reaction_id,rate_in_cobra_exchange_sign,human1_assumed_exchange_rate,human1_assumed_unit,human1_unit_assumption,mapping_status,source_sign_convention,cobra_exchange_sign_convention
Keibler2021 extracellular fluxes,Trial 1,EV,False,5,1,Alanine,-70.4348732887391,as reported in workbook; unit not stated on this sheet,EX_ala__L_e,70.4348732887391,70.4348732887391,mmol/gDW/h,direct numeric transfer per user instruction; source unit and biomass basis unverified,curated_alias,positive consumption; negative production,positive secretion; negative uptake
Keibler2021 extracellular fluxes,Trial 1,EV,False,5,1,Aspartate,-8.412647975840699,as reported in workbook; unit not stated on this sheet,EX_asp__L_e,8.412647975840699,8.412647975840699,mmol/gDW/h,direct numeric transfer per user instruction; source unit and biomass basis unverified,curated_alias,positive consumption; negative production,positive secretion; negative uptake
Keibler2021 extracellular fluxes,Trial 1,EV,False,5,1,Glucose,1582.6059210148412,as reported in workbook; unit not stated on this sheet,EX_glc__D_e,-1582.6059210148412,-1582.6059210148412,mmol/gDW/h,direct numeric transfer per user instruction; source unit and biomass basis unverified,curated_alias,positive consumption; negative production,positive secretion; negative uptake
Keibler2021 extracellular fluxes,Trial 1,EV,False,5,1,Glutamate,-119.16475066902971,as reported in workbook; unit not stated on this sheet,EX_glu__L_e,119.16475066902971,119.16475066902971,mmol/gDW/h,direct numeric transfer per user instruction; source unit and biomass basis unverified,exact_name_or_id,positive consumption; negative production,positive secretion; negative uptake
Keibler2021 extracellular fluxes,Trial 1,EV,False,5,1,Glutamine,202.2757894159906,as reported in workbook; unit not stated on this sheet,EX_gln__L_e,-202.2757894159906,-202.2757894159906,mmol/gDW/h,direct numeric transfer per user instruction; source unit and biomass basis unverified,exact_name_or_id,positive consumption; negative production,positive secretion; negative uptake
Keibler2021 extracellular fluxes,Trial 1,EV,False,5,1,Glycine,15.707756962332256,as reported in workbook; unit not stated on this sheet,EX_gly_e,-15.707756962332256,-15.707756962332256,mmol/gDW/h,direct numeric transfer per user instruction; source unit and biomass basis unverified,exact_name_or_id,positive consumption; negative production,positive secretion; negative uptake
Keibler2021 extracellular fluxes,Trial 1,EV,False,5,1,Isoleucine,38.434156160505545,as reported in workbook; unit not stated on this sheet,EX_ile__L_e,-38.434156160505545,-38.434156160505545,mmol/gDW/h,direct numeric transfer per user instruction; source unit and biomass basis unverified,exact_name_or_id,positive consumption; negative production,positive secretion; negative uptake
Keibler2021 extracellular fluxes,Trial 1,EV,False,5,1,Lactate,-2667.8394054570954,as reported in workbook; unit not stated on this sheet,EX_lac__L_e,2667.8394054570954,2667.8394054570954,mmol/gDW/h,direct numeric transfer per user instruction; source unit and biomass basis unverified,curated_alias,positive consumption; negative production,positive secretion; negative uptake
Keibler2021 extracellular fluxes,Trial 1,EV,False,5,1,Leucine,41.20753394827751,as reported in workbook; unit not stated on this sheet,EX_leu__L_e,-41.20753394827751,-41.20753394827751,mmol/gDW/h,direct numeric transfer per user instruction; source unit and biomass basis unverified,exact_name_or_id,positive consumption; negative production,positive secretion; negative uptake
Keibler2021 extracellular fluxes,Trial 1,EV,False,5,1,Lysine,7.3428393413881885,as reported in workbook; unit not stated on this sheet,EX_lys__L_e,-7.3428393413881885,-7.3428393413881885,mmol/gDW/h,direct numeric transfer per user instruction; source unit and biomass basis unverified,exact_name_or_id,positive consumption; negative production,positive secretion; negative uptake
Keibler2021 extracellular fluxes,Trial 1,EV,False,5,1,Methionine,5.977215941065981,as reported in workbook; unit not stated on this sheet,EX_met__L_e,-5.977215941065981,-5.977215941065981,mmol/gDW/h,direct numeric transfer per user instruction; source unit and biomass basis unverified,exact_name_or_id,positive consumption; negative production,positive secretion; negative uptake
Keibler2021 extracellular fluxes,Trial 1,EV,False,5,1,Phenylalanine,5.389577759020302,as reported in workbook; unit not stated on this sheet,EX_phe__L_e,-5.389577759020302,-5.389577759020302,mmol/gDW/h,direct numeric transfer per user instruction; source unit and biomass basis unverified,exact_name_or_id,positive consumption; negative production,positive secretion; negative uptake
Keibler2021 extracellular fluxes,Trial 1,EV,False,5,1,Proline,-12.824536476050488,as reported in workbook; unit not stated on this sheet,EX_pro__L_e,12.824536476050488,12.824536476050488,mmol/gDW/h,direct numeric transfer per user instruction; source unit and biomass basis unverified,curated_alias,positive consumption; negative production,positive secretion; negative uptake
Keibler2021 extracellular fluxes,Trial 1,EV,False,5,1,Pyruvate,-87.29931824222187,as reported in workbook; unit not stated on this sheet,EX_pyr_e,87.29931824222187,87.29931824222187,mmol/gDW/h,direct numeric transfer per user instruction; source unit and biomass basis unverified,exact_name_or_id,positive consumption; negative production,positive secretion; negative uptake
Keibler2021 extracellular fluxes,Trial 1,EV,False,5,1,Serine,32.00431216458925,as reported in workbook; unit not stated on this sheet,EX_ser__L_e,-32.00431216458925,-32.00431216458925,mmol/gDW/h,direct numeric transfer per user instruction; source unit and biomass basis unverified,curated_alias,positive consumption; negative production,positive secretion; negative uptake
Keibler2021 extracellular fluxes,Trial 1,EV,False,5,1,Threonine,18.885698931805823,as reported in workbook; unit not stated on this sheet,EX_thr__L_e,-18.885698931805823,-18.885698931805823,mmol/gDW/h,direct numeric transfer per user instruction; source unit and biomass basis unverified,exact_name_or_id,positive consumption; negative production,positive secretion; negative uptake
Keibler2021 extracellular fluxes,Trial 1,EV,False,5,1,Tyrosine,3.4820929133785747,as reported in workbook; unit not stated on this sheet,EX_tyr__L_e,-3.4820929133785747,-3.4820929133785747,mmol/gDW/h,direct numeric transfer per user instruction; source unit and biomass basis unverified,exact_name_or_id,positive consumption; negative production,positive secretion; negative uptake
Keibler2021 extracellular fluxes,Trial 1,EV,False,5,1,Valine,21.95319776153856,as reported in workbook; unit not stated on this sheet,EX_val__L_e,-21.95319776153856,-21.95319776153856,mmol/gDW/h,direct numeric transfer per user instruction; source unit and biomass basis unverified,exact_name_or_id,positive consumption; negative production,positive secretion; negative uptake
Keibler2021 extracellular fluxes,Trial 1,EV,False,5,1,Growth Rate,0.018264469206836546,as reported in workbook; unit not stated on this sheet,,,,,not applicable,not_exchange_metabolite,positive consumption; negative production,positive secretion; negative uptake
Keibler2021 extracellular fluxes,Trial 1,EV,False,5,2,Alanine,-72.06961234073844,as reported in workbook; unit not stated on this sheet,EX_ala__L_e,72.06961234073844,72.06961234073844,mmol/gDW/h,direct numeric transfer per user instruction; source unit and biomass basis unverified,curated_alias,positive consumption; negative production,positive secretion; negative uptake
Keibler2021 extracellular fluxes,Trial 1,EV,False,5,2,Aspartate,-8.803326344583533,as reported in workbook; unit not stated on this sheet,EX_asp__L_e,8.803326344583533,8.803326344583533,mmol/gDW/h,direct numeric transfer per user instruction; source unit and biomass basis unverified,curated_alias,positive consumption; negative production,positive secretion; negative uptake
Keibler2021 extracellular fluxes,Trial 1,EV,False,5,2,Glucose,1587.4494514232804,as reported in workbook; unit not stated on this sheet,EX_glc__D_e,-1587.4494514232804,-1587.4494514232804,mmol/gDW/h,direct numeric transfer per user instruction; source unit and biomass basis unverified,curated_alias,positive consumption; negative production,positive secretion; negative uptake
Keibler2021 extracellular fluxes,Trial 1,EV,False,5,2,Glutamate,-117.28772652883004,as reported in workbook; unit not stated on this sheet,EX_glu__L_e,117.28772652883004,117.28772652883004,mmol/gDW/h,direct numeric transfer per user instruction; source unit and biomass basis unverified,exact_name_or_id,positive consumption; negative production,positive secretion; negative uptake
Keibler2021 extracellular fluxes,Trial 1,EV,False,5,2,Glutamine,214.15166090942006,as reported in workbook; unit not stated on this sheet,EX_gln__L_e,-214.15166090942006,-214.15166090942006,mmol/gDW/h,direct numeric transfer per user instruction; source unit and biomass basis unverified,exact_name_or_id,positive consumption; negative production,positive secretion; negative uptake
Keibler2021 extracellular fluxes,Trial 1,EV,False,5,2,Glycine,16.132466937723752,as reported in workbook; unit not stated on this sheet,EX_gly_e,-16.132466937723752,-16.132466937723752,mmol/gDW/h,direct numeric transfer per user instruction; source unit and biomass basis unverified,exact_name_or_id,positive consumption; negative production,positive secretion; negative uptake
Keibler2021 extracellular fluxes,Trial 1,EV,False,5,2,Isoleucine,39.5841429310968,as reported in workbook; unit not stated on this sheet,EX_ile__L_e,-39.5841429310968,-39.5841429310968,mmol/gDW/h,direct numeric transfer per user instruction; source unit and biomass basis unverified,exact_name_or_id,positive consumption; negative production,positive secretion; negative uptake
Keibler2021 extracellular fluxes,Trial 1,EV,False,5,2,Lactate,-2688.0340109308418,as reported in workbook; unit not stated on this sheet,EX_lac__L_e,2688.0340109308418,2688.0340109308418,mmol/gDW/h,direct numeric transfer per user instruction; source unit and biomass basis unverified,curated_alias,positive consumption; negative production,positive secretion; negative uptake
Keibler2021 extracellular fluxes,Trial 1,EV,False,5,2,Leucine,41.90139486367387,as reported in workbook; unit not stated on this sheet,EX_leu__L_e,-41.90139486367387,-41.90139486367387,mmol/gDW/h,direct numeric transfer per user instruction; source unit and biomass basis unverified,exact_name_or_id,positive consumption; negative production,positive secretion; negative uptake
Keibler2021 extracellular fluxes,Trial 1,EV,False,5,2,Lysine,7.136890767591512,as reported in workbook; unit not stated on this sheet,EX_lys__L_e,-7.136890767591512,-7.136890767591512,mmol/gDW/h,direct numeric transfer per user instruction; source unit and biomass basis unverified,exact_name_or_id,positive consumption; negative production,positive secretion; negative uptake
Keibler2021 extracellular fluxes,Trial 1,EV,False,5,2,Methionine,5.966261044981897,as reported in workbook; unit not stated on this sheet,EX_met__L_e,-5.966261044981897,-5.966261044981897,mmol/gDW/h,direct numeric transfer per user instruction; source unit and biomass basis unverified,exact_name_or_id,positive consumption; negative production,positive secretion; negative uptake
Keibler2021 extracellular fluxes,Trial 1,EV,False,5,2,Phenylalanine,7.65569688970738,as reported in workbook; unit not stated on this sheet,EX_phe__L_e,-7.65569688970738,-7.65569688970738,mmol/gDW/h,direct numeric transfer per user instruction; source unit and biomass basis unverified,exact_name_or_id,positive consumption; negative production,positive secretion; negative uptake
Keibler2021 extracellular fluxes,Trial 1,EV,False,5,2,Proline,-13.32291582080268,as reported in workbook; unit not stated on this sheet,EX_pro__L_e,13.32291582080268,13.32291582080268,mmol/gDW/h,direct numeric transfer per user instruction; source unit and biomass basis unverified,curated_alias,positive consumption; negative production,positive secretion; negative uptake
Keibler2021 extracellular fluxes,Trial 1,EV,False,5,2,Pyruvate,-85.96327769109301,as reported in workbook; unit not stated on this sheet,EX_pyr_e,85.96327769109301,85.96327769109301,mmol/gDW/h,direct numeric transfer per user instruction; source unit and biomass basis unverified,exact_name_or_id,positive consumption; negative production,positive secretion; negative uptake
Keibler2021 extracellular fluxes,Trial 1,EV,False,5,2,Serine,32.05959251539722,as reported in workbook; unit not stated on this sheet,EX_ser__L_e,-32.05959251539722,-32.05959251539722,mmol/gDW/h,direct numeric transfer per user instruction; source unit and biomass basis unverified,curated_alias,positive consumption; negative production,positive secretion; negative uptake
Keibler2021 extracellular fluxes,Trial 1,EV,False,5,2,Threonine,14.672268591329557,as reported in workbook; unit not stated on this sheet,EX_thr__L_e,-14.672268591329557,-14.672268591329557,mmol/gDW/h,direct numeric transfer per user instruction; source unit and biomass basis unverified,exact_name_or_id,positive consumption; negative production,positive secretion; negative uptake
Keibler2021 extracellular fluxes,Trial 1,EV,False,5,2,Tyrosine,5.8137908239947444,as reported in workbook; unit not stated on this sheet,EX_tyr__L_e,-5.8137908239947444,-5.8137908239947444,mmol/gDW/h,direct numeric transfer per user instruction; source unit and biomass basis unverified,exact_name_or_id,positive consumption; negative production,positive secretion; negative uptake
Keibler2021 extracellular fluxes,Trial 1,EV,False,5,2,Valine,22.284454501932135,as reported in workbook; unit not stated on this sheet,EX_val__L_e,-22.284454501932135,-22.284454501932135,mmol/gDW/h,direct numeric transfer per user instruction; source unit and biomass basis unverified,exact_name_or_id,positive consumption; negative production,positive secretion; negative uptake
Keibler2021 extracellular fluxes,Trial 1,EV,False,5,2,Growth Rate,0.018701979019416434,as reported in workbook; unit not stated on this sheet,,,,,not applicable,not_exchange_metabolite,positive consumption; negative production,positive secretion; negative uptake
Keibler2021 extracellular fluxes,Trial 1,EV,False,5,3,Alanine,-72.186816279103,as reported in workbook; unit not stated on this sheet,EX_ala__L_e,72.186816279103,72.186816279103,mmol/gDW/h,direct numeric transfer per user instruction; source unit and biomass basis unverified,curated_alias,positive consumption; negative production,positive secretion; negative uptake
Keibler2021 extracellular fluxes,Trial 1,EV,False,5,3,Aspartate,-4.58683898239167,as reported in workbook; unit not stated on this sheet,EX_asp__L_e,4.58683898239167,4.58683898239167,mmol/gDW/h,direct numeric transfer per user instruction; source unit and biomass basis unverified,curated_alias,positive consumption; negative production,positive secretion; negative uptake
Keibler2021 extracellular fluxes,Trial 1,EV,False,5,3,Glucose,1544.4417935140186,as reported in workbook; unit not stated on this sheet,EX_glc__D_e,-1544.4417935140186,-1544.4417935140186,mmol/gDW/h,direct numeric transfer per user instruction; source unit and biomass basis unverified,curated_alias,positive consumption; negative production,positive secretion; negative uptake
Keibler2021 extracellular fluxes,Trial 1,EV,False,5,3,Glutamate,-118.72112952288862,as reported in workbook; unit not stated on this sheet,EX_glu__L_e,118.72112952288862,118.72112952288862,mmol/gDW/h,direct numeric transfer per user instruction; source unit and biomass basis unverified,exact_name_or_id,positive consumption; negative production,positive secretion; negative uptake
Keibler2021 extracellular fluxes,Trial 1,EV,False,5,3,Glutamine,203.6864511140841,as reported in workbook; unit not stated on this sheet,EX_gln__L_e,-203.6864511140841,-203.6864511140841,mmol/gDW/h,direct numeric transfer per user instruction; source unit and biomass basis unverified,exact_name_or_id,positive consumption; negative production,positive secretion; negative uptake
Keibler2021 extracellular fluxes,Trial 1,EV,False,5,3,Glycine,14.39533374380515,as reported in workbook; unit not stated on this sheet,EX_gly_e,-14.39533374380515,-14.39533374380515,mmol/gDW/h,direct numeric transfer per user instruction; source unit and biomass basis unverified,exact_name_or_id,positive consumption; negative production,positive secretion; negative uptake
Keibler2021 extracellular fluxes,Trial 1,EV,False,5,3,Isoleucine,29.943212602974167,as reported in workbook; unit not stated on this sheet,EX_ile__L_e,-29.943212602974167,-29.943212602974167,mmol/gDW/h,direct numeric transfer per user instruction; source unit and biomass basis unverified,exact_name_or_id,positive consumption; negative production,positive secretion; negative uptake
Keibler2021 extracellular fluxes,Trial 1,EV,False,5,3,Lactate,-2635.312211523594,as reported in workbook; unit not stated on this sheet,EX_lac__L_e,2635.312211523594,2635.312211523594,mmol/gDW/h,direct numeric transfer per user instruction; source unit and biomass basis unverified,curated_alias,positive consumption; negative production,positive secretion; negative uptake
Keibler2021 extracellular fluxes,Trial 1,EV,False,5,3,Leucine,32.93659381928804,as reported in workbook; unit not stated on this sheet,EX_leu__L_e,-32.93659381928804,-32.93659381928804,mmol/gDW/h,direct numeric transfer per user instruction; source unit and biomass basis unverified,exact_name_or_id,positive consumption; negative production,positive secretion; negative uptake
Keibler2021 extracellular fluxes,Trial 1,EV,False,5,3,Lysine,2.8879591912006,as reported in workbook; unit not stated on this sheet,EX_lys__L_e,-2.8879591912006,-2.8879591912006,mmol/gDW/h,direct numeric transfer per user instruction; source unit and biomass basis unverified,exact_name_or_id,positive consumption; negative production,positive secretion; negative uptake
Keibler2021 extracellular fluxes,Trial 1,EV,False,5,3,Methionine,9.590502165342949,as reported in workbook; unit not stated on this sheet,EX_met__L_e,-9.590502165342949,-9.590502165342949,mmol/gDW/h,direct numeric transfer per user instruction; source unit and biomass basis unverified,exact_name_or_id,positive consumption; negative production,positive secretion; negative uptake
Keibler2021 extracellular fluxes,Trial 1,EV,False,5,3,Phenylalanine,2.5200623986152633,as reported in workbook; unit not stated on this sheet,EX_phe__L_e,-2.5200623986152633,-2.5200623986152633,mmol/gDW/h,direct numeric transfer per user instruction; source unit and biomass basis unverified,exact_name_or_id,positive consumption; negative production,positive secretion; negative uptake
Keibler2021 extracellular fluxes,Trial 1,EV,False,5,3,Proline,-6.1893486059574165,as reported in workbook; unit not stated on this sheet,EX_pro__L_e,6.1893486059574165,6.1893486059574165,mmol/gDW/h,direct numeric transfer per user instruction; source unit and biomass basis unverified,curated_alias,positive consumption; negative production,positive secretion; negative uptake
Keibler2021 extracellular fluxes,Trial 1,EV,False,5,3,Pyruvate,-85.83301187523547,as reported in workbook; unit not stated on this sheet,EX_pyr_e,85.83301187523547,85.83301187523547,mmol/gDW/h,direct numeric transfer per user instruction; source unit and biomass basis unverified,exact_name_or_id,positive consumption; negative production,positive secretion; negative uptake
Keibler2021 extracellular fluxes,Trial 1,EV,False,5,3,Serine,30.690357899987063,as reported in workbook; unit not stated on this sheet,EX_ser__L_e,-30.690357899987063,-30.690357899987063,mmol/gDW/h,direct numeric transfer per user instruction; source unit and biomass basis unverified,curated_alias,positive consumption; negative production,positive secretion; negative uptake
Keibler2021 extracellular fluxes,Trial 1,EV,False,5,3,Threonine,7.813219007394755,as reported in workbook; unit not stated on this sheet,EX_thr__L_e,-7.813219007394755,-7.813219007394755,mmol/gDW/h,direct numeric transfer per user instruction; source unit and biomass basis unverified,exact_name_or_id,positive consumption; negative production,positive secretion; negative uptake
Keibler2021 extracellular fluxes,Trial 1,EV,False,5,3,Tyrosine,1.6082911929804742,as reported in workbook; unit not stated on this sheet,EX_tyr__L_e,-1.6082911929804742,-1.6082911929804742,mmol/gDW/h,direct numeric transfer per user instruction; source unit and biomass basis unverified,exact_name_or_id,positive consumption; negative production,positive secretion; negative uptake
Keibler2021 extracellular fluxes,Trial 1,EV,False,5,3,Valine,16.650514322352223,as reported in workbook; unit not stated on this sheet,EX_val__L_e,-16.650514322352223,-16.650514322352223,mmol/gDW/h,direct numeric transfer per user instruction; source unit and biomass basis unverified,exact_name_or_id,positive consumption; negative production,positive secretion; negative uptake
Keibler2021 extracellular fluxes,Trial 1,EV,False,5,3,Growth Rate,0.01983356794237835,as reported in workbook; unit not stated on this sheet,,,,,not applicable,not_exchange_metabolite,positive consumption; negative production,positive secretion; negative uptake
Keibler2021 extracellular fluxes,Trial 1,EV,False,0.75,1,Alanine,-84.34529049820067,as reported in workbook; unit not stated on this sheet,EX_ala__L_e,84.34529049820067,84.34529049820067,mmol/gDW/h,direct numeric transfer per user instruction; source unit and biomass basis unverified,curated_alias,positive consumption; negative production,positive secretion; negative uptake
Keibler2021 extracellular fluxes,Trial 1,EV,False,0.75,1,Aspartate,3.731599579518308,as reported in workbook; unit not stated on this sheet,EX_asp__L_e,-3.731599579518308,-3.731599579518308,mmol/gDW/h,direct numeric transfer per user instruction; source unit and biomass basis unverified,curated_alias,positive consumption; negative production,positive secretion; negative uptake
Keibler2021 extracellular fluxes,Trial 1,EV,False,0.75,1,Glucose,1029.9727530996345,as reported in workbook; unit not stated on this sheet,EX_glc__D_e,-1029.9727530996345,-1029.9727530996345,mmol/gDW/h,direct numeric transfer per user instruction; source unit and biomass basis unverified,curated_alias,positive consumption; negative production,positive secretion; negative uptake
Keibler2021 extracellular fluxes,Trial 1,EV,False,0.75,1,Glutamate,-30.90047369357486,as reported in workbook; unit not stated on this sheet,EX_glu__L_e,30.90047369357486,30.90047369357486,mmol/gDW/h,direct numeric transfer per user instruction; source unit and biomass basis unverified,exact_name_or_id,positive consumption; negative production,positive secretion; negative uptake
Keibler2021 extracellular fluxes,Trial 1,EV,False,0.75,1,Glutamine,85.26053109972817,as reported in workbook; unit not stated on this sheet,EX_gln__L_e,-85.26053109972817,-85.26053109972817,mmol/gDW/h,direct numeric transfer per user instruction; source unit and biomass basis unverified,exact_name_or_id,positive consumption; negative production,positive secretion; negative uptake
Keibler2021 extracellular fluxes,Trial 1,EV,False,0.75,1,Glycine,7.530447838926978,as reported in workbook; unit not stated on this sheet,EX_gly_e,-7.530447838926978,-7.530447838926978,mmol/gDW/h,direct numeric transfer per user instruction; source unit and biomass basis unverified,exact_name_or_id,positive consumption; negative production,positive secretion; negative uptake
Keibler2021 extracellular fluxes,Trial 1,EV,False,0.75,1,Isoleucine,31.48099182075176,as reported in workbook; unit not stated on this sheet,EX_ile__L_e,-31.48099182075176,-31.48099182075176,mmol/gDW/h,direct numeric transfer per user instruction; source unit and biomass basis unverified,exact_name_or_id,positive consumption; negative production,positive secretion; negative uptake
Keibler2021 extracellular fluxes,Trial 1,EV,False,0.75,1,Lactate,-1628.5536717634761,as reported in workbook; unit not stated on this sheet,EX_lac__L_e,1628.5536717634761,1628.5536717634761,mmol/gDW/h,direct numeric transfer per user instruction; source unit and biomass basis unverified,curated_alias,positive consumption; negative production,positive secretion; negative uptake
Keibler2021 extracellular fluxes,Trial 1,EV,False,0.75,1,Leucine,28.931545733975266,as reported in workbook; unit not stated on this sheet,EX_leu__L_e,-28.931545733975266,-28.931545733975266,mmol/gDW/h,direct numeric transfer per user instruction; source unit and biomass basis unverified,exact_name_or_id,positive consumption; negative production,positive secretion; negative uptake
Keibler2021 extracellular fluxes,Trial 1,EV,False,0.75,1,Lysine,-7.245836639995631,as reported in workbook; unit not stated on this sheet,EX_lys__L_e,7.245836639995631,7.245836639995631,mmol/gDW/h,direct numeric transfer per user instruction; source unit and biomass basis unverified,exact_name_or_id,positive consumption; negative production,positive secretion; negative uptake
Keibler2021 extracellular fluxes,Trial 1,EV,False,0.75,1,Methionine,6.448361883022981,as reported in workbook; unit not stated on this sheet,EX_met__L_e,-6.448361883022981,-6.448361883022981,mmol/gDW/h,direct numeric transfer per user instruction; source unit and biomass basis unverified,exact_name_or_id,positive consumption; negative production,positive secretion; negative uptake
Keibler2021 extracellular fluxes,Trial 1,EV,False,0.75,1,Phenylalanine,-0.8066356095998167,as reported in workbook; unit not stated on this sheet,EX_phe__L_e,0.8066356095998167,0.8066356095998167,mmol/gDW/h,direct numeric transfer per user instruction; source unit and biomass basis unverified,exact_name_or_id,positive consumption; negative production,positive secretion; negative uptake
Keibler2021 extracellular fluxes,Trial 1,EV,False,0.75,1,Proline,-3.3063681184189133,as reported in workbook; unit not stated on this sheet,EX_pro__L_e,3.3063681184189133,3.3063681184189133,mmol/gDW/h,direct numeric transfer per user instruction; source unit and biomass basis unverified,curated_alias,positive consumption; negative production,positive secretion; negative uptake
Keibler2021 extracellular fluxes,Trial 1,EV,False,0.75,1,Pyruvate,-119.14632545607566,as reported in workbook; unit not stated on this sheet,EX_pyr_e,119.14632545607566,119.14632545607566,mmol/gDW/h,direct numeric transfer per user instruction; source unit and biomass basis unverified,exact_name_or_id,positive consumption; negative production,positive secretion; negative uptake
Keibler2021 extracellular fluxes,Trial 1,EV,False,0.75,1,Serine,14.492600623081096,as reported in workbook; unit not stated on this sheet,EX_ser__L_e,-14.492600623081096,-14.492600623081096,mmol/gDW/h,direct numeric transfer per user instruction; source unit and biomass basis unverified,curated_alias,positive consumption; negative production,positive secretion; negative uptake
Keibler2021 extracellular fluxes,Trial 1,EV,False,0.75,1,Threonine,3.1223186718214215,as reported in workbook; unit not stated on this sheet,EX_thr__L_e,-3.1223186718214215,-3.1223186718214215,mmol/gDW/h,direct numeric transfer per user instruction; source unit and biomass basis unverified,exact_name_or_id,positive consumption; negative production,positive secretion; negative uptake
Keibler2021 extracellular fluxes,Trial 1,EV,False,0.75,1,Tyrosine,-0.8050647381246827,as reported in workbook; unit not stated on this sheet,EX_tyr__L_e,0.8050647381246827,0.8050647381246827,mmol/gDW/h,direct numeric transfer per user instruction; source unit and biomass basis unverified,exact_name_or_id,positive consumption; negative production,positive secretion; negative uptake
Keibler2021 extracellular fluxes,Trial 1,EV,False,0.75,1,Valine,9.338984446764716,as reported in workbook; unit not stated on this sheet,EX_val__L_e,-9.338984446764716,-9.338984446764716,mmol/gDW/h,direct numeric transfer per user instruction; source unit and biomass basis unverified,exact_name_or_id,positive consumption; negative production,positive secretion; negative uptake
Keibler2021 extracellular fluxes,Trial 1,EV,False,0.75,1,Growth Rate,0.010274054948329909,as reported in workbook; unit not stated on this sheet,,,,,not applicable,not_exchange_metabolite,positive consumption; negative production,positive secretion; negative uptake
Keibler2021 extracellular fluxes,Trial 1,EV,False,0.75,2,Alanine,-82.87269160848113,as reported in workbook; unit not stated on this sheet,EX_ala__L_e,82.87269160848113,82.87269160848113,mmol/gDW/h,direct numeric transfer per user instruction; source unit and biomass basis unverified,curated_alias,positive consumption; negative production,positive secretion; negative uptake
Keibler2021 extracellular fluxes,Trial 1,EV,False,0.75,2,Aspartate,-1.1112160235825175,as reported in workbook; unit not stated on this sheet,EX_asp__L_e,1.1112160235825175,1.1112160235825175,mmol/gDW/h,direct numeric transfer per user instruction; source unit and biomass basis unverified,curated_alias,positive consumption; negative production,positive secretion; negative uptake
Keibler2021 extracellular fluxes,Trial 1,EV,False,0.75,2,Glucose,1023.4292839701916,as reported in workbook; unit not stated on this sheet,EX_glc__D_e,-1023.4292839701916,-1023.4292839701916,mmol/gDW/h,direct numeric transfer per user instruction; source unit and biomass basis unverified,curated_alias,positive consumption; negative production,positive secretion; negative uptake
Keibler2021 extracellular fluxes,Trial 1,EV,False,0.75,2,Glutamate,-29.402610376505397,as reported in workbook; unit not stated on this sheet,EX_glu__L_e,29.402610376505397,29.402610376505397,mmol/gDW/h,direct numeric transfer per user instruction; source unit and biomass basis unverified,exact_name_or_id,positive consumption; negative production,positive secretion; negative uptake
Keibler2021 extracellular fluxes,Trial 1,EV,False,0.75,2,Glutamine,79.65879389067982,as reported in workbook; unit not stated on this sheet,EX_gln__L_e,-79.65879389067982,-79.65879389067982,mmol/gDW/h,direct numeric transfer per user instruction; source unit and biomass basis unverified,exact_name_or_id,positive consumption; negative production,positive secretion; negative uptake
Keibler2021 extracellular fluxes,Trial 1,EV,False,0.75,2,Glycine,7.760649175292057,as reported in workbook; unit not stated on this sheet,EX_gly_e,-7.760649175292057,-7.760649175292057,mmol/gDW/h,direct numeric transfer per user instruction; source unit and biomass basis unverified,exact_name_or_id,positive consumption; negative production,positive secretion; negative uptake
Keibler2021 extracellular fluxes,Trial 1,EV,False,0.75,2,Isoleucine,41.64334706702267,as reported in workbook; unit not stated on this sheet,EX_ile__L_e,-41.64334706702267,-41.64334706702267,mmol/gDW/h,direct numeric transfer per user instruction; source unit and biomass basis unverified,exact_name_or_id,positive consumption; negative production,positive secretion; negative uptake
Keibler2021 extracellular fluxes,Trial 1,EV,False,0.75,2,Lactate,-1664.4710195571176,as reported in workbook; unit not stated on this sheet,EX_lac__L_e,1664.4710195571176,1664.4710195571176,mmol/gDW/h,direct numeric transfer per user instruction; source unit and biomass basis unverified,curated_alias,positive consumption; negative production,positive secretion; negative uptake
Keibler2021 extracellular fluxes,Trial 1,EV,False,0.75,2,Leucine,37.38201254164048,as reported in workbook; unit not stated on this sheet,EX_leu__L_e,-37.38201254164048,-37.38201254164048,mmol/gDW/h,direct numeric transfer per user instruction; source unit and biomass basis unverified,exact_name_or_id,positive consumption; negative production,positive secretion; negative uptake
Keibler2021 extracellular fluxes,Trial 1,EV,False,0.75,2,Lysine,3.4538574134694233,as reported in workbook; unit not stated on this sheet,EX_lys__L_e,-3.4538574134694233,-3.4538574134694233,mmol/gDW/h,direct numeric transfer per user instruction; source unit and biomass basis unverified,exact_name_or_id,positive consumption; negative production,positive secretion; negative uptake
Keibler2021 extracellular fluxes,Trial 1,EV,False,0.75,2,Methionine,3.709751150269681,as reported in workbook; unit not stated on this sheet,EX_met__L_e,-3.709751150269681,-3.709751150269681,mmol/gDW/h,direct numeric transfer per user instruction; source unit and biomass basis unverified,exact_name_or_id,positive consumption; negative production,positive secretion; negative uptake
Keibler2021 extracellular fluxes,Trial 1,EV,False,0.75,2,Phenylalanine,3.5038745299076757,as reported in workbook; unit not stated on this sheet,EX_phe__L_e,-3.5038745299076757,-3.5038745299076757,mmol/gDW/h,direct numeric transfer per user instruction; source unit and biomass basis unverified,exact_name_or_id,positive consumption; negative production,positive secretion; negative uptake
Keibler2021 extracellular fluxes,Trial 1,EV,False,0.75,2,Proline,-11.382855533505214,as reported in workbook; unit not stated on this sheet,EX_pro__L_e,11.382855533505214,11.382855533505214,mmol/gDW/h,direct numeric transfer per user instruction; source unit and biomass basis unverified,curated_alias,positive consumption; negative production,positive secretion; negative uptake
Keibler2021 extracellular fluxes,Trial 1,EV,False,0.75,2,Pyruvate,-124.70402729503807,as reported in workbook; unit not stated on this sheet,EX_pyr_e,124.70402729503807,124.70402729503807,mmol/gDW/h,direct numeric transfer per user instruction; source unit and biomass basis unverified,exact_name_or_id,positive consumption; negative production,positive secretion; negative uptake
Keibler2021 extracellular fluxes,Trial 1,EV,False,0.75,2,Serine,16.909833159423584,as reported in workbook; unit not stated on this sheet,EX_ser__L_e,-16.909833159423584,-16.909833159423584,mmol/gDW/h,direct numeric transfer per user instruction; source unit and biomass basis unverified,curated_alias,positive consumption; negative production,positive secretion; negative uptake
Keibler2021 extracellular fluxes,Trial 1,EV,False,0.75,2,Threonine,8.19345230136997,as reported in workbook; unit not stated on this sheet,EX_thr__L_e,-8.19345230136997,-8.19345230136997,mmol/gDW/h,direct numeric transfer per user instruction; source unit and biomass basis unverified,exact_name_or_id,positive consumption; negative production,positive secretion; negative uptake
Keibler2021 extracellular fluxes,Trial 1,EV,False,0.75,2,Tyrosine,7.283481110358666,as reported in workbook; unit not stated on this sheet,EX_tyr__L_e,-7.283481110358666,-7.283481110358666,mmol/gDW/h,direct numeric transfer per user instruction; source unit and biomass basis unverified,exact_name_or_id,positive consumption; negative production,positive secretion; negative uptake
Keibler2021 extracellular fluxes,Trial 1,EV,False,0.75,2,Valine,21.69796620258289,as reported in workbook; unit not stated on this sheet,EX_val__L_e,-21.69796620258289,-21.69796620258289,mmol/gDW/h,direct numeric transfer per user instruction; source unit and biomass basis unverified,exact_name_or_id,positive consumption; negative production,positive secretion; negative uptake
Keibler2021 extracellular fluxes,Trial 1,EV,False,0.75,2,Growth Rate,0.009570770371342862,as reported in workbook; unit not stated on this sheet,,,,,not applicable,not_exchange_metabolite,positive consumption; negative production,positive secretion; negative uptake
Keibler2021 extracellular fluxes,Trial 1,EV,False,0.75,3,Alanine,-83.60593227363215,as reported in workbook; unit not stated on this sheet,EX_ala__L_e,83.60593227363215,83.60593227363215,mmol/gDW/h,direct numeric transfer per user instruction; source unit and biomass basis unverified,curated_alias,positive consumption; negative production,positive secretion; negative uptake
Keibler2021 extracellular fluxes,Trial 1,EV,False,0.75,3,Aspartate,-1.3143080666580422,as reported in workbook; unit not stated on this sheet,EX_asp__L_e,1.3143080666580422,1.3143080666580422,mmol/gDW/h,direct numeric transfer per user instruction; source unit and biomass basis unverified,curated_alias,positive consumption; negative production,positive secretion; negative uptake
Keibler2021 extracellular fluxes,Trial 1,EV,False,0.75,3,Glucose,979.0963633463584,as reported in workbook; unit not stated on this sheet,EX_glc__D_e,-979.0963633463584,-979.0963633463584,mmol/gDW/h,direct numeric transfer per user instruction; source unit and biomass basis unverified,curated_alias,positive consumption; negative production,positive secretion; negative uptake
Keibler2021 extracellular fluxes,Trial 1,EV,False,0.75,3,Glutamate,-29.685166755759163,as reported in workbook; unit not stated on this sheet,EX_glu__L_e,29.685166755759163,29.685166755759163,mmol/gDW/h,direct numeric transfer per user instruction; source unit and biomass basis unverified,exact_name_or_id,positive consumption; negative production,positive secretion; negative uptake
Keibler2021 extracellular fluxes,Trial 1,EV,False,0.75,3,Glutamine,73.80428496055636,as reported in workbook; unit not stated on this sheet,EX_gln__L_e,-73.80428496055636,-73.80428496055636,mmol/gDW/h,direct numeric transfer per user instruction; source unit and biomass basis unverified,exact_name_or_id,positive consumption; negative production,positive secretion; negative uptake
Keibler2021 extracellular fluxes,Trial 1,EV,False,0.75,3,Glycine,4.744025511321945,as reported in workbook; unit not stated on this sheet,EX_gly_e,-4.744025511321945,-4.744025511321945,mmol/gDW/h,direct numeric transfer per user instruction; source unit and biomass basis unverified,exact_name_or_id,positive consumption; negative production,positive secretion; negative uptake
Keibler2021 extracellular fluxes,Trial 1,EV,False,0.75,3,Isoleucine,37.21965204905683,as reported in workbook; unit not stated on this sheet,EX_ile__L_e,-37.21965204905683,-37.21965204905683,mmol/gDW/h,direct numeric transfer per user instruction; source unit and biomass basis unverified,exact_name_or_id,positive consumption; negative production,positive secretion; negative uptake
Keibler2021 extracellular fluxes,Trial 1,EV,False,0.75,3,Lactate,-1631.7531992855904,as reported in workbook; unit not stated on this sheet,EX_lac__L_e,1631.7531992855904,1631.7531992855904,mmol/gDW/h,direct numeric transfer per user instruction; source unit and biomass basis unverified,curated_alias,positive consumption; negative production,positive secretion; negative uptake
Keibler2021 extracellular fluxes,Trial 1,EV,False,0.75,3,Leucine,32.79796623854362,as reported in workbook; unit not stated on this sheet,EX_leu__L_e,-32.79796623854362,-32.79796623854362,mmol/gDW/h,direct numeric transfer per user instruction; source unit and biomass basis unverified,exact_name_or_id,positive consumption; negative production,positive secretion; negative uptake
Keibler2021 extracellular fluxes,Trial 1,EV,False,0.75,3,Lysine,-1.5189678140320269,as reported in workbook; unit not stated on this sheet,EX_lys__L_e,1.5189678140320269,1.5189678140320269,mmol/gDW/h,direct numeric transfer per user instruction; source unit and biomass basis unverified,exact_name_or_id,positive consumption; negative production,positive secretion; negative uptake
Keibler2021 extracellular fluxes,Trial 1,EV,False,0.75,3,Methionine,1.3608150378953539,as reported in workbook; unit not stated on this sheet,EX_met__L_e,-1.3608150378953539,-1.3608150378953539,mmol/gDW/h,direct numeric transfer per user instruction; source unit and biomass basis unverified,exact_name_or_id,positive consumption; negative production,positive secretion; negative uptake
Keibler2021 extracellular fluxes,Trial 1,EV,False,0.75,3,Phenylalanine,2.158998982096559,as reported in workbook; unit not stated on this sheet,EX_phe__L_e,-2.158998982096559,-2.158998982096559,mmol/gDW/h,direct numeric transfer per user instruction; source unit and biomass basis unverified,exact_name_or_id,positive consumption; negative production,positive secretion; negative uptake
Keibler2021 extracellular fluxes,Trial 1,EV,False,0.75,3,Proline,-11.073500774888974,as reported in workbook; unit not stated on this sheet,EX_pro__L_e,11.073500774888974,11.073500774888974,mmol/gDW/h,direct numeric transfer per user instruction; source unit and biomass basis unverified,curated_alias,positive consumption; negative production,positive secretion; negative uptake
Keibler2021 extracellular fluxes,Trial 1,EV,False,0.75,3,Pyruvate,-124.59146677469727,as reported in workbook; unit not stated on this sheet,EX_pyr_e,124.59146677469727,124.59146677469727,mmol/gDW/h,direct numeric transfer per user instruction; source unit and biomass basis unverified,exact_name_or_id,positive consumption; negative production,positive secretion; negative uptake
Keibler2021 extracellular fluxes,Trial 1,EV,False,0.75,3,Serine,15.362768320286833,as reported in workbook; unit not stated on this sheet,EX_ser__L_e,-15.362768320286833,-15.362768320286833,mmol/gDW/h,direct numeric transfer per user instruction; source unit and biomass basis unverified,curated_alias,positive consumption; negative production,positive secretion; negative uptake
Keibler2021 extracellular fluxes,Trial 1,EV,False,0.75,3,Threonine,4.39108410026135,as reported in workbook; unit not stated on this sheet,EX_thr__L_e,-4.39108410026135,-4.39108410026135,mmol/gDW/h,direct numeric transfer per user instruction; source unit and biomass basis unverified,exact_name_or_id,positive consumption; negative production,positive secretion; negative uptake
Keibler2021 extracellular fluxes,Trial 1,EV,False,0.75,3,Tyrosine,1.1925139390042647,as reported in workbook; unit not stated on this sheet,EX_tyr__L_e,-1.1925139390042647,-1.1925139390042647,mmol/gDW/h,direct numeric transfer per user instruction; source unit and biomass basis unverified,exact_name_or_id,positive consumption; negative production,positive secretion; negative uptake
Keibler2021 extracellular fluxes,Trial 1,EV,False,0.75,3,Valine,15.881498750606381,as reported in workbook; unit not stated on this sheet,EX_val__L_e,-15.881498750606381,-15.881498750606381,mmol/gDW/h,direct numeric transfer per user instruction; source unit and biomass basis unverified,exact_name_or_id,positive consumption; negative production,positive secretion; negative uptake
Keibler2021 extracellular fluxes,Trial 1,EV,False,0.75,3,Growth Rate,0.00985572147917819,as reported in workbook; unit not stated on this sheet,,,,,not applicable,not_exchange_metabolite,positive consumption; negative production,positive secretion; negative uptake
Keibler2021 extracellular fluxes,Trial 1,EV,False,0,1,Alanine,-46.96034610236827,as reported in workbook; unit not stated on this sheet,EX_ala__L_e,46.96034610236827,46.96034610236827,mmol/gDW/h,direct numeric transfer per user instruction; source unit and biomass basis unverified,curated_alias,positive consumption; negative production,positive secretion; negative uptake
Keibler2021 extracellular fluxes,Trial 1,EV,False,0,1,Aspartate,0.8256605123480308,as reported in workbook; unit not stated on this sheet,EX_asp__L_e,-0.8256605123480308,-0.8256605123480308,mmol/gDW/h,direct numeric transfer per user instruction; source unit and biomass basis unverified,curated_alias,positive consumption; negative production,positive secretion; negative uptake
Keibler2021 extracellular fluxes,Trial 1,EV,False,0,1,Glucose,571.9106807914086,as reported in workbook; unit not stated on this sheet,EX_glc__D_e,-571.9106807914086,-571.9106807914086,mmol/gDW/h,direct numeric transfer per user instruction; source unit and biomass basis unverified,curated_alias,positive consumption; negative production,positive secretion; negative uptake
Keibler2021 extracellular fluxes,Trial 1,EV,False,0,1,Glutamate,1.1347106138018794,as reported in workbook; unit not stated on this sheet,EX_glu__L_e,-1.1347106138018794,-1.1347106138018794,mmol/gDW/h,direct numeric transfer per user instruction; source unit and biomass basis unverified,exact_name_or_id,positive consumption; negative production,positive secretion; negative uptake
Keibler2021 extracellular fluxes,Trial 1,EV,False,0,1,Glutamine,14.88262758469335,as reported in workbook; unit not stated on this sheet,EX_gln__L_e,-14.88262758469335,-14.88262758469335,mmol/gDW/h,direct numeric transfer per user instruction; source unit and biomass basis unverified,exact_name_or_id,positive consumption; negative production,positive secretion; negative uptake
Keibler2021 extracellular fluxes,Trial 1,EV,False,0,1,Glycine,-5.418008809702106,as reported in workbook; unit not stated on this sheet,EX_gly_e,5.418008809702106,5.418008809702106,mmol/gDW/h,direct numeric transfer per user instruction; source unit and biomass basis unverified,exact_name_or_id,positive consumption; negative production,positive secretion; negative uptake
Keibler2021 extracellular fluxes,Trial 1,EV,False,0,1,Isoleucine,49.57823288006564,as reported in workbook; unit not stated on this sheet,EX_ile__L_e,-49.57823288006564,-49.57823288006564,mmol/gDW/h,direct numeric transfer per user instruction; source unit and biomass basis unverified,exact_name_or_id,positive consumption; negative production,positive secretion; negative uptake
Keibler2021 extracellular fluxes,Trial 1,EV,False,0,1,Lactate,-872.9916074553631,as reported in workbook; unit not stated on this sheet,EX_lac__L_e,872.9916074553631,872.9916074553631,mmol/gDW/h,direct numeric transfer per user instruction; source unit and biomass basis unverified,curated_alias,positive consumption; negative production,positive secretion; negative uptake
Keibler2021 extracellular fluxes,Trial 1,EV,False,0,1,Leucine,41.84403831425876,as reported in workbook; unit not stated on this sheet,EX_leu__L_e,-41.84403831425876,-41.84403831425876,mmol/gDW/h,direct numeric transfer per user instruction; source unit and biomass basis unverified,exact_name_or_id,positive consumption; negative production,positive secretion; negative uptake
Keibler2021 extracellular fluxes,Trial 1,EV,False,0,1,Lysine,5.7934800048622,as reported in workbook; unit not stated on this sheet,EX_lys__L_e,-5.7934800048622,-5.7934800048622,mmol/gDW/h,direct numeric transfer per user instruction; source unit and biomass basis unverified,exact_name_or_id,positive consumption; negative production,positive secretion; negative uptake
Keibler2021 extracellular fluxes,Trial 1,EV,False,0,1,Methionine,2.620649158521624,as reported in workbook; unit not stated on this sheet,EX_met__L_e,-2.620649158521624,-2.620649158521624,mmol/gDW/h,direct numeric transfer per user instruction; source unit and biomass basis unverified,exact_name_or_id,positive consumption; negative production,positive secretion; negative uptake
Keibler2021 extracellular fluxes,Trial 1,EV,False,0,1,Phenylalanine,2.6881861197341053,as reported in workbook; unit not stated on this sheet,EX_phe__L_e,-2.6881861197341053,-2.6881861197341053,mmol/gDW/h,direct numeric transfer per user instruction; source unit and biomass basis unverified,exact_name_or_id,positive consumption; negative production,positive secretion; negative uptake
Keibler2021 extracellular fluxes,Trial 1,EV,False,0,1,Proline,-8.946430277764975,as reported in workbook; unit not stated on this sheet,EX_pro__L_e,8.946430277764975,8.946430277764975,mmol/gDW/h,direct numeric transfer per user instruction; source unit and biomass basis unverified,curated_alias,positive consumption; negative production,positive secretion; negative uptake
Keibler2021 extracellular fluxes,Trial 1,EV,False,0,1,Pyruvate,-72.90430075190103,as reported in workbook; unit not stated on this sheet,EX_pyr_e,72.90430075190103,72.90430075190103,mmol/gDW/h,direct numeric transfer per user instruction; source unit and biomass basis unverified,exact_name_or_id,positive consumption; negative production,positive secretion; negative uptake
Keibler2021 extracellular fluxes,Trial 1,EV,False,0,1,Serine,19.207949146015945,as reported in workbook; unit not stated on this sheet,EX_ser__L_e,-19.207949146015945,-19.207949146015945,mmol/gDW/h,direct numeric transfer per user instruction; source unit and biomass basis unverified,curated_alias,positive consumption; negative production,positive secretion; negative uptake
Keibler2021 extracellular fluxes,Trial 1,EV,False,0,1,Threonine,7.290737003003601,as reported in workbook; unit not stated on this sheet,EX_thr__L_e,-7.290737003003601,-7.290737003003601,mmol/gDW/h,direct numeric transfer per user instruction; source unit and biomass basis unverified,exact_name_or_id,positive consumption; negative production,positive secretion; negative uptake
Keibler2021 extracellular fluxes,Trial 1,EV,False,0,1,Tyrosine,2.4437258950303384,as reported in workbook; unit not stated on this sheet,EX_tyr__L_e,-2.4437258950303384,-2.4437258950303384,mmol/gDW/h,direct numeric transfer per user instruction; source unit and biomass basis unverified,exact_name_or_id,positive consumption; negative production,positive secretion; negative uptake
Keibler2021 extracellular fluxes,Trial 1,EV,False,0,1,Valine,21.372810431952583,as reported in workbook; unit not stated on this sheet,EX_val__L_e,-21.372810431952583,-21.372810431952583,mmol/gDW/h,direct numeric transfer per user instruction; source unit and biomass basis unverified,exact_name_or_id,positive consumption; negative production,positive secretion; negative uptake
Keibler2021 extracellular fluxes,Trial 1,EV,False,0,1,Growth Rate,0.002454304957759287,as reported in workbook; unit not stated on this sheet,,,,,not applicable,not_exchange_metabolite,positive consumption; negative production,positive secretion; negative uptake
Keibler2021 extracellular fluxes,Trial 1,EV,False,0,2,Alanine,-45.79801132402718,as reported in workbook; unit not stated on this sheet,EX_ala__L_e,45.79801132402718,45.79801132402718,mmol/gDW/h,direct numeric transfer per user instruction; source unit and biomass basis unverified,curated_alias,positive consumption; negative production,positive secretion; negative uptake
Keibler2021 extracellular fluxes,Trial 1,EV,False,0,2,Aspartate,0.693860640667484,as reported in workbook; unit not stated on this sheet,EX_asp__L_e,-0.693860640667484,-0.693860640667484,mmol/gDW/h,direct numeric transfer per user instruction; source unit and biomass basis unverified,curated_alias,positive consumption; negative production,positive secretion; negative uptake
Keibler2021 extracellular fluxes,Trial 1,EV,False,0,2,Glucose,531.8709346072676,as reported in workbook; unit not stated on this sheet,EX_glc__D_e,-531.8709346072676,-531.8709346072676,mmol/gDW/h,direct numeric transfer per user instruction; source unit and biomass basis unverified,curated_alias,positive consumption; negative production,positive secretion; negative uptake
Keibler2021 extracellular fluxes,Trial 1,EV,False,0,2,Glutamate,1.125503334670715,as reported in workbook; unit not stated on this sheet,EX_glu__L_e,-1.125503334670715,-1.125503334670715,mmol/gDW/h,direct numeric transfer per user instruction; source unit and biomass basis unverified,exact_name_or_id,positive consumption; negative production,positive secretion; negative uptake
Keibler2021 extracellular fluxes,Trial 1,EV,False,0,2,Glutamine,16.024643239698978,as reported in workbook; unit not stated on this sheet,EX_gln__L_e,-16.024643239698978,-16.024643239698978,mmol/gDW/h,direct numeric transfer per user instruction; source unit and biomass basis unverified,exact_name_or_id,positive consumption; negative production,positive secretion; negative uptake
Keibler2021 extracellular fluxes,Trial 1,EV,False,0,2,Glycine,-5.717465253320247,as reported in workbook; unit not stated on this sheet,EX_gly_e,5.717465253320247,5.717465253320247,mmol/gDW/h,direct numeric transfer per user instruction; source unit and biomass basis unverified,exact_name_or_id,positive consumption; negative production,positive secretion; negative uptake
Keibler2021 extracellular fluxes,Trial 1,EV,False,0,2,Isoleucine,45.667182522051625,as reported in workbook; unit not stated on this sheet,EX_ile__L_e,-45.667182522051625,-45.667182522051625,mmol/gDW/h,direct numeric transfer per user instruction; source unit and biomass basis unverified,exact_name_or_id,positive consumption; negative production,positive secretion; negative uptake
Keibler2021 extracellular fluxes,Trial 1,EV,False,0,2,Lactate,-840.4849174812049,as reported in workbook; unit not stated on this sheet,EX_lac__L_e,840.4849174812049,840.4849174812049,mmol/gDW/h,direct numeric transfer per user instruction; source unit and biomass basis unverified,curated_alias,positive consumption; negative production,positive secretion; negative uptake
Keibler2021 extracellular fluxes,Trial 1,EV,False,0,2,Leucine,38.38459168988179,as reported in workbook; unit not stated on this sheet,EX_leu__L_e,-38.38459168988179,-38.38459168988179,mmol/gDW/h,direct numeric transfer per user instruction; source unit and biomass basis unverified,exact_name_or_id,positive consumption; negative production,positive secretion; negative uptake
Keibler2021 extracellular fluxes,Trial 1,EV,False,0,2,Lysine,4.4769759575070776,as reported in workbook; unit not stated on this sheet,EX_lys__L_e,-4.4769759575070776,-4.4769759575070776,mmol/gDW/h,direct numeric transfer per user instruction; source unit and biomass basis unverified,exact_name_or_id,positive consumption; negative production,positive secretion; negative uptake
Keibler2021 extracellular fluxes,Trial 1,EV,False,0,2,Methionine,0.8955132329727905,as reported in workbook; unit not stated on this sheet,EX_met__L_e,-0.8955132329727905,-0.8955132329727905,mmol/gDW/h,direct numeric transfer per user instruction; source unit and biomass basis unverified,exact_name_or_id,positive consumption; negative production,positive secretion; negative uptake
Keibler2021 extracellular fluxes,Trial 1,EV,False,0,2,Phenylalanine,0.6619229028246112,as reported in workbook; unit not stated on this sheet,EX_phe__L_e,-0.6619229028246112,-0.6619229028246112,mmol/gDW/h,direct numeric transfer per user instruction; source unit and biomass basis unverified,exact_name_or_id,positive consumption; negative production,positive secretion; negative uptake
Keibler2021 extracellular fluxes,Trial 1,EV,False,0,2,Proline,-8.922353516094937,as reported in workbook; unit not stated on this sheet,EX_pro__L_e,8.922353516094937,8.922353516094937,mmol/gDW/h,direct numeric transfer per user instruction; source unit and biomass basis unverified,curated_alias,positive consumption; negative production,positive secretion; negative uptake
Keibler2021 extracellular fluxes,Trial 1,EV,False,0,2,Pyruvate,-69.19844366167462,as reported in workbook; unit not stated on this sheet,EX_pyr_e,69.19844366167462,69.19844366167462,mmol/gDW/h,direct numeric transfer per user instruction; source unit and biomass basis unverified,exact_name_or_id,positive consumption; negative production,positive secretion; negative uptake
Keibler2021 extracellular fluxes,Trial 1,EV,False,0,2,Serine,17.755320253748618,as reported in workbook; unit not stated on this sheet,EX_ser__L_e,-17.755320253748618,-17.755320253748618,mmol/gDW/h,direct numeric transfer per user instruction; source unit and biomass basis unverified,curated_alias,positive consumption; negative production,positive secretion; negative uptake
Keibler2021 extracellular fluxes,Trial 1,EV,False,0,2,Threonine,5.44493106948104,as reported in workbook; unit not stated on this sheet,EX_thr__L_e,-5.44493106948104,-5.44493106948104,mmol/gDW/h,direct numeric transfer per user instruction; source unit and biomass basis unverified,exact_name_or_id,positive consumption; negative production,positive secretion; negative uptake
Keibler2021 extracellular fluxes,Trial 1,EV,False,0,2,Tyrosine,3.287567366315948,as reported in workbook; unit not stated on this sheet,EX_tyr__L_e,-3.287567366315948,-3.287567366315948,mmol/gDW/h,direct numeric transfer per user instruction; source unit and biomass basis unverified,exact_name_or_id,positive consumption; negative production,positive secretion; negative uptake
Keibler2021 extracellular fluxes,Trial 1,EV,False,0,2,Valine,18.79123588464412,as reported in workbook; unit not stated on this sheet,EX_val__L_e,-18.79123588464412,-18.79123588464412,mmol/gDW/h,direct numeric transfer per user instruction; source unit and biomass basis unverified,exact_name_or_id,positive consumption; negative production,positive secretion; negative uptake
Keibler2021 extracellular fluxes,Trial 1,EV,False,0,2,Growth Rate,0.003117869822750362,as reported in workbook; unit not stated on this sheet,,,,,not applicable,not_exchange_metabolite,positive consumption; negative production,positive secretion; negative uptake
Keibler2021 extracellular fluxes,Trial 1,EV,False,0,3,Alanine,-46.95312395097365,as reported in workbook; unit not stated on this sheet,EX_ala__L_e,46.95312395097365,46.95312395097365,mmol/gDW/h,direct numeric transfer per user instruction; source unit and biomass basis unverified,curated_alias,positive consumption; negative production,positive secretion; negative uptake
Keibler2021 extracellular fluxes,Trial 1,EV,False,0,3,Aspartate,0.4428270627457849,as reported in workbook; unit not stated on this sheet,EX_asp__L_e,-0.4428270627457849,-0.4428270627457849,mmol/gDW/h,direct numeric transfer per user instruction; source unit and biomass basis unverified,curated_alias,positive consumption; negative production,positive secretion; negative uptake
Keibler2021 extracellular fluxes,Trial 1,EV,False,0,3,Glucose,511.9841458838722,as reported in workbook; unit not stated on this sheet,EX_glc__D_e,-511.9841458838722,-511.9841458838722,mmol/gDW/h,direct numeric transfer per user instruction; source unit and biomass basis unverified,curated_alias,positive consumption; negative production,positive secretion; negative uptake
Keibler2021 extracellular fluxes,Trial 1,EV,False,0,3,Glutamate,1.0340460665464233,as reported in workbook; unit not stated on this sheet,EX_glu__L_e,-1.0340460665464233,-1.0340460665464233,mmol/gDW/h,direct numeric transfer per user instruction; source unit and biomass basis unverified,exact_name_or_id,positive consumption; negative production,positive secretion; negative uptake
Keibler2021 extracellular fluxes,Trial 1,EV,False,0,3,Glutamine,15.087749259087456,as reported in workbook; unit not stated on this sheet,EX_gln__L_e,-15.087749259087456,-15.087749259087456,mmol/gDW/h,direct numeric transfer per user instruction; source unit and biomass basis unverified,exact_name_or_id,positive consumption; negative production,positive secretion; negative uptake
Keibler2021 extracellular fluxes,Trial 1,EV,False,0,3,Glycine,-9.487358365197553,as reported in workbook; unit not stated on this sheet,EX_gly_e,9.487358365197553,9.487358365197553,mmol/gDW/h,direct numeric transfer per user instruction; source unit and biomass basis unverified,exact_name_or_id,positive consumption; negative production,positive secretion; negative uptake
Keibler2021 extracellular fluxes,Trial 1,EV,False,0,3,Isoleucine,41.88449058075328,as reported in workbook; unit not stated on this sheet,EX_ile__L_e,-41.88449058075328,-41.88449058075328,mmol/gDW/h,direct numeric transfer per user instruction; source unit and biomass basis unverified,exact_name_or_id,positive consumption; negative production,positive secretion; negative uptake
Keibler2021 extracellular fluxes,Trial 1,EV,False,0,3,Lactate,-833.8431610350199,as reported in workbook; unit not stated on this sheet,EX_lac__L_e,833.8431610350199,833.8431610350199,mmol/gDW/h,direct numeric transfer per user instruction; source unit and biomass basis unverified,curated_alias,positive consumption; negative production,positive secretion; negative uptake
Keibler2021 extracellular fluxes,Trial 1,EV,False,0,3,Leucine,33.38089942122991,as reported in workbook; unit not stated on this sheet,EX_leu__L_e,-33.38089942122991,-33.38089942122991,mmol/gDW/h,direct numeric transfer per user instruction; source unit and biomass basis unverified,exact_name_or_id,positive consumption; negative production,positive secretion; negative uptake
Keibler2021 extracellular fluxes,Trial 1,EV,False,0,3,Lysine,-3.1034420555883453,as reported in workbook; unit not stated on this sheet,EX_lys__L_e,3.1034420555883453,3.1034420555883453,mmol/gDW/h,direct numeric transfer per user instruction; source unit and biomass basis unverified,exact_name_or_id,positive consumption; negative production,positive secretion; negative uptake
Keibler2021 extracellular fluxes,Trial 1,EV,False,0,3,Methionine,-0.008748019126059818,as reported in workbook; unit not stated on this sheet,EX_met__L_e,0.008748019126059818,0.008748019126059818,mmol/gDW/h,direct numeric transfer per user instruction; source unit and biomass basis unverified,exact_name_or_id,positive consumption; negative production,positive secretion; negative uptake
Keibler2021 extracellular fluxes,Trial 1,EV,False,0,3,Phenylalanine,-0.7755638572677205,as reported in workbook; unit not stated on this sheet,EX_phe__L_e,0.7755638572677205,0.7755638572677205,mmol/gDW/h,direct numeric transfer per user instruction; source unit and biomass basis unverified,exact_name_or_id,positive consumption; negative production,positive secretion; negative uptake
Keibler2021 extracellular fluxes,Trial 1,EV,False,0,3,Proline,-8.726710899767964,as reported in workbook; unit not stated on this sheet,EX_pro__L_e,8.726710899767964,8.726710899767964,mmol/gDW/h,direct numeric transfer per user instruction; source unit and biomass basis unverified,curated_alias,positive consumption; negative production,positive secretion; negative uptake
Keibler2021 extracellular fluxes,Trial 1,EV,False,0,3,Pyruvate,-70.87644052706004,as reported in workbook; unit not stated on this sheet,EX_pyr_e,70.87644052706004,70.87644052706004,mmol/gDW/h,direct numeric transfer per user instruction; source unit and biomass basis unverified,exact_name_or_id,positive consumption; negative production,positive secretion; negative uptake
Keibler2021 extracellular fluxes,Trial 1,EV,False,0,3,Serine,14.47424948342375,as reported in workbook; unit not stated on this sheet,EX_ser__L_e,-14.47424948342375,-14.47424948342375,mmol/gDW/h,direct numeric transfer per user instruction; source unit and biomass basis unverified,curated_alias,positive consumption; negative production,positive secretion; negative uptake
Keibler2021 extracellular fluxes,Trial 1,EV,False,0,3,Threonine,-1.1582877575179469,as reported in workbook; unit not stated on this sheet,EX_thr__L_e,1.1582877575179469,1.1582877575179469,mmol/gDW/h,direct numeric transfer per user instruction; source unit and biomass basis unverified,exact_name_or_id,positive consumption; negative production,positive secretion; negative uptake
Keibler2021 extracellular fluxes,Trial 1,EV,False,0,3,Tyrosine,-0.11939701607138868,as reported in workbook; unit not stated on this sheet,EX_tyr__L_e,0.11939701607138868,0.11939701607138868,mmol/gDW/h,direct numeric transfer per user instruction; source unit and biomass basis unverified,exact_name_or_id,positive consumption; negative production,positive secretion; negative uptake
Keibler2021 extracellular fluxes,Trial 1,EV,False,0,3,Valine,13.84304725280837,as reported in workbook; unit not stated on this sheet,EX_val__L_e,-13.84304725280837,-13.84304725280837,mmol/gDW/h,direct numeric transfer per user instruction; source unit and biomass basis unverified,exact_name_or_id,positive consumption; negative production,positive secretion; negative uptake
Keibler2021 extracellular fluxes,Trial 1,EV,False,0,3,Growth Rate,0.002959834439415562,as reported in workbook; unit not stated on this sheet,,,,,not applicable,not_exchange_metabolite,positive consumption; negative production,positive secretion; negative uptake
Keibler2021 extracellular fluxes,Trial 1,EV,False,0+Ab,1,Alanine,-37.95878698642071,as reported in workbook; unit not stated on this sheet,EX_ala__L_e,37.95878698642071,37.95878698642071,mmol/gDW/h,direct numeric transfer per user instruction; source unit and biomass basis unverified,curated_alias,positive consumption; negative production,positive secretion; negative uptake
Keibler2021 extracellular fluxes,Trial 1,EV,False,0+Ab,1,Aspartate,0.7192958117823257,as reported in workbook; unit not stated on this sheet,EX_asp__L_e,-0.7192958117823257,-0.7192958117823257,mmol/gDW/h,direct numeric transfer per user instruction; source unit and biomass basis unverified,curated_alias,positive consumption; negative production,positive secretion; negative uptake
Keibler2021 extracellular fluxes,Trial 1,EV,False,0+Ab,1,Glucose,454.50569308062546,as reported in workbook; unit not stated on this sheet,EX_glc__D_e,-454.50569308062546,-454.50569308062546,mmol/gDW/h,direct numeric transfer per user instruction; source unit and biomass basis unverified,curated_alias,positive consumption; negative production,positive secretion; negative uptake
Keibler2021 extracellular fluxes,Trial 1,EV,False,0+Ab,1,Glutamate,1.165284663831494,as reported in workbook; unit not stated on this sheet,EX_glu__L_e,-1.165284663831494,-1.165284663831494,mmol/gDW/h,direct numeric transfer per user instruction; source unit and biomass basis unverified,exact_name_or_id,positive consumption; negative production,positive secretion; negative uptake
Keibler2021 extracellular fluxes,Trial 1,EV,False,0+Ab,1,Glutamine,5.586598337476437,as reported in workbook; unit not stated on this sheet,EX_gln__L_e,-5.586598337476437,-5.586598337476437,mmol/gDW/h,direct numeric transfer per user instruction; source unit and biomass basis unverified,exact_name_or_id,positive consumption; negative production,positive secretion; negative uptake
Keibler2021 extracellular fluxes,Trial 1,EV,False,0+Ab,1,Glycine,-10.357143364945436,as reported in workbook; unit not stated on this sheet,EX_gly_e,10.357143364945436,10.357143364945436,mmol/gDW/h,direct numeric transfer per user instruction; source unit and biomass basis unverified,exact_name_or_id,positive consumption; negative production,positive secretion; negative uptake
Keibler2021 extracellular fluxes,Trial 1,EV,False,0+Ab,1,Isoleucine,45.21242316505517,as reported in workbook; unit not stated on this sheet,EX_ile__L_e,-45.21242316505517,-45.21242316505517,mmol/gDW/h,direct numeric transfer per user instruction; source unit and biomass basis unverified,exact_name_or_id,positive consumption; negative production,positive secretion; negative uptake
Keibler2021 extracellular fluxes,Trial 1,EV,False,0+Ab,1,Lactate,-672.6474000526298,as reported in workbook; unit not stated on this sheet,EX_lac__L_e,672.6474000526298,672.6474000526298,mmol/gDW/h,direct numeric transfer per user instruction; source unit and biomass basis unverified,curated_alias,positive consumption; negative production,positive secretion; negative uptake
Keibler2021 extracellular fluxes,Trial 1,EV,False,0+Ab,1,Leucine,36.625778552637655,as reported in workbook; unit not stated on this sheet,EX_leu__L_e,-36.625778552637655,-36.625778552637655,mmol/gDW/h,direct numeric transfer per user instruction; source unit and biomass basis unverified,exact_name_or_id,positive consumption; negative production,positive secretion; negative uptake
Keibler2021 extracellular fluxes,Trial 1,EV,False,0+Ab,1,Lysine,2.595499834730322,as reported in workbook; unit not stated on this sheet,EX_lys__L_e,-2.595499834730322,-2.595499834730322,mmol/gDW/h,direct numeric transfer per user instruction; source unit and biomass basis unverified,exact_name_or_id,positive consumption; negative production,positive secretion; negative uptake
Keibler2021 extracellular fluxes,Trial 1,EV,False,0+Ab,1,Methionine,2.450580048163848,as reported in workbook; unit not stated on this sheet,EX_met__L_e,-2.450580048163848,-2.450580048163848,mmol/gDW/h,direct numeric transfer per user instruction; source unit and biomass basis unverified,exact_name_or_id,positive consumption; negative production,positive secretion; negative uptake
Keibler2021 extracellular fluxes,Trial 1,EV,False,0+Ab,1,Phenylalanine,-0.17639131326483976,as reported in workbook; unit not stated on this sheet,EX_phe__L_e,0.17639131326483976,0.17639131326483976,mmol/gDW/h,direct numeric transfer per user instruction; source unit and biomass basis unverified,exact_name_or_id,positive consumption; negative production,positive secretion; negative uptake
Keibler2021 extracellular fluxes,Trial 1,EV,False,0+Ab,1,Proline,-9.103316363791242,as reported in workbook; unit not stated on this sheet,EX_pro__L_e,9.103316363791242,9.103316363791242,mmol/gDW/h,direct numeric transfer per user instruction; source unit and biomass basis unverified,curated_alias,positive consumption; negative production,positive secretion; negative uptake
Keibler2021 extracellular fluxes,Trial 1,EV,False,0+Ab,1,Pyruvate,-50.62968925572755,as reported in workbook; unit not stated on this sheet,EX_pyr_e,50.62968925572755,50.62968925572755,mmol/gDW/h,direct numeric transfer per user instruction; source unit and biomass basis unverified,exact_name_or_id,positive consumption; negative production,positive secretion; negative uptake
Keibler2021 extracellular fluxes,Trial 1,EV,False,0+Ab,1,Serine,18.61422774917521,as reported in workbook; unit not stated on this sheet,EX_ser__L_e,-18.61422774917521,-18.61422774917521,mmol/gDW/h,direct numeric transfer per user instruction; source unit and biomass basis unverified,curated_alias,positive consumption; negative production,positive secretion; negative uptake
Keibler2021 extracellular fluxes,Trial 1,EV,False,0+Ab,1,Threonine,7.491154190516561,as reported in workbook; unit not stated on this sheet,EX_thr__L_e,-7.491154190516561,-7.491154190516561,mmol/gDW/h,direct numeric transfer per user instruction; source unit and biomass basis unverified,exact_name_or_id,positive consumption; negative production,positive secretion; negative uptake
Keibler2021 extracellular fluxes,Trial 1,EV,False,0+Ab,1,Tyrosine,0.9402684744205122,as reported in workbook; unit not stated on this sheet,EX_tyr__L_e,-0.9402684744205122,-0.9402684744205122,mmol/gDW/h,direct numeric transfer per user instruction; source unit and biomass basis unverified,exact_name_or_id,positive consumption; negative production,positive secretion; negative uptake
Keibler2021 extracellular fluxes,Trial 1,EV,False,0+Ab,1,Valine,18.944627919198176,as reported in workbook; unit not stated on this sheet,EX_val__L_e,-18.944627919198176,-18.944627919198176,mmol/gDW/h,direct numeric transfer per user instruction; source unit and biomass basis unverified,exact_name_or_id,positive consumption; negative production,positive secretion; negative uptake
Keibler2021 extracellular fluxes,Trial 1,EV,False,0+Ab,1,Growth Rate,0.0017494148301431063,as reported in workbook; unit not stated on this sheet,,,,,not applicable,not_exchange_metabolite,positive consumption; negative production,positive secretion; negative uptake
Keibler2021 extracellular fluxes,Trial 1,EV,False,0+Ab,2,Alanine,-37.1638245447405,as reported in workbook; unit not stated on this sheet,EX_ala__L_e,37.1638245447405,37.1638245447405,mmol/gDW/h,direct numeric transfer per user instruction; source unit and biomass basis unverified,curated_alias,positive consumption; negative production,positive secretion; negative uptake
Keibler2021 extracellular fluxes,Trial 1,EV,False,0+Ab,2,Aspartate,0.4840284021607915,as reported in workbook; unit not stated on this sheet,EX_asp__L_e,-0.4840284021607915,-0.4840284021607915,mmol/gDW/h,direct numeric transfer per user instruction; source unit and biomass basis unverified,curated_alias,positive consumption; negative production,positive secretion; negative uptake
Keibler2021 extracellular fluxes,Trial 1,EV,False,0+Ab,2,Glucose,450.54769951846305,as reported in workbook; unit not stated on this sheet,EX_glc__D_e,-450.54769951846305,-450.54769951846305,mmol/gDW/h,direct numeric transfer per user instruction; source unit and biomass basis unverified,curated_alias,positive consumption; negative production,positive secretion; negative uptake
Keibler2021 extracellular fluxes,Trial 1,EV,False,0+Ab,2,Glutamate,1.229843611706417,as reported in workbook; unit not stated on this sheet,EX_glu__L_e,-1.229843611706417,-1.229843611706417,mmol/gDW/h,direct numeric transfer per user instruction; source unit and biomass basis unverified,exact_name_or_id,positive consumption; negative production,positive secretion; negative uptake
Keibler2021 extracellular fluxes,Trial 1,EV,False,0+Ab,2,Glutamine,6.912716580614256,as reported in workbook; unit not stated on this sheet,EX_gln__L_e,-6.912716580614256,-6.912716580614256,mmol/gDW/h,direct numeric transfer per user instruction; source unit and biomass basis unverified,exact_name_or_id,positive consumption; negative production,positive secretion; negative uptake
Keibler2021 extracellular fluxes,Trial 1,EV,False,0+Ab,2,Glycine,-9.222379807407592,as reported in workbook; unit not stated on this sheet,EX_gly_e,9.222379807407592,9.222379807407592,mmol/gDW/h,direct numeric transfer per user instruction; source unit and biomass basis unverified,exact_name_or_id,positive consumption; negative production,positive secretion; negative uptake
Keibler2021 extracellular fluxes,Trial 1,EV,False,0+Ab,2,Isoleucine,47.03350331718048,as reported in workbook; unit not stated on this sheet,EX_ile__L_e,-47.03350331718048,-47.03350331718048,mmol/gDW/h,direct numeric transfer per user instruction; source unit and biomass basis unverified,exact_name_or_id,positive consumption; negative production,positive secretion; negative uptake
Keibler2021 extracellular fluxes,Trial 1,EV,False,0+Ab,2,Lactate,-650.1156666528942,as reported in workbook; unit not stated on this sheet,EX_lac__L_e,650.1156666528942,650.1156666528942,mmol/gDW/h,direct numeric transfer per user instruction; source unit and biomass basis unverified,curated_alias,positive consumption; negative production,positive secretion; negative uptake
Keibler2021 extracellular fluxes,Trial 1,EV,False,0+Ab,2,Leucine,39.10409204886646,as reported in workbook; unit not stated on this sheet,EX_leu__L_e,-39.10409204886646,-39.10409204886646,mmol/gDW/h,direct numeric transfer per user instruction; source unit and biomass basis unverified,exact_name_or_id,positive consumption; negative production,positive secretion; negative uptake
Keibler2021 extracellular fluxes,Trial 1,EV,False,0+Ab,2,Lysine,5.866364486626641,as reported in workbook; unit not stated on this sheet,EX_lys__L_e,-5.866364486626641,-5.866364486626641,mmol/gDW/h,direct numeric transfer per user instruction; source unit and biomass basis unverified,exact_name_or_id,positive consumption; negative production,positive secretion; negative uptake
Keibler2021 extracellular fluxes,Trial 1,EV,False,0+Ab,2,Methionine,1.5341132272651428,as reported in workbook; unit not stated on this sheet,EX_met__L_e,-1.5341132272651428,-1.5341132272651428,mmol/gDW/h,direct numeric transfer per user instruction; source unit and biomass basis unverified,exact_name_or_id,positive consumption; negative production,positive secretion; negative uptake
Keibler2021 extracellular fluxes,Trial 1,EV,False,0+Ab,2,Phenylalanine,2.7509158497742594,as reported in workbook; unit not stated on this sheet,EX_phe__L_e,-2.7509158497742594,-2.7509158497742594,mmol/gDW/h,direct numeric transfer per user instruction; source unit and biomass basis unverified,exact_name_or_id,positive consumption; negative production,positive secretion; negative uptake
Keibler2021 extracellular fluxes,Trial 1,EV,False,0+Ab,2,Proline,-7.977818959827121,as reported in workbook; unit not stated on this sheet,EX_pro__L_e,7.977818959827121,7.977818959827121,mmol/gDW/h,direct numeric transfer per user instruction; source unit and biomass basis unverified,curated_alias,positive consumption; negative production,positive secretion; negative uptake
Keibler2021 extracellular fluxes,Trial 1,EV,False,0+Ab,2,Pyruvate,-48.56468366620377,as reported in workbook; unit not stated on this sheet,EX_pyr_e,48.56468366620377,48.56468366620377,mmol/gDW/h,direct numeric transfer per user instruction; source unit and biomass basis unverified,exact_name_or_id,positive consumption; negative production,positive secretion; negative uptake
Keibler2021 extracellular fluxes,Trial 1,EV,False,0+Ab,2,Serine,18.858514579293324,as reported in workbook; unit not stated on this sheet,EX_ser__L_e,-18.858514579293324,-18.858514579293324,mmol/gDW/h,direct numeric transfer per user instruction; source unit and biomass basis unverified,curated_alias,positive consumption; negative production,positive secretion; negative uptake
Keibler2021 extracellular fluxes,Trial 1,EV,False,0+Ab,2,Threonine,5.698652905885642,as reported in workbook; unit not stated on this sheet,EX_thr__L_e,-5.698652905885642,-5.698652905885642,mmol/gDW/h,direct numeric transfer per user instruction; source unit and biomass basis unverified,exact_name_or_id,positive consumption; negative production,positive secretion; negative uptake
Keibler2021 extracellular fluxes,Trial 1,EV,False,0+Ab,2,Tyrosine,3.3641336395484567,as reported in workbook; unit not stated on this sheet,EX_tyr__L_e,-3.3641336395484567,-3.3641336395484567,mmol/gDW/h,direct numeric transfer per user instruction; source unit and biomass basis unverified,exact_name_or_id,positive consumption; negative production,positive secretion; negative uptake
Keibler2021 extracellular fluxes,Trial 1,EV,False,0+Ab,2,Valine,20.945614648530935,as reported in workbook; unit not stated on this sheet,EX_val__L_e,-20.945614648530935,-20.945614648530935,mmol/gDW/h,direct numeric transfer per user instruction; source unit and biomass basis unverified,exact_name_or_id,positive consumption; negative production,positive secretion; negative uptake
Keibler2021 extracellular fluxes,Trial 1,EV,False,0+Ab,2,Growth Rate,0.002133290567523143,as reported in workbook; unit not stated on this sheet,,,,,not applicable,not_exchange_metabolite,positive consumption; negative production,positive secretion; negative uptake
Keibler2021 extracellular fluxes,Trial 1,EV,False,0+Ab,3,Alanine,-36.177382922900485,as reported in workbook; unit not stated on this sheet,EX_ala__L_e,36.177382922900485,36.177382922900485,mmol/gDW/h,direct numeric transfer per user instruction; source unit and biomass basis unverified,curated_alias,positive consumption; negative production,positive secretion; negative uptake
Keibler2021 extracellular fluxes,Trial 1,EV,False,0+Ab,3,Aspartate,0.4490407455450227,as reported in workbook; unit not stated on this sheet,EX_asp__L_e,-0.4490407455450227,-0.4490407455450227,mmol/gDW/h,direct numeric transfer per user instruction; source unit and biomass basis unverified,curated_alias,positive consumption; negative production,positive secretion; negative uptake
Keibler2021 extracellular fluxes,Trial 1,EV,False,0+Ab,3,Glucose,427.09053784532597,as reported in workbook; unit not stated on this sheet,EX_glc__D_e,-427.09053784532597,-427.09053784532597,mmol/gDW/h,direct numeric transfer per user instruction; source unit and biomass basis unverified,curated_alias,positive consumption; negative production,positive secretion; negative uptake
Keibler2021 extracellular fluxes,Trial 1,EV,False,0+Ab,3,Glutamate,1.221542277917439,as reported in workbook; unit not stated on this sheet,EX_glu__L_e,-1.221542277917439,-1.221542277917439,mmol/gDW/h,direct numeric transfer per user instruction; source unit and biomass basis unverified,exact_name_or_id,positive consumption; negative production,positive secretion; negative uptake
Keibler2021 extracellular fluxes,Trial 1,EV,False,0+Ab,3,Glutamine,5.925295688393832,as reported in workbook; unit not stated on this sheet,EX_gln__L_e,-5.925295688393832,-5.925295688393832,mmol/gDW/h,direct numeric transfer per user instruction; source unit and biomass basis unverified,exact_name_or_id,positive consumption; negative production,positive secretion; negative uptake
Keibler2021 extracellular fluxes,Trial 1,EV,False,0+Ab,3,Glycine,-9.835433271945968,as reported in workbook; unit not stated on this sheet,EX_gly_e,9.835433271945968,9.835433271945968,mmol/gDW/h,direct numeric transfer per user instruction; source unit and biomass basis unverified,exact_name_or_id,positive consumption; negative production,positive secretion; negative uptake
Keibler2021 extracellular fluxes,Trial 1,EV,False,0+Ab,3,Isoleucine,44.98733456655515,as reported in workbook; unit not stated on this sheet,EX_ile__L_e,-44.98733456655515,-44.98733456655515,mmol/gDW/h,direct numeric transfer per user instruction; source unit and biomass basis unverified,exact_name_or_id,positive consumption; negative production,positive secretion; negative uptake
Keibler2021 extracellular fluxes,Trial 1,EV,False,0+Ab,3,Lactate,-649.3094570085522,as reported in workbook; unit not stated on this sheet,EX_lac__L_e,649.3094570085522,649.3094570085522,mmol/gDW/h,direct numeric transfer per user instruction; source unit and biomass basis unverified,curated_alias,positive consumption; negative production,positive secretion; negative uptake
Keibler2021 extracellular fluxes,Trial 1,EV,False,0+Ab,3,Leucine,37.79140519358518,as reported in workbook; unit not stated on this sheet,EX_leu__L_e,-37.79140519358518,-37.79140519358518,mmol/gDW/h,direct numeric transfer per user instruction; source unit and biomass basis unverified,exact_name_or_id,positive consumption; negative production,positive secretion; negative uptake
Keibler2021 extracellular fluxes,Trial 1,EV,False,0+Ab,3,Lysine,2.893522448850119,as reported in workbook; unit not stated on this sheet,EX_lys__L_e,-2.893522448850119,-2.893522448850119,mmol/gDW/h,direct numeric transfer per user instruction; source unit and biomass basis unverified,exact_name_or_id,positive consumption; negative production,positive secretion; negative uptake
Keibler2021 extracellular fluxes,Trial 1,EV,False,0+Ab,3,Methionine,0.983305606369171,as reported in workbook; unit not stated on this sheet,EX_met__L_e,-0.983305606369171,-0.983305606369171,mmol/gDW/h,direct numeric transfer per user instruction; source unit and biomass basis unverified,exact_name_or_id,positive consumption; negative production,positive secretion; negative uptake
Keibler2021 extracellular fluxes,Trial 1,EV,False,0+Ab,3,Phenylalanine,1.9057461388679495,as reported in workbook; unit not stated on this sheet,EX_phe__L_e,-1.9057461388679495,-1.9057461388679495,mmol/gDW/h,direct numeric transfer per user instruction; source unit and biomass basis unverified,exact_name_or_id,positive consumption; negative production,positive secretion; negative uptake
Keibler2021 extracellular fluxes,Trial 1,EV,False,0+Ab,3,Proline,-8.42861064618544,as reported in workbook; unit not stated on this sheet,EX_pro__L_e,8.42861064618544,8.42861064618544,mmol/gDW/h,direct numeric transfer per user instruction; source unit and biomass basis unverified,curated_alias,positive consumption; negative production,positive secretion; negative uptake
Keibler2021 extracellular fluxes,Trial 1,EV,False,0+Ab,3,Pyruvate,-48.804577457474316,as reported in workbook; unit not stated on this sheet,EX_pyr_e,48.804577457474316,48.804577457474316,mmol/gDW/h,direct numeric transfer per user instruction; source unit and biomass basis unverified,exact_name_or_id,positive consumption; negative production,positive secretion; negative uptake
Keibler2021 extracellular fluxes,Trial 1,EV,False,0+Ab,3,Serine,18.36127546261417,as reported in workbook; unit not stated on this sheet,EX_ser__L_e,-18.36127546261417,-18.36127546261417,mmol/gDW/h,direct numeric transfer per user instruction; source unit and biomass basis unverified,curated_alias,positive consumption; negative production,positive secretion; negative uptake
Keibler2021 extracellular fluxes,Trial 1,EV,False,0+Ab,3,Threonine,9.111618600812834,as reported in workbook; unit not stated on this sheet,EX_thr__L_e,-9.111618600812834,-9.111618600812834,mmol/gDW/h,direct numeric transfer per user instruction; source unit and biomass basis unverified,exact_name_or_id,positive consumption; negative production,positive secretion; negative uptake
Keibler2021 extracellular fluxes,Trial 1,EV,False,0+Ab,3,Tyrosine,3.62084836892371,as reported in workbook; unit not stated on this sheet,EX_tyr__L_e,-3.62084836892371,-3.62084836892371,mmol/gDW/h,direct numeric transfer per user instruction; source unit and biomass basis unverified,exact_name_or_id,positive consumption; negative production,positive secretion; negative uptake
Keibler2021 extracellular fluxes,Trial 1,EV,False,0+Ab,3,Valine,20.31618408950344,as reported in workbook; unit not stated on this sheet,EX_val__L_e,-20.31618408950344,-20.31618408950344,mmol/gDW/h,direct numeric transfer per user instruction; source unit and biomass basis unverified,exact_name_or_id,positive consumption; negative production,positive secretion; negative uptake
Keibler2021 extracellular fluxes,Trial 1,EV,False,0+Ab,3,Growth Rate,0.002187663461287268,as reported in workbook; unit not stated on this sheet,,,,,not applicable,not_exchange_metabolite,positive consumption; negative production,positive secretion; negative uptake
Keibler2021 extracellular fluxes,Trial 1,KRAS,False,5,1,Alanine,-70.52881973548423,as reported in workbook; unit not stated on this sheet,EX_ala__L_e,70.52881973548423,70.52881973548423,mmol/gDW/h,direct numeric transfer per user instruction; source unit and biomass basis unverified,curated_alias,positive consumption; negative production,positive secretion; negative uptake
Keibler2021 extracellular fluxes,Trial 1,KRAS,False,5,1,Aspartate,-11.055482923358266,as reported in workbook; unit not stated on this sheet,EX_asp__L_e,11.055482923358266,11.055482923358266,mmol/gDW/h,direct numeric transfer per user instruction; source unit and biomass basis unverified,curated_alias,positive consumption; negative production,positive secretion; negative uptake
Keibler2021 extracellular fluxes,Trial 1,KRAS,False,5,1,Glucose,1671.1573105044426,as reported in workbook; unit not stated on this sheet,EX_glc__D_e,-1671.1573105044426,-1671.1573105044426,mmol/gDW/h,direct numeric transfer per user instruction; source unit and biomass basis unverified,curated_alias,positive consumption; negative production,positive secretion; negative uptake
Keibler2021 extracellular fluxes,Trial 1,KRAS,False,5,1,Glutamate,-140.24128285039723,as reported in workbook; unit not stated on this sheet,EX_glu__L_e,140.24128285039723,140.24128285039723,mmol/gDW/h,direct numeric transfer per user instruction; source unit and biomass basis unverified,exact_name_or_id,positive consumption; negative production,positive secretion; negative uptake
Keibler2021 extracellular fluxes,Trial 1,KRAS,False,5,1,Glutamine,218.68857297462057,as reported in workbook; unit not stated on this sheet,EX_gln__L_e,-218.68857297462057,-218.68857297462057,mmol/gDW/h,direct numeric transfer per user instruction; source unit and biomass basis unverified,exact_name_or_id,positive consumption; negative production,positive secretion; negative uptake
Keibler2021 extracellular fluxes,Trial 1,KRAS,False,5,1,Glycine,16.11172869143886,as reported in workbook; unit not stated on this sheet,EX_gly_e,-16.11172869143886,-16.11172869143886,mmol/gDW/h,direct numeric transfer per user instruction; source unit and biomass basis unverified,exact_name_or_id,positive consumption; negative production,positive secretion; negative uptake
Keibler2021 extracellular fluxes,Trial 1,KRAS,False,5,1,Isoleucine,36.89740802734708,as reported in workbook; unit not stated on this sheet,EX_ile__L_e,-36.89740802734708,-36.89740802734708,mmol/gDW/h,direct numeric transfer per user instruction; source unit and biomass basis unverified,exact_name_or_id,positive consumption; negative production,positive secretion; negative uptake
Keibler2021 extracellular fluxes,Trial 1,KRAS,False,5,1,Lactate,-2772.852236662196,as reported in workbook; unit not stated on this sheet,EX_lac__L_e,2772.852236662196,2772.852236662196,mmol/gDW/h,direct numeric transfer per user instruction; source unit and biomass basis unverified,curated_alias,positive consumption; negative production,positive secretion; negative uptake
Keibler2021 extracellular fluxes,Trial 1,KRAS,False,5,1,Leucine,40.36089233205267,as reported in workbook; unit not stated on this sheet,EX_leu__L_e,-40.36089233205267,-40.36089233205267,mmol/gDW/h,direct numeric transfer per user instruction; source unit and biomass basis unverified,exact_name_or_id,positive consumption; negative production,positive secretion; negative uptake
Keibler2021 extracellular fluxes,Trial 1,KRAS,False,5,1,Lysine,8.885313982483842,as reported in workbook; unit not stated on this sheet,EX_lys__L_e,-8.885313982483842,-8.885313982483842,mmol/gDW/h,direct numeric transfer per user instruction; source unit and biomass basis unverified,exact_name_or_id,positive consumption; negative production,positive secretion; negative uptake
Keibler2021 extracellular fluxes,Trial 1,KRAS,False,5,1,Methionine,8.109670649463085,as reported in workbook; unit not stated on this sheet,EX_met__L_e,-8.109670649463085,-8.109670649463085,mmol/gDW/h,direct numeric transfer per user instruction; source unit and biomass basis unverified,exact_name_or_id,positive consumption; negative production,positive secretion; negative uptake
Keibler2021 extracellular fluxes,Trial 1,KRAS,False,5,1,Phenylalanine,6.223942214773143,as reported in workbook; unit not stated on this sheet,EX_phe__L_e,-6.223942214773143,-6.223942214773143,mmol/gDW/h,direct numeric transfer per user instruction; source unit and biomass basis unverified,exact_name_or_id,positive consumption; negative production,positive secretion; negative uptake
Keibler2021 extracellular fluxes,Trial 1,KRAS,False,5,1,Proline,-12.821918310317121,as reported in workbook; unit not stated on this sheet,EX_pro__L_e,12.821918310317121,12.821918310317121,mmol/gDW/h,direct numeric transfer per user instruction; source unit and biomass basis unverified,curated_alias,positive consumption; negative production,positive secretion; negative uptake
Keibler2021 extracellular fluxes,Trial 1,KRAS,False,5,1,Pyruvate,-83.51232599835075,as reported in workbook; unit not stated on this sheet,EX_pyr_e,83.51232599835075,83.51232599835075,mmol/gDW/h,direct numeric transfer per user instruction; source unit and biomass basis unverified,exact_name_or_id,positive consumption; negative production,positive secretion; negative uptake
Keibler2021 extracellular fluxes,Trial 1,KRAS,False,5,1,Serine,31.578507166246418,as reported in workbook; unit not stated on this sheet,EX_ser__L_e,-31.578507166246418,-31.578507166246418,mmol/gDW/h,direct numeric transfer per user instruction; source unit and biomass basis unverified,curated_alias,positive consumption; negative production,positive secretion; negative uptake
Keibler2021 extracellular fluxes,Trial 1,KRAS,False,5,1,Threonine,14.283495656902593,as reported in workbook; unit not stated on this sheet,EX_thr__L_e,-14.283495656902593,-14.283495656902593,mmol/gDW/h,direct numeric transfer per user instruction; source unit and biomass basis unverified,exact_name_or_id,positive consumption; negative production,positive secretion; negative uptake
Keibler2021 extracellular fluxes,Trial 1,KRAS,False,5,1,Tyrosine,9.663080067781134,as reported in workbook; unit not stated on this sheet,EX_tyr__L_e,-9.663080067781134,-9.663080067781134,mmol/gDW/h,direct numeric transfer per user instruction; source unit and biomass basis unverified,exact_name_or_id,positive consumption; negative production,positive secretion; negative uptake
Keibler2021 extracellular fluxes,Trial 1,KRAS,False,5,1,Valine,19.218023108101427,as reported in workbook; unit not stated on this sheet,EX_val__L_e,-19.218023108101427,-19.218023108101427,mmol/gDW/h,direct numeric transfer per user instruction; source unit and biomass basis unverified,exact_name_or_id,positive consumption; negative production,positive secretion; negative uptake
Keibler2021 extracellular fluxes,Trial 1,KRAS,False,5,1,Growth Rate,0.01944919949910885,as reported in workbook; unit not stated on this sheet,,,,,not applicable,not_exchange_metabolite,positive consumption; negative production,positive secretion; negative uptake
Keibler2021 extracellular fluxes,Trial 1,KRAS,False,5,2,Alanine,-67.96560100640748,as reported in workbook; unit not stated on this sheet,EX_ala__L_e,67.96560100640748,67.96560100640748,mmol/gDW/h,direct numeric transfer per user instruction; source unit and biomass basis unverified,curated_alias,positive consumption; negative production,positive secretion; negative uptake
Keibler2021 extracellular fluxes,Trial 1,KRAS,False,5,2,Aspartate,-10.209058534456396,as reported in workbook; unit not stated on this sheet,EX_asp__L_e,10.209058534456396,10.209058534456396,mmol/gDW/h,direct numeric transfer per user instruction; source unit and biomass basis unverified,curated_alias,positive consumption; negative production,positive secretion; negative uptake
Keibler2021 extracellular fluxes,Trial 1,KRAS,False,5,2,Glucose,1614.9888430649207,as reported in workbook; unit not stated on this sheet,EX_glc__D_e,-1614.9888430649207,-1614.9888430649207,mmol/gDW/h,direct numeric transfer per user instruction; source unit and biomass basis unverified,curated_alias,positive consumption; negative production,positive secretion; negative uptake
Keibler2021 extracellular fluxes,Trial 1,KRAS,False,5,2,Glutamate,-133.81743596654297,as reported in workbook; unit not stated on this sheet,EX_glu__L_e,133.81743596654297,133.81743596654297,mmol/gDW/h,direct numeric transfer per user instruction; source unit and biomass basis unverified,exact_name_or_id,positive consumption; negative production,positive secretion; negative uptake
Keibler2021 extracellular fluxes,Trial 1,KRAS,False,5,2,Glutamine,221.50556554962606,as reported in workbook; unit not stated on this sheet,EX_gln__L_e,-221.50556554962606,-221.50556554962606,mmol/gDW/h,direct numeric transfer per user instruction; source unit and biomass basis unverified,exact_name_or_id,positive consumption; negative production,positive secretion; negative uptake
Keibler2021 extracellular fluxes,Trial 1,KRAS,False,5,2,Glycine,17.536094873143576,as reported in workbook; unit not stated on this sheet,EX_gly_e,-17.536094873143576,-17.536094873143576,mmol/gDW/h,direct numeric transfer per user instruction; source unit and biomass basis unverified,exact_name_or_id,positive consumption; negative production,positive secretion; negative uptake
Keibler2021 extracellular fluxes,Trial 1,KRAS,False,5,2,Isoleucine,38.07169212622512,as reported in workbook; unit not stated on this sheet,EX_ile__L_e,-38.07169212622512,-38.07169212622512,mmol/gDW/h,direct numeric transfer per user instruction; source unit and biomass basis unverified,exact_name_or_id,positive consumption; negative production,positive secretion; negative uptake
Keibler2021 extracellular fluxes,Trial 1,KRAS,False,5,2,Lactate,-2705.2021129483187,as reported in workbook; unit not stated on this sheet,EX_lac__L_e,2705.2021129483187,2705.2021129483187,mmol/gDW/h,direct numeric transfer per user instruction; source unit and biomass basis unverified,curated_alias,positive consumption; negative production,positive secretion; negative uptake
Keibler2021 extracellular fluxes,Trial 1,KRAS,False,5,2,Leucine,40.655043569746375,as reported in workbook; unit not stated on this sheet,EX_leu__L_e,-40.655043569746375,-40.655043569746375,mmol/gDW/h,direct numeric transfer per user instruction; source unit and biomass basis unverified,exact_name_or_id,positive consumption; negative production,positive secretion; negative uptake
Keibler2021 extracellular fluxes,Trial 1,KRAS,False,5,2,Lysine,10.83201919856344,as reported in workbook; unit not stated on this sheet,EX_lys__L_e,-10.83201919856344,-10.83201919856344,mmol/gDW/h,direct numeric transfer per user instruction; source unit and biomass basis unverified,exact_name_or_id,positive consumption; negative production,positive secretion; negative uptake
Keibler2021 extracellular fluxes,Trial 1,KRAS,False,5,2,Methionine,6.344275492092255,as reported in workbook; unit not stated on this sheet,EX_met__L_e,-6.344275492092255,-6.344275492092255,mmol/gDW/h,direct numeric transfer per user instruction; source unit and biomass basis unverified,exact_name_or_id,positive consumption; negative production,positive secretion; negative uptake
Keibler2021 extracellular fluxes,Trial 1,KRAS,False,5,2,Phenylalanine,7.921047453448034,as reported in workbook; unit not stated on this sheet,EX_phe__L_e,-7.921047453448034,-7.921047453448034,mmol/gDW/h,direct numeric transfer per user instruction; source unit and biomass basis unverified,exact_name_or_id,positive consumption; negative production,positive secretion; negative uptake
Keibler2021 extracellular fluxes,Trial 1,KRAS,False,5,2,Proline,-12.224333370457348,as reported in workbook; unit not stated on this sheet,EX_pro__L_e,12.224333370457348,12.224333370457348,mmol/gDW/h,direct numeric transfer per user instruction; source unit and biomass basis unverified,curated_alias,positive consumption; negative production,positive secretion; negative uptake
Keibler2021 extracellular fluxes,Trial 1,KRAS,False,5,2,Pyruvate,-79.1993547326673,as reported in workbook; unit not stated on this sheet,EX_pyr_e,79.1993547326673,79.1993547326673,mmol/gDW/h,direct numeric transfer per user instruction; source unit and biomass basis unverified,exact_name_or_id,positive consumption; negative production,positive secretion; negative uptake
Keibler2021 extracellular fluxes,Trial 1,KRAS,False,5,2,Serine,30.590007841238204,as reported in workbook; unit not stated on this sheet,EX_ser__L_e,-30.590007841238204,-30.590007841238204,mmol/gDW/h,direct numeric transfer per user instruction; source unit and biomass basis unverified,curated_alias,positive consumption; negative production,positive secretion; negative uptake
Keibler2021 extracellular fluxes,Trial 1,KRAS,False,5,2,Threonine,13.707372477663853,as reported in workbook; unit not stated on this sheet,EX_thr__L_e,-13.707372477663853,-13.707372477663853,mmol/gDW/h,direct numeric transfer per user instruction; source unit and biomass basis unverified,exact_name_or_id,positive consumption; negative production,positive secretion; negative uptake
Keibler2021 extracellular fluxes,Trial 1,KRAS,False,5,2,Tyrosine,6.012910378337571,as reported in workbook; unit not stated on this sheet,EX_tyr__L_e,-6.012910378337571,-6.012910378337571,mmol/gDW/h,direct numeric transfer per user instruction; source unit and biomass basis unverified,exact_name_or_id,positive consumption; negative production,positive secretion; negative uptake
Keibler2021 extracellular fluxes,Trial 1,KRAS,False,5,2,Valine,24.76734750949979,as reported in workbook; unit not stated on this sheet,EX_val__L_e,-24.76734750949979,-24.76734750949979,mmol/gDW/h,direct numeric transfer per user instruction; source unit and biomass basis unverified,exact_name_or_id,positive consumption; negative production,positive secretion; negative uptake
Keibler2021 extracellular fluxes,Trial 1,KRAS,False,5,2,Growth Rate,0.02077461151405067,as reported in workbook; unit not stated on this sheet,,,,,not applicable,not_exchange_metabolite,positive consumption; negative production,positive secretion; negative uptake
Keibler2021 extracellular fluxes,Trial 1,KRAS,False,5,3,Alanine,-68.2897200099685,as reported in workbook; unit not stated on this sheet,EX_ala__L_e,68.2897200099685,68.2897200099685,mmol/gDW/h,direct numeric transfer per user instruction; source unit and biomass basis unverified,curated_alias,positive consumption; negative production,positive secretion; negative uptake
Keibler2021 extracellular fluxes,Trial 1,KRAS,False,5,3,Aspartate,-10.306960966163562,as reported in workbook; unit not stated on this sheet,EX_asp__L_e,10.306960966163562,10.306960966163562,mmol/gDW/h,direct numeric transfer per user instruction; source unit and biomass basis unverified,curated_alias,positive consumption; negative production,positive secretion; negative uptake
Keibler2021 extracellular fluxes,Trial 1,KRAS,False,5,3,Glucose,1612.4230267997339,as reported in workbook; unit not stated on this sheet,EX_glc__D_e,-1612.4230267997339,-1612.4230267997339,mmol/gDW/h,direct numeric transfer per user instruction; source unit and biomass basis unverified,curated_alias,positive consumption; negative production,positive secretion; negative uptake
Keibler2021 extracellular fluxes,Trial 1,KRAS,False,5,3,Glutamate,-130.3030472409104,as reported in workbook; unit not stated on this sheet,EX_glu__L_e,130.3030472409104,130.3030472409104,mmol/gDW/h,direct numeric transfer per user instruction; source unit and biomass basis unverified,exact_name_or_id,positive consumption; negative production,positive secretion; negative uptake
Keibler2021 extracellular fluxes,Trial 1,KRAS,False,5,3,Glutamine,216.18736507751277,as reported in workbook; unit not stated on this sheet,EX_gln__L_e,-216.18736507751277,-216.18736507751277,mmol/gDW/h,direct numeric transfer per user instruction; source unit and biomass basis unverified,exact_name_or_id,positive consumption; negative production,positive secretion; negative uptake
Keibler2021 extracellular fluxes,Trial 1,KRAS,False,5,3,Glycine,17.008872635244956,as reported in workbook; unit not stated on this sheet,EX_gly_e,-17.008872635244956,-17.008872635244956,mmol/gDW/h,direct numeric transfer per user instruction; source unit and biomass basis unverified,exact_name_or_id,positive consumption; negative production,positive secretion; negative uptake
Keibler2021 extracellular fluxes,Trial 1,KRAS,False,5,3,Isoleucine,37.75612065021522,as reported in workbook; unit not stated on this sheet,EX_ile__L_e,-37.75612065021522,-37.75612065021522,mmol/gDW/h,direct numeric transfer per user instruction; source unit and biomass basis unverified,exact_name_or_id,positive consumption; negative production,positive secretion; negative uptake
Keibler2021 extracellular fluxes,Trial 1,KRAS,False,5,3,Lactate,-2718.102865686418,as reported in workbook; unit not stated on this sheet,EX_lac__L_e,2718.102865686418,2718.102865686418,mmol/gDW/h,direct numeric transfer per user instruction; source unit and biomass basis unverified,curated_alias,positive consumption; negative production,positive secretion; negative uptake
Keibler2021 extracellular fluxes,Trial 1,KRAS,False,5,3,Leucine,41.2915823669945,as reported in workbook; unit not stated on this sheet,EX_leu__L_e,-41.2915823669945,-41.2915823669945,mmol/gDW/h,direct numeric transfer per user instruction; source unit and biomass basis unverified,exact_name_or_id,positive consumption; negative production,positive secretion; negative uptake
Keibler2021 extracellular fluxes,Trial 1,KRAS,False,5,3,Lysine,12.11628495720531,as reported in workbook; unit not stated on this sheet,EX_lys__L_e,-12.11628495720531,-12.11628495720531,mmol/gDW/h,direct numeric transfer per user instruction; source unit and biomass basis unverified,exact_name_or_id,positive consumption; negative production,positive secretion; negative uptake
Keibler2021 extracellular fluxes,Trial 1,KRAS,False,5,3,Methionine,6.909412191517048,as reported in workbook; unit not stated on this sheet,EX_met__L_e,-6.909412191517048,-6.909412191517048,mmol/gDW/h,direct numeric transfer per user instruction; source unit and biomass basis unverified,exact_name_or_id,positive consumption; negative production,positive secretion; negative uptake
Keibler2021 extracellular fluxes,Trial 1,KRAS,False,5,3,Phenylalanine,7.994430073494769,as reported in workbook; unit not stated on this sheet,EX_phe__L_e,-7.994430073494769,-7.994430073494769,mmol/gDW/h,direct numeric transfer per user instruction; source unit and biomass basis unverified,exact_name_or_id,positive consumption; negative production,positive secretion; negative uptake
Keibler2021 extracellular fluxes,Trial 1,KRAS,False,5,3,Proline,-11.90297549798967,as reported in workbook; unit not stated on this sheet,EX_pro__L_e,11.90297549798967,11.90297549798967,mmol/gDW/h,direct numeric transfer per user instruction; source unit and biomass basis unverified,curated_alias,positive consumption; negative production,positive secretion; negative uptake
Keibler2021 extracellular fluxes,Trial 1,KRAS,False,5,3,Pyruvate,-81.60197103177623,as reported in workbook; unit not stated on this sheet,EX_pyr_e,81.60197103177623,81.60197103177623,mmol/gDW/h,direct numeric transfer per user instruction; source unit and biomass basis unverified,exact_name_or_id,positive consumption; negative production,positive secretion; negative uptake
Keibler2021 extracellular fluxes,Trial 1,KRAS,False,5,3,Serine,31.46296187042047,as reported in workbook; unit not stated on this sheet,EX_ser__L_e,-31.46296187042047,-31.46296187042047,mmol/gDW/h,direct numeric transfer per user instruction; source unit and biomass basis unverified,curated_alias,positive consumption; negative production,positive secretion; negative uptake
Keibler2021 extracellular fluxes,Trial 1,KRAS,False,5,3,Threonine,19.241515168427885,as reported in workbook; unit not stated on this sheet,EX_thr__L_e,-19.241515168427885,-19.241515168427885,mmol/gDW/h,direct numeric transfer per user instruction; source unit and biomass basis unverified,exact_name_or_id,positive consumption; negative production,positive secretion; negative uptake
Keibler2021 extracellular fluxes,Trial 1,KRAS,False,5,3,Tyrosine,5.5740085357531814,as reported in workbook; unit not stated on this sheet,EX_tyr__L_e,-5.5740085357531814,-5.5740085357531814,mmol/gDW/h,direct numeric transfer per user instruction; source unit and biomass basis unverified,exact_name_or_id,positive consumption; negative production,positive secretion; negative uptake
Keibler2021 extracellular fluxes,Trial 1,KRAS,False,5,3,Valine,24.219081209073014,as reported in workbook; unit not stated on this sheet,EX_val__L_e,-24.219081209073014,-24.219081209073014,mmol/gDW/h,direct numeric transfer per user instruction; source unit and biomass basis unverified,exact_name_or_id,positive consumption; negative production,positive secretion; negative uptake
Keibler2021 extracellular fluxes,Trial 1,KRAS,False,5,3,Growth Rate,0.020590827993138435,as reported in workbook; unit not stated on this sheet,,,,,not applicable,not_exchange_metabolite,positive consumption; negative production,positive secretion; negative uptake
Keibler2021 extracellular fluxes,Trial 1,KRAS,False,0,1,Alanine,-56.601315187777175,as reported in workbook; unit not stated on this sheet,EX_ala__L_e,56.601315187777175,56.601315187777175,mmol/gDW/h,direct numeric transfer per user instruction; source unit and biomass basis unverified,curated_alias,positive consumption; negative production,positive secretion; negative uptake
Keibler2021 extracellular fluxes,Trial 1,KRAS,False,0,1,Aspartate,-1.9767610389911738,as reported in workbook; unit not stated on this sheet,EX_asp__L_e,1.9767610389911738,1.9767610389911738,mmol/gDW/h,direct numeric transfer per user instruction; source unit and biomass basis unverified,curated_alias,positive consumption; negative production,positive secretion; negative uptake
Keibler2021 extracellular fluxes,Trial 1,KRAS,False,0,1,Glucose,1044.0840444943192,as reported in workbook; unit not stated on this sheet,EX_glc__D_e,-1044.0840444943192,-1044.0840444943192,mmol/gDW/h,direct numeric transfer per user instruction; source unit and biomass basis unverified,curated_alias,positive consumption; negative production,positive secretion; negative uptake
Keibler2021 extracellular fluxes,Trial 1,KRAS,False,0,1,Glutamate,-46.87033233880139,as reported in workbook; unit not stated on this sheet,EX_glu__L_e,46.87033233880139,46.87033233880139,mmol/gDW/h,direct numeric transfer per user instruction; source unit and biomass basis unverified,exact_name_or_id,positive consumption; negative production,positive secretion; negative uptake
Keibler2021 extracellular fluxes,Trial 1,KRAS,False,0,1,Glutamine,130.32466225772265,as reported in workbook; unit not stated on this sheet,EX_gln__L_e,-130.32466225772265,-130.32466225772265,mmol/gDW/h,direct numeric transfer per user instruction; source unit and biomass basis unverified,exact_name_or_id,positive consumption; negative production,positive secretion; negative uptake
Keibler2021 extracellular fluxes,Trial 1,KRAS,False,0,1,Glycine,14.749703924280416,as reported in workbook; unit not stated on this sheet,EX_gly_e,-14.749703924280416,-14.749703924280416,mmol/gDW/h,direct numeric transfer per user instruction; source unit and biomass basis unverified,exact_name_or_id,positive consumption; negative production,positive secretion; negative uptake
Keibler2021 extracellular fluxes,Trial 1,KRAS,False,0,1,Isoleucine,40.95706793461086,as reported in workbook; unit not stated on this sheet,EX_ile__L_e,-40.95706793461086,-40.95706793461086,mmol/gDW/h,direct numeric transfer per user instruction; source unit and biomass basis unverified,exact_name_or_id,positive consumption; negative production,positive secretion; negative uptake
Keibler2021 extracellular fluxes,Trial 1,KRAS,False,0,1,Lactate,-1679.982099435755,as reported in workbook; unit not stated on this sheet,EX_lac__L_e,1679.982099435755,1679.982099435755,mmol/gDW/h,direct numeric transfer per user instruction; source unit and biomass basis unverified,curated_alias,positive consumption; negative production,positive secretion; negative uptake
Keibler2021 extracellular fluxes,Trial 1,KRAS,False,0,1,Leucine,42.69943010656695,as reported in workbook; unit not stated on this sheet,EX_leu__L_e,-42.69943010656695,-42.69943010656695,mmol/gDW/h,direct numeric transfer per user instruction; source unit and biomass basis unverified,exact_name_or_id,positive consumption; negative production,positive secretion; negative uptake
Keibler2021 extracellular fluxes,Trial 1,KRAS,False,0,1,Lysine,16.4644921735474,as reported in workbook; unit not stated on this sheet,EX_lys__L_e,-16.4644921735474,-16.4644921735474,mmol/gDW/h,direct numeric transfer per user instruction; source unit and biomass basis unverified,exact_name_or_id,positive consumption; negative production,positive secretion; negative uptake
Keibler2021 extracellular fluxes,Trial 1,KRAS,False,0,1,Methionine,7.154824199027403,as reported in workbook; unit not stated on this sheet,EX_met__L_e,-7.154824199027403,-7.154824199027403,mmol/gDW/h,direct numeric transfer per user instruction; source unit and biomass basis unverified,exact_name_or_id,positive consumption; negative production,positive secretion; negative uptake
Keibler2021 extracellular fluxes,Trial 1,KRAS,False,0,1,Phenylalanine,4.781413064143684,as reported in workbook; unit not stated on this sheet,EX_phe__L_e,-4.781413064143684,-4.781413064143684,mmol/gDW/h,direct numeric transfer per user instruction; source unit and biomass basis unverified,exact_name_or_id,positive consumption; negative production,positive secretion; negative uptake
Keibler2021 extracellular fluxes,Trial 1,KRAS,False,0,1,Proline,-10.666157013902188,as reported in workbook; unit not stated on this sheet,EX_pro__L_e,10.666157013902188,10.666157013902188,mmol/gDW/h,direct numeric transfer per user instruction; source unit and biomass basis unverified,curated_alias,positive consumption; negative production,positive secretion; negative uptake
Keibler2021 extracellular fluxes,Trial 1,KRAS,False,0,1,Pyruvate,-111.86825742676872,as reported in workbook; unit not stated on this sheet,EX_pyr_e,111.86825742676872,111.86825742676872,mmol/gDW/h,direct numeric transfer per user instruction; source unit and biomass basis unverified,exact_name_or_id,positive consumption; negative production,positive secretion; negative uptake
Keibler2021 extracellular fluxes,Trial 1,KRAS,False,0,1,Serine,22.830468840931392,as reported in workbook; unit not stated on this sheet,EX_ser__L_e,-22.830468840931392,-22.830468840931392,mmol/gDW/h,direct numeric transfer per user instruction; source unit and biomass basis unverified,curated_alias,positive consumption; negative production,positive secretion; negative uptake
Keibler2021 extracellular fluxes,Trial 1,KRAS,False,0,1,Threonine,15.92513092291481,as reported in workbook; unit not stated on this sheet,EX_thr__L_e,-15.92513092291481,-15.92513092291481,mmol/gDW/h,direct numeric transfer per user instruction; source unit and biomass basis unverified,exact_name_or_id,positive consumption; negative production,positive secretion; negative uptake
Keibler2021 extracellular fluxes,Trial 1,KRAS,False,0,1,Tyrosine,4.079383449680635,as reported in workbook; unit not stated on this sheet,EX_tyr__L_e,-4.079383449680635,-4.079383449680635,mmol/gDW/h,direct numeric transfer per user instruction; source unit and biomass basis unverified,exact_name_or_id,positive consumption; negative production,positive secretion; negative uptake
Keibler2021 extracellular fluxes,Trial 1,KRAS,False,0,1,Valine,18.833583189700327,as reported in workbook; unit not stated on this sheet,EX_val__L_e,-18.833583189700327,-18.833583189700327,mmol/gDW/h,direct numeric transfer per user instruction; source unit and biomass basis unverified,exact_name_or_id,positive consumption; negative production,positive secretion; negative uptake
Keibler2021 extracellular fluxes,Trial 1,KRAS,False,0,1,Growth Rate,0.016793896180938093,as reported in workbook; unit not stated on this sheet,,,,,not applicable,not_exchange_metabolite,positive consumption; negative production,positive secretion; negative uptake
Keibler2021 extracellular fluxes,Trial 1,KRAS,False,0,2,Alanine,-58.78525197635746,as reported in workbook; unit not stated on this sheet,EX_ala__L_e,58.78525197635746,58.78525197635746,mmol/gDW/h,direct numeric transfer per user instruction; source unit and biomass basis unverified,curated_alias,positive consumption; negative production,positive secretion; negative uptake
Keibler2021 extracellular fluxes,Trial 1,KRAS,False,0,2,Aspartate,-2.582925044946537,as reported in workbook; unit not stated on this sheet,EX_asp__L_e,2.582925044946537,2.582925044946537,mmol/gDW/h,direct numeric transfer per user instruction; source unit and biomass basis unverified,curated_alias,positive consumption; negative production,positive secretion; negative uptake
Keibler2021 extracellular fluxes,Trial 1,KRAS,False,0,2,Glucose,1084.906896152177,as reported in workbook; unit not stated on this sheet,EX_glc__D_e,-1084.906896152177,-1084.906896152177,mmol/gDW/h,direct numeric transfer per user instruction; source unit and biomass basis unverified,curated_alias,positive consumption; negative production,positive secretion; negative uptake
Keibler2021 extracellular fluxes,Trial 1,KRAS,False,0,2,Glutamate,-46.75670142914505,as reported in workbook; unit not stated on this sheet,EX_glu__L_e,46.75670142914505,46.75670142914505,mmol/gDW/h,direct numeric transfer per user instruction; source unit and biomass basis unverified,exact_name_or_id,positive consumption; negative production,positive secretion; negative uptake
Keibler2021 extracellular fluxes,Trial 1,KRAS,False,0,2,Glutamine,129.92503874684002,as reported in workbook; unit not stated on this sheet,EX_gln__L_e,-129.92503874684002,-129.92503874684002,mmol/gDW/h,direct numeric transfer per user instruction; source unit and biomass basis unverified,exact_name_or_id,positive consumption; negative production,positive secretion; negative uptake
Keibler2021 extracellular fluxes,Trial 1,KRAS,False,0,2,Glycine,14.059635075112343,as reported in workbook; unit not stated on this sheet,EX_gly_e,-14.059635075112343,-14.059635075112343,mmol/gDW/h,direct numeric transfer per user instruction; source unit and biomass basis unverified,exact_name_or_id,positive consumption; negative production,positive secretion; negative uptake
Keibler2021 extracellular fluxes,Trial 1,KRAS,False,0,2,Isoleucine,43.46227782873476,as reported in workbook; unit not stated on this sheet,EX_ile__L_e,-43.46227782873476,-43.46227782873476,mmol/gDW/h,direct numeric transfer per user instruction; source unit and biomass basis unverified,exact_name_or_id,positive consumption; negative production,positive secretion; negative uptake
Keibler2021 extracellular fluxes,Trial 1,KRAS,False,0,2,Lactate,-1734.2258896050353,as reported in workbook; unit not stated on this sheet,EX_lac__L_e,1734.2258896050353,1734.2258896050353,mmol/gDW/h,direct numeric transfer per user instruction; source unit and biomass basis unverified,curated_alias,positive consumption; negative production,positive secretion; negative uptake
Keibler2021 extracellular fluxes,Trial 1,KRAS,False,0,2,Leucine,45.33490409344707,as reported in workbook; unit not stated on this sheet,EX_leu__L_e,-45.33490409344707,-45.33490409344707,mmol/gDW/h,direct numeric transfer per user instruction; source unit and biomass basis unverified,exact_name_or_id,positive consumption; negative production,positive secretion; negative uptake
Keibler2021 extracellular fluxes,Trial 1,KRAS,False,0,2,Lysine,17.832527137228947,as reported in workbook; unit not stated on this sheet,EX_lys__L_e,-17.832527137228947,-17.832527137228947,mmol/gDW/h,direct numeric transfer per user instruction; source unit and biomass basis unverified,exact_name_or_id,positive consumption; negative production,positive secretion; negative uptake
Keibler2021 extracellular fluxes,Trial 1,KRAS,False,0,2,Methionine,6.54706005832214,as reported in workbook; unit not stated on this sheet,EX_met__L_e,-6.54706005832214,-6.54706005832214,mmol/gDW/h,direct numeric transfer per user instruction; source unit and biomass basis unverified,exact_name_or_id,positive consumption; negative production,positive secretion; negative uptake
Keibler2021 extracellular fluxes,Trial 1,KRAS,False,0,2,Phenylalanine,8.004810804585107,as reported in workbook; unit not stated on this sheet,EX_phe__L_e,-8.004810804585107,-8.004810804585107,mmol/gDW/h,direct numeric transfer per user instruction; source unit and biomass basis unverified,exact_name_or_id,positive consumption; negative production,positive secretion; negative uptake
Keibler2021 extracellular fluxes,Trial 1,KRAS,False,0,2,Proline,-10.12225516865885,as reported in workbook; unit not stated on this sheet,EX_pro__L_e,10.12225516865885,10.12225516865885,mmol/gDW/h,direct numeric transfer per user instruction; source unit and biomass basis unverified,curated_alias,positive consumption; negative production,positive secretion; negative uptake
Keibler2021 extracellular fluxes,Trial 1,KRAS,False,0,2,Pyruvate,-112.33542019451302,as reported in workbook; unit not stated on this sheet,EX_pyr_e,112.33542019451302,112.33542019451302,mmol/gDW/h,direct numeric transfer per user instruction; source unit and biomass basis unverified,exact_name_or_id,positive consumption; negative production,positive secretion; negative uptake
Keibler2021 extracellular fluxes,Trial 1,KRAS,False,0,2,Serine,24.4679546977486,as reported in workbook; unit not stated on this sheet,EX_ser__L_e,-24.4679546977486,-24.4679546977486,mmol/gDW/h,direct numeric transfer per user instruction; source unit and biomass basis unverified,curated_alias,positive consumption; negative production,positive secretion; negative uptake
Keibler2021 extracellular fluxes,Trial 1,KRAS,False,0,2,Threonine,17.730403386925268,as reported in workbook; unit not stated on this sheet,EX_thr__L_e,-17.730403386925268,-17.730403386925268,mmol/gDW/h,direct numeric transfer per user instruction; source unit and biomass basis unverified,exact_name_or_id,positive consumption; negative production,positive secretion; negative uptake
Keibler2021 extracellular fluxes,Trial 1,KRAS,False,0,2,Tyrosine,5.6294874893567535,as reported in workbook; unit not stated on this sheet,EX_tyr__L_e,-5.6294874893567535,-5.6294874893567535,mmol/gDW/h,direct numeric transfer per user instruction; source unit and biomass basis unverified,exact_name_or_id,positive consumption; negative production,positive secretion; negative uptake
Keibler2021 extracellular fluxes,Trial 1,KRAS,False,0,2,Valine,23.382358417340388,as reported in workbook; unit not stated on this sheet,EX_val__L_e,-23.382358417340388,-23.382358417340388,mmol/gDW/h,direct numeric transfer per user instruction; source unit and biomass basis unverified,exact_name_or_id,positive consumption; negative production,positive secretion; negative uptake
Keibler2021 extracellular fluxes,Trial 1,KRAS,False,0,2,Growth Rate,0.01614614735146669,as reported in workbook; unit not stated on this sheet,,,,,not applicable,not_exchange_metabolite,positive consumption; negative production,positive secretion; negative uptake
Keibler2021 extracellular fluxes,Trial 1,KRAS,False,0,3,Alanine,-55.25789534847874,as reported in workbook; unit not stated on this sheet,EX_ala__L_e,55.25789534847874,55.25789534847874,mmol/gDW/h,direct numeric transfer per user instruction; source unit and biomass basis unverified,curated_alias,positive consumption; negative production,positive secretion; negative uptake
Keibler2021 extracellular fluxes,Trial 1,KRAS,False,0,3,Aspartate,-2.8485820685182466,as reported in workbook; unit not stated on this sheet,EX_asp__L_e,2.8485820685182466,2.8485820685182466,mmol/gDW/h,direct numeric transfer per user instruction; source unit and biomass basis unverified,curated_alias,positive consumption; negative production,positive secretion; negative uptake
Keibler2021 extracellular fluxes,Trial 1,KRAS,False,0,3,Glucose,996.9962714043465,as reported in workbook; unit not stated on this sheet,EX_glc__D_e,-996.9962714043465,-996.9962714043465,mmol/gDW/h,direct numeric transfer per user instruction; source unit and biomass basis unverified,curated_alias,positive consumption; negative production,positive secretion; negative uptake
Keibler2021 extracellular fluxes,Trial 1,KRAS,False,0,3,Glutamate,-46.16474138384284,as reported in workbook; unit not stated on this sheet,EX_glu__L_e,46.16474138384284,46.16474138384284,mmol/gDW/h,direct numeric transfer per user instruction; source unit and biomass basis unverified,exact_name_or_id,positive consumption; negative production,positive secretion; negative uptake
Keibler2021 extracellular fluxes,Trial 1,KRAS,False,0,3,Glutamine,125.00072196399026,as reported in workbook; unit not stated on this sheet,EX_gln__L_e,-125.00072196399026,-125.00072196399026,mmol/gDW/h,direct numeric transfer per user instruction; source unit and biomass basis unverified,exact_name_or_id,positive consumption; negative production,positive secretion; negative uptake
Keibler2021 extracellular fluxes,Trial 1,KRAS,False,0,3,Glycine,16.00160015703999,as reported in workbook; unit not stated on this sheet,EX_gly_e,-16.00160015703999,-16.00160015703999,mmol/gDW/h,direct numeric transfer per user instruction; source unit and biomass basis unverified,exact_name_or_id,positive consumption; negative production,positive secretion; negative uptake
Keibler2021 extracellular fluxes,Trial 1,KRAS,False,0,3,Isoleucine,42.43097172695425,as reported in workbook; unit not stated on this sheet,EX_ile__L_e,-42.43097172695425,-42.43097172695425,mmol/gDW/h,direct numeric transfer per user instruction; source unit and biomass basis unverified,exact_name_or_id,positive consumption; negative production,positive secretion; negative uptake
Keibler2021 extracellular fluxes,Trial 1,KRAS,False,0,3,Lactate,-1653.9888167443362,as reported in workbook; unit not stated on this sheet,EX_lac__L_e,1653.9888167443362,1653.9888167443362,mmol/gDW/h,direct numeric transfer per user instruction; source unit and biomass basis unverified,curated_alias,positive consumption; negative production,positive secretion; negative uptake
Keibler2021 extracellular fluxes,Trial 1,KRAS,False,0,3,Leucine,41.749526338708314,as reported in workbook; unit not stated on this sheet,EX_leu__L_e,-41.749526338708314,-41.749526338708314,mmol/gDW/h,direct numeric transfer per user instruction; source unit and biomass basis unverified,exact_name_or_id,positive consumption; negative production,positive secretion; negative uptake
Keibler2021 extracellular fluxes,Trial 1,KRAS,False,0,3,Lysine,17.05153609424966,as reported in workbook; unit not stated on this sheet,EX_lys__L_e,-17.05153609424966,-17.05153609424966,mmol/gDW/h,direct numeric transfer per user instruction; source unit and biomass basis unverified,exact_name_or_id,positive consumption; negative production,positive secretion; negative uptake
Keibler2021 extracellular fluxes,Trial 1,KRAS,False,0,3,Methionine,6.913117381577486,as reported in workbook; unit not stated on this sheet,EX_met__L_e,-6.913117381577486,-6.913117381577486,mmol/gDW/h,direct numeric transfer per user instruction; source unit and biomass basis unverified,exact_name_or_id,positive consumption; negative production,positive secretion; negative uptake
Keibler2021 extracellular fluxes,Trial 1,KRAS,False,0,3,Phenylalanine,6.825370913027776,as reported in workbook; unit not stated on this sheet,EX_phe__L_e,-6.825370913027776,-6.825370913027776,mmol/gDW/h,direct numeric transfer per user instruction; source unit and biomass basis unverified,exact_name_or_id,positive consumption; negative production,positive secretion; negative uptake
Keibler2021 extracellular fluxes,Trial 1,KRAS,False,0,3,Proline,-10.016610184298289,as reported in workbook; unit not stated on this sheet,EX_pro__L_e,10.016610184298289,10.016610184298289,mmol/gDW/h,direct numeric transfer per user instruction; source unit and biomass basis unverified,curated_alias,positive consumption; negative production,positive secretion; negative uptake
Keibler2021 extracellular fluxes,Trial 1,KRAS,False,0,3,Pyruvate,-108.38551052583104,as reported in workbook; unit not stated on this sheet,EX_pyr_e,108.38551052583104,108.38551052583104,mmol/gDW/h,direct numeric transfer per user instruction; source unit and biomass basis unverified,exact_name_or_id,positive consumption; negative production,positive secretion; negative uptake
Keibler2021 extracellular fluxes,Trial 1,KRAS,False,0,3,Serine,22.971710054106204,as reported in workbook; unit not stated on this sheet,EX_ser__L_e,-22.971710054106204,-22.971710054106204,mmol/gDW/h,direct numeric transfer per user instruction; source unit and biomass basis unverified,curated_alias,positive consumption; negative production,positive secretion; negative uptake
Keibler2021 extracellular fluxes,Trial 1,KRAS,False,0,3,Threonine,14.525096535577907,as reported in workbook; unit not stated on this sheet,EX_thr__L_e,-14.525096535577907,-14.525096535577907,mmol/gDW/h,direct numeric transfer per user instruction; source unit and biomass basis unverified,exact_name_or_id,positive consumption; negative production,positive secretion; negative uptake
Keibler2021 extracellular fluxes,Trial 1,KRAS,False,0,3,Tyrosine,7.158145977609585,as reported in workbook; unit not stated on this sheet,EX_tyr__L_e,-7.158145977609585,-7.158145977609585,mmol/gDW/h,direct numeric transfer per user instruction; source unit and biomass basis unverified,exact_name_or_id,positive consumption; negative production,positive secretion; negative uptake
Keibler2021 extracellular fluxes,Trial 1,KRAS,False,0,3,Valine,21.95499370934501,as reported in workbook; unit not stated on this sheet,EX_val__L_e,-21.95499370934501,-21.95499370934501,mmol/gDW/h,direct numeric transfer per user instruction; source unit and biomass basis unverified,exact_name_or_id,positive consumption; negative production,positive secretion; negative uptake
Keibler2021 extracellular fluxes,Trial 1,KRAS,False,0,3,Growth Rate,0.01761415647204875,as reported in workbook; unit not stated on this sheet,,,,,not applicable,not_exchange_metabolite,positive consumption; negative production,positive secretion; negative uptake
Keibler2021 extracellular fluxes,Trial 2,EV,True,5,1,Alanine,-89.33940040338273,as reported in workbook; unit not stated on this sheet,EX_ala__L_e,89.33940040338273,89.33940040338273,mmol/gDW/h,direct numeric transfer per user instruction; source unit and biomass basis unverified,curated_alias,positive consumption; negative production,positive secretion; negative uptake
Keibler2021 extracellular fluxes,Trial 2,EV,True,5,1,Aspartate,-16.043411888328446,as reported in workbook; unit not stated on this sheet,EX_asp__L_e,16.043411888328446,16.043411888328446,mmol/gDW/h,direct numeric transfer per user instruction; source unit and biomass basis unverified,curated_alias,positive consumption; negative production,positive secretion; negative uptake
Keibler2021 extracellular fluxes,Trial 2,EV,True,5,1,Glucose,1994.7149357458952,as reported in workbook; unit not stated on this sheet,EX_glc__D_e,-1994.7149357458952,-1994.7149357458952,mmol/gDW/h,direct numeric transfer per user instruction; source unit and biomass basis unverified,curated_alias,positive consumption; negative production,positive secretion; negative uptake
Keibler2021 extracellular fluxes,Trial 2,EV,True,5,1,Glutamate,-204.0983261377197,as reported in workbook; unit not stated on this sheet,EX_glu__L_e,204.0983261377197,204.0983261377197,mmol/gDW/h,direct numeric transfer per user instruction; source unit and biomass basis unverified,exact_name_or_id,positive consumption; negative production,positive secretion; negative uptake
Keibler2021 extracellular fluxes,Trial 2,EV,True,5,1,Glutamine,380.8913333104276,as reported in workbook; unit not stated on this sheet,EX_gln__L_e,-380.8913333104276,-380.8913333104276,mmol/gDW/h,direct numeric transfer per user instruction; source unit and biomass basis unverified,exact_name_or_id,positive consumption; negative production,positive secretion; negative uptake
Keibler2021 extracellular fluxes,Trial 2,EV,True,5,1,Glycine,22.23281793104225,as reported in workbook; unit not stated on this sheet,EX_gly_e,-22.23281793104225,-22.23281793104225,mmol/gDW/h,direct numeric transfer per user instruction; source unit and biomass basis unverified,exact_name_or_id,positive consumption; negative production,positive secretion; negative uptake
Keibler2021 extracellular fluxes,Trial 2,EV,True,5,1,Isoleucine,52.28139014855647,as reported in workbook; unit not stated on this sheet,EX_ile__L_e,-52.28139014855647,-52.28139014855647,mmol/gDW/h,direct numeric transfer per user instruction; source unit and biomass basis unverified,exact_name_or_id,positive consumption; negative production,positive secretion; negative uptake
Keibler2021 extracellular fluxes,Trial 2,EV,True,5,1,Lactate,-3868.1643576236734,as reported in workbook; unit not stated on this sheet,EX_lac__L_e,3868.1643576236734,3868.1643576236734,mmol/gDW/h,direct numeric transfer per user instruction; source unit and biomass basis unverified,curated_alias,positive consumption; negative production,positive secretion; negative uptake
Keibler2021 extracellular fluxes,Trial 2,EV,True,5,1,Leucine,56.54185745014381,as reported in workbook; unit not stated on this sheet,EX_leu__L_e,-56.54185745014381,-56.54185745014381,mmol/gDW/h,direct numeric transfer per user instruction; source unit and biomass basis unverified,exact_name_or_id,positive consumption; negative production,positive secretion; negative uptake
Keibler2021 extracellular fluxes,Trial 2,EV,True,5,1,Lysine,0.5671594841225144,as reported in workbook; unit not stated on this sheet,EX_lys__L_e,-0.5671594841225144,-0.5671594841225144,mmol/gDW/h,direct numeric transfer per user instruction; source unit and biomass basis unverified,exact_name_or_id,positive consumption; negative production,positive secretion; negative uptake
Keibler2021 extracellular fluxes,Trial 2,EV,True,5,1,Methionine,9.808187116157677,as reported in workbook; unit not stated on this sheet,EX_met__L_e,-9.808187116157677,-9.808187116157677,mmol/gDW/h,direct numeric transfer per user instruction; source unit and biomass basis unverified,exact_name_or_id,positive consumption; negative production,positive secretion; negative uptake
Keibler2021 extracellular fluxes,Trial 2,EV,True,5,1,Phenylalanine,11.779304729245597,as reported in workbook; unit not stated on this sheet,EX_phe__L_e,-11.779304729245597,-11.779304729245597,mmol/gDW/h,direct numeric transfer per user instruction; source unit and biomass basis unverified,exact_name_or_id,positive consumption; negative production,positive secretion; negative uptake
Keibler2021 extracellular fluxes,Trial 2,EV,True,5,1,Proline,-14.28599654343121,as reported in workbook; unit not stated on this sheet,EX_pro__L_e,14.28599654343121,14.28599654343121,mmol/gDW/h,direct numeric transfer per user instruction; source unit and biomass basis unverified,curated_alias,positive consumption; negative production,positive secretion; negative uptake
Keibler2021 extracellular fluxes,Trial 2,EV,True,5,1,Pyruvate,-122.35760269362811,as reported in workbook; unit not stated on this sheet,EX_pyr_e,122.35760269362811,122.35760269362811,mmol/gDW/h,direct numeric transfer per user instruction; source unit and biomass basis unverified,exact_name_or_id,positive consumption; negative production,positive secretion; negative uptake
Keibler2021 extracellular fluxes,Trial 2,EV,True,5,1,Serine,38.5492473962368,as reported in workbook; unit not stated on this sheet,EX_ser__L_e,-38.5492473962368,-38.5492473962368,mmol/gDW/h,direct numeric transfer per user instruction; source unit and biomass basis unverified,curated_alias,positive consumption; negative production,positive secretion; negative uptake
Keibler2021 extracellular fluxes,Trial 2,EV,True,5,1,Threonine,20.218759989459397,as reported in workbook; unit not stated on this sheet,EX_thr__L_e,-20.218759989459397,-20.218759989459397,mmol/gDW/h,direct numeric transfer per user instruction; source unit and biomass basis unverified,exact_name_or_id,positive consumption; negative production,positive secretion; negative uptake
Keibler2021 extracellular fluxes,Trial 2,EV,True,5,1,Tyrosine,29.226150024669966,as reported in workbook; unit not stated on this sheet,EX_tyr__L_e,-29.226150024669966,-29.226150024669966,mmol/gDW/h,direct numeric transfer per user instruction; source unit and biomass basis unverified,exact_name_or_id,positive consumption; negative production,positive secretion; negative uptake
Keibler2021 extracellular fluxes,Trial 2,EV,True,5,1,Valine,32.864573079022136,as reported in workbook; unit not stated on this sheet,EX_val__L_e,-32.864573079022136,-32.864573079022136,mmol/gDW/h,direct numeric transfer per user instruction; source unit and biomass basis unverified,exact_name_or_id,positive consumption; negative production,positive secretion; negative uptake
Keibler2021 extracellular fluxes,Trial 2,EV,True,5,1,Growth Rate,0.02262175181348014,as reported in workbook; unit not stated on this sheet,,,,,not applicable,not_exchange_metabolite,positive consumption; negative production,positive secretion; negative uptake
Keibler2021 extracellular fluxes,Trial 2,EV,True,5,2,Alanine,-86.71165328906062,as reported in workbook; unit not stated on this sheet,EX_ala__L_e,86.71165328906062,86.71165328906062,mmol/gDW/h,direct numeric transfer per user instruction; source unit and biomass basis unverified,curated_alias,positive consumption; negative production,positive secretion; negative uptake
Keibler2021 extracellular fluxes,Trial 2,EV,True,5,2,Aspartate,-16.79243702339389,as reported in workbook; unit not stated on this sheet,EX_asp__L_e,16.79243702339389,16.79243702339389,mmol/gDW/h,direct numeric transfer per user instruction; source unit and biomass basis unverified,curated_alias,positive consumption; negative production,positive secretion; negative uptake
Keibler2021 extracellular fluxes,Trial 2,EV,True,5,2,Glucose,1958.6924537735986,as reported in workbook; unit not stated on this sheet,EX_glc__D_e,-1958.6924537735986,-1958.6924537735986,mmol/gDW/h,direct numeric transfer per user instruction; source unit and biomass basis unverified,curated_alias,positive consumption; negative production,positive secretion; negative uptake
Keibler2021 extracellular fluxes,Trial 2,EV,True,5,2,Glutamate,-201.99920787809637,as reported in workbook; unit not stated on this sheet,EX_glu__L_e,201.99920787809637,201.99920787809637,mmol/gDW/h,direct numeric transfer per user instruction; source unit and biomass basis unverified,exact_name_or_id,positive consumption; negative production,positive secretion; negative uptake
Keibler2021 extracellular fluxes,Trial 2,EV,True,5,2,Glutamine,368.4674272385897,as reported in workbook; unit not stated on this sheet,EX_gln__L_e,-368.4674272385897,-368.4674272385897,mmol/gDW/h,direct numeric transfer per user instruction; source unit and biomass basis unverified,exact_name_or_id,positive consumption; negative production,positive secretion; negative uptake
Keibler2021 extracellular fluxes,Trial 2,EV,True,5,2,Glycine,21.619688393260116,as reported in workbook; unit not stated on this sheet,EX_gly_e,-21.619688393260116,-21.619688393260116,mmol/gDW/h,direct numeric transfer per user instruction; source unit and biomass basis unverified,exact_name_or_id,positive consumption; negative production,positive secretion; negative uptake
Keibler2021 extracellular fluxes,Trial 2,EV,True,5,2,Isoleucine,51.60073274920284,as reported in workbook; unit not stated on this sheet,EX_ile__L_e,-51.60073274920284,-51.60073274920284,mmol/gDW/h,direct numeric transfer per user instruction; source unit and biomass basis unverified,exact_name_or_id,positive consumption; negative production,positive secretion; negative uptake
Keibler2021 extracellular fluxes,Trial 2,EV,True,5,2,Lactate,-3847.7607115949736,as reported in workbook; unit not stated on this sheet,EX_lac__L_e,3847.7607115949736,3847.7607115949736,mmol/gDW/h,direct numeric transfer per user instruction; source unit and biomass basis unverified,curated_alias,positive consumption; negative production,positive secretion; negative uptake
Keibler2021 extracellular fluxes,Trial 2,EV,True,5,2,Leucine,57.19922180537436,as reported in workbook; unit not stated on this sheet,EX_leu__L_e,-57.19922180537436,-57.19922180537436,mmol/gDW/h,direct numeric transfer per user instruction; source unit and biomass basis unverified,exact_name_or_id,positive consumption; negative production,positive secretion; negative uptake
Keibler2021 extracellular fluxes,Trial 2,EV,True,5,2,Lysine,-0.2632411845727338,as reported in workbook; unit not stated on this sheet,EX_lys__L_e,0.2632411845727338,0.2632411845727338,mmol/gDW/h,direct numeric transfer per user instruction; source unit and biomass basis unverified,exact_name_or_id,positive consumption; negative production,positive secretion; negative uptake
Keibler2021 extracellular fluxes,Trial 2,EV,True,5,2,Methionine,10.015079572819337,as reported in workbook; unit not stated on this sheet,EX_met__L_e,-10.015079572819337,-10.015079572819337,mmol/gDW/h,direct numeric transfer per user instruction; source unit and biomass basis unverified,exact_name_or_id,positive consumption; negative production,positive secretion; negative uptake
Keibler2021 extracellular fluxes,Trial 2,EV,True,5,2,Phenylalanine,11.403742435068345,as reported in workbook; unit not stated on this sheet,EX_phe__L_e,-11.403742435068345,-11.403742435068345,mmol/gDW/h,direct numeric transfer per user instruction; source unit and biomass basis unverified,exact_name_or_id,positive consumption; negative production,positive secretion; negative uptake
Keibler2021 extracellular fluxes,Trial 2,EV,True,5,2,Proline,-13.763588032867732,as reported in workbook; unit not stated on this sheet,EX_pro__L_e,13.763588032867732,13.763588032867732,mmol/gDW/h,direct numeric transfer per user instruction; source unit and biomass basis unverified,curated_alias,positive consumption; negative production,positive secretion; negative uptake
Keibler2021 extracellular fluxes,Trial 2,EV,True,5,2,Pyruvate,-117.31846545253808,as reported in workbook; unit not stated on this sheet,EX_pyr_e,117.31846545253808,117.31846545253808,mmol/gDW/h,direct numeric transfer per user instruction; source unit and biomass basis unverified,exact_name_or_id,positive consumption; negative production,positive secretion; negative uptake
Keibler2021 extracellular fluxes,Trial 2,EV,True,5,2,Serine,38.66932765858539,as reported in workbook; unit not stated on this sheet,EX_ser__L_e,-38.66932765858539,-38.66932765858539,mmol/gDW/h,direct numeric transfer per user instruction; source unit and biomass basis unverified,curated_alias,positive consumption; negative production,positive secretion; negative uptake
Keibler2021 extracellular fluxes,Trial 2,EV,True,5,2,Threonine,25.302009961233676,as reported in workbook; unit not stated on this sheet,EX_thr__L_e,-25.302009961233676,-25.302009961233676,mmol/gDW/h,direct numeric transfer per user instruction; source unit and biomass basis unverified,exact_name_or_id,positive consumption; negative production,positive secretion; negative uptake
Keibler2021 extracellular fluxes,Trial 2,EV,True,5,2,Tyrosine,17.386652133291488,as reported in workbook; unit not stated on this sheet,EX_tyr__L_e,-17.386652133291488,-17.386652133291488,mmol/gDW/h,direct numeric transfer per user instruction; source unit and biomass basis unverified,exact_name_or_id,positive consumption; negative production,positive secretion; negative uptake
Keibler2021 extracellular fluxes,Trial 2,EV,True,5,2,Valine,36.38652087878445,as reported in workbook; unit not stated on this sheet,EX_val__L_e,-36.38652087878445,-36.38652087878445,mmol/gDW/h,direct numeric transfer per user instruction; source unit and biomass basis unverified,exact_name_or_id,positive consumption; negative production,positive secretion; negative uptake
Keibler2021 extracellular fluxes,Trial 2,EV,True,5,2,Growth Rate,0.02274641294780564,as reported in workbook; unit not stated on this sheet,,,,,not applicable,not_exchange_metabolite,positive consumption; negative production,positive secretion; negative uptake
Keibler2021 extracellular fluxes,Trial 2,EV,True,5,3,Alanine,-91.08236612329051,as reported in workbook; unit not stated on this sheet,EX_ala__L_e,91.08236612329051,91.08236612329051,mmol/gDW/h,direct numeric transfer per user instruction; source unit and biomass basis unverified,curated_alias,positive consumption; negative production,positive secretion; negative uptake
Keibler2021 extracellular fluxes,Trial 2,EV,True,5,3,Aspartate,-16.68714211833936,as reported in workbook; unit not stated on this sheet,EX_asp__L_e,16.68714211833936,16.68714211833936,mmol/gDW/h,direct numeric transfer per user instruction; source unit and biomass basis unverified,curated_alias,positive consumption; negative production,positive secretion; negative uptake
Keibler2021 extracellular fluxes,Trial 2,EV,True,5,3,Glucose,1908.9355379468057,as reported in workbook; unit not stated on this sheet,EX_glc__D_e,-1908.9355379468057,-1908.9355379468057,mmol/gDW/h,direct numeric transfer per user instruction; source unit and biomass basis unverified,curated_alias,positive consumption; negative production,positive secretion; negative uptake
Keibler2021 extracellular fluxes,Trial 2,EV,True,5,3,Glutamate,-202.48341377530556,as reported in workbook; unit not stated on this sheet,EX_glu__L_e,202.48341377530556,202.48341377530556,mmol/gDW/h,direct numeric transfer per user instruction; source unit and biomass basis unverified,exact_name_or_id,positive consumption; negative production,positive secretion; negative uptake
Keibler2021 extracellular fluxes,Trial 2,EV,True,5,3,Glutamine,348.099434485445,as reported in workbook; unit not stated on this sheet,EX_gln__L_e,-348.099434485445,-348.099434485445,mmol/gDW/h,direct numeric transfer per user instruction; source unit and biomass basis unverified,exact_name_or_id,positive consumption; negative production,positive secretion; negative uptake
Keibler2021 extracellular fluxes,Trial 2,EV,True,5,3,Glycine,15.838674458286231,as reported in workbook; unit not stated on this sheet,EX_gly_e,-15.838674458286231,-15.838674458286231,mmol/gDW/h,direct numeric transfer per user instruction; source unit and biomass basis unverified,exact_name_or_id,positive consumption; negative production,positive secretion; negative uptake
Keibler2021 extracellular fluxes,Trial 2,EV,True,5,3,Isoleucine,48.59512917080685,as reported in workbook; unit not stated on this sheet,EX_ile__L_e,-48.59512917080685,-48.59512917080685,mmol/gDW/h,direct numeric transfer per user instruction; source unit and biomass basis unverified,exact_name_or_id,positive consumption; negative production,positive secretion; negative uptake
Keibler2021 extracellular fluxes,Trial 2,EV,True,5,3,Lactate,-3815.8392126281014,as reported in workbook; unit not stated on this sheet,EX_lac__L_e,3815.8392126281014,3815.8392126281014,mmol/gDW/h,direct numeric transfer per user instruction; source unit and biomass basis unverified,curated_alias,positive consumption; negative production,positive secretion; negative uptake
Keibler2021 extracellular fluxes,Trial 2,EV,True,5,3,Leucine,52.298403553432685,as reported in workbook; unit not stated on this sheet,EX_leu__L_e,-52.298403553432685,-52.298403553432685,mmol/gDW/h,direct numeric transfer per user instruction; source unit and biomass basis unverified,exact_name_or_id,positive consumption; negative production,positive secretion; negative uptake
Keibler2021 extracellular fluxes,Trial 2,EV,True,5,3,Lysine,13.987809241508947,as reported in workbook; unit not stated on this sheet,EX_lys__L_e,-13.987809241508947,-13.987809241508947,mmol/gDW/h,direct numeric transfer per user instruction; source unit and biomass basis unverified,exact_name_or_id,positive consumption; negative production,positive secretion; negative uptake
Keibler2021 extracellular fluxes,Trial 2,EV,True,5,3,Methionine,6.225524493001394,as reported in workbook; unit not stated on this sheet,EX_met__L_e,-6.225524493001394,-6.225524493001394,mmol/gDW/h,direct numeric transfer per user instruction; source unit and biomass basis unverified,exact_name_or_id,positive consumption; negative production,positive secretion; negative uptake
Keibler2021 extracellular fluxes,Trial 2,EV,True,5,3,Phenylalanine,7.828332528709336,as reported in workbook; unit not stated on this sheet,EX_phe__L_e,-7.828332528709336,-7.828332528709336,mmol/gDW/h,direct numeric transfer per user instruction; source unit and biomass basis unverified,exact_name_or_id,positive consumption; negative production,positive secretion; negative uptake
Keibler2021 extracellular fluxes,Trial 2,EV,True,5,3,Proline,-14.03673866632802,as reported in workbook; unit not stated on this sheet,EX_pro__L_e,14.03673866632802,14.03673866632802,mmol/gDW/h,direct numeric transfer per user instruction; source unit and biomass basis unverified,curated_alias,positive consumption; negative production,positive secretion; negative uptake
Keibler2021 extracellular fluxes,Trial 2,EV,True,5,3,Pyruvate,-123.51693468561506,as reported in workbook; unit not stated on this sheet,EX_pyr_e,123.51693468561506,123.51693468561506,mmol/gDW/h,direct numeric transfer per user instruction; source unit and biomass basis unverified,exact_name_or_id,positive consumption; negative production,positive secretion; negative uptake
Keibler2021 extracellular fluxes,Trial 2,EV,True,5,3,Serine,37.48168332241981,as reported in workbook; unit not stated on this sheet,EX_ser__L_e,-37.48168332241981,-37.48168332241981,mmol/gDW/h,direct numeric transfer per user instruction; source unit and biomass basis unverified,curated_alias,positive consumption; negative production,positive secretion; negative uptake
Keibler2021 extracellular fluxes,Trial 2,EV,True,5,3,Threonine,16.163592682686577,as reported in workbook; unit not stated on this sheet,EX_thr__L_e,-16.163592682686577,-16.163592682686577,mmol/gDW/h,direct numeric transfer per user instruction; source unit and biomass basis unverified,exact_name_or_id,positive consumption; negative production,positive secretion; negative uptake
Keibler2021 extracellular fluxes,Trial 2,EV,True,5,3,Tyrosine,15.268704868763534,as reported in workbook; unit not stated on this sheet,EX_tyr__L_e,-15.268704868763534,-15.268704868763534,mmol/gDW/h,direct numeric transfer per user instruction; source unit and biomass basis unverified,exact_name_or_id,positive consumption; negative production,positive secretion; negative uptake
Keibler2021 extracellular fluxes,Trial 2,EV,True,5,3,Valine,27.836574451098162,as reported in workbook; unit not stated on this sheet,EX_val__L_e,-27.836574451098162,-27.836574451098162,mmol/gDW/h,direct numeric transfer per user instruction; source unit and biomass basis unverified,exact_name_or_id,positive consumption; negative production,positive secretion; negative uptake
Keibler2021 extracellular fluxes,Trial 2,EV,True,5,3,Growth Rate,0.023009291115764646,as reported in workbook; unit not stated on this sheet,,,,,not applicable,not_exchange_metabolite,positive consumption; negative production,positive secretion; negative uptake
Keibler2021 extracellular fluxes,Trial 2,EV,True,2.25,1,Alanine,-117.32994355934225,as reported in workbook; unit not stated on this sheet,EX_ala__L_e,117.32994355934225,117.32994355934225,mmol/gDW/h,direct numeric transfer per user instruction; source unit and biomass basis unverified,curated_alias,positive consumption; negative production,positive secretion; negative uptake
Keibler2021 extracellular fluxes,Trial 2,EV,True,2.25,1,Aspartate,-3.212179035225545,as reported in workbook; unit not stated on this sheet,EX_asp__L_e,3.212179035225545,3.212179035225545,mmol/gDW/h,direct numeric transfer per user instruction; source unit and biomass basis unverified,curated_alias,positive consumption; negative production,positive secretion; negative uptake
Keibler2021 extracellular fluxes,Trial 2,EV,True,2.25,1,Glucose,1341.1309798280156,as reported in workbook; unit not stated on this sheet,EX_glc__D_e,-1341.1309798280156,-1341.1309798280156,mmol/gDW/h,direct numeric transfer per user instruction; source unit and biomass basis unverified,curated_alias,positive consumption; negative production,positive secretion; negative uptake
Keibler2021 extracellular fluxes,Trial 2,EV,True,2.25,1,Glutamate,-54.302006572993804,as reported in workbook; unit not stated on this sheet,EX_glu__L_e,54.302006572993804,54.302006572993804,mmol/gDW/h,direct numeric transfer per user instruction; source unit and biomass basis unverified,exact_name_or_id,positive consumption; negative production,positive secretion; negative uptake
Keibler2021 extracellular fluxes,Trial 2,EV,True,2.25,1,Glutamine,191.43459191222956,as reported in workbook; unit not stated on this sheet,EX_gln__L_e,-191.43459191222956,-191.43459191222956,mmol/gDW/h,direct numeric transfer per user instruction; source unit and biomass basis unverified,exact_name_or_id,positive consumption; negative production,positive secretion; negative uptake
Keibler2021 extracellular fluxes,Trial 2,EV,True,2.25,1,Glycine,4.940825210119113,as reported in workbook; unit not stated on this sheet,EX_gly_e,-4.940825210119113,-4.940825210119113,mmol/gDW/h,direct numeric transfer per user instruction; source unit and biomass basis unverified,exact_name_or_id,positive consumption; negative production,positive secretion; negative uptake
Keibler2021 extracellular fluxes,Trial 2,EV,True,2.25,1,Isoleucine,52.99518788811825,as reported in workbook; unit not stated on this sheet,EX_ile__L_e,-52.99518788811825,-52.99518788811825,mmol/gDW/h,direct numeric transfer per user instruction; source unit and biomass basis unverified,exact_name_or_id,positive consumption; negative production,positive secretion; negative uptake
Keibler2021 extracellular fluxes,Trial 2,EV,True,2.25,1,Lactate,-2390.0058139307985,as reported in workbook; unit not stated on this sheet,EX_lac__L_e,2390.0058139307985,2390.0058139307985,mmol/gDW/h,direct numeric transfer per user instruction; source unit and biomass basis unverified,curated_alias,positive consumption; negative production,positive secretion; negative uptake
Keibler2021 extracellular fluxes,Trial 2,EV,True,2.25,1,Leucine,48.128761231950186,as reported in workbook; unit not stated on this sheet,EX_leu__L_e,-48.128761231950186,-48.128761231950186,mmol/gDW/h,direct numeric transfer per user instruction; source unit and biomass basis unverified,exact_name_or_id,positive consumption; negative production,positive secretion; negative uptake
Keibler2021 extracellular fluxes,Trial 2,EV,True,2.25,1,Lysine,-1.157921324880869,as reported in workbook; unit not stated on this sheet,EX_lys__L_e,1.157921324880869,1.157921324880869,mmol/gDW/h,direct numeric transfer per user instruction; source unit and biomass basis unverified,exact_name_or_id,positive consumption; negative production,positive secretion; negative uptake
Keibler2021 extracellular fluxes,Trial 2,EV,True,2.25,1,Methionine,2.522693700344012,as reported in workbook; unit not stated on this sheet,EX_met__L_e,-2.522693700344012,-2.522693700344012,mmol/gDW/h,direct numeric transfer per user instruction; source unit and biomass basis unverified,exact_name_or_id,positive consumption; negative production,positive secretion; negative uptake
Keibler2021 extracellular fluxes,Trial 2,EV,True,2.25,1,Phenylalanine,4.131043495099755,as reported in workbook; unit not stated on this sheet,EX_phe__L_e,-4.131043495099755,-4.131043495099755,mmol/gDW/h,direct numeric transfer per user instruction; source unit and biomass basis unverified,exact_name_or_id,positive consumption; negative production,positive secretion; negative uptake
Keibler2021 extracellular fluxes,Trial 2,EV,True,2.25,1,Proline,-16.71935491965369,as reported in workbook; unit not stated on this sheet,EX_pro__L_e,16.71935491965369,16.71935491965369,mmol/gDW/h,direct numeric transfer per user instruction; source unit and biomass basis unverified,curated_alias,positive consumption; negative production,positive secretion; negative uptake
Keibler2021 extracellular fluxes,Trial 2,EV,True,2.25,1,Pyruvate,-171.14802939145352,as reported in workbook; unit not stated on this sheet,EX_pyr_e,171.14802939145352,171.14802939145352,mmol/gDW/h,direct numeric transfer per user instruction; source unit and biomass basis unverified,exact_name_or_id,positive consumption; negative production,positive secretion; negative uptake
Keibler2021 extracellular fluxes,Trial 2,EV,True,2.25,1,Serine,20.268360649687896,as reported in workbook; unit not stated on this sheet,EX_ser__L_e,-20.268360649687896,-20.268360649687896,mmol/gDW/h,direct numeric transfer per user instruction; source unit and biomass basis unverified,curated_alias,positive consumption; negative production,positive secretion; negative uptake
Keibler2021 extracellular fluxes,Trial 2,EV,True,2.25,1,Threonine,16.136447617560616,as reported in workbook; unit not stated on this sheet,EX_thr__L_e,-16.136447617560616,-16.136447617560616,mmol/gDW/h,direct numeric transfer per user instruction; source unit and biomass basis unverified,exact_name_or_id,positive consumption; negative production,positive secretion; negative uptake
Keibler2021 extracellular fluxes,Trial 2,EV,True,2.25,1,Tyrosine,14.649513564670006,as reported in workbook; unit not stated on this sheet,EX_tyr__L_e,-14.649513564670006,-14.649513564670006,mmol/gDW/h,direct numeric transfer per user instruction; source unit and biomass basis unverified,exact_name_or_id,positive consumption; negative production,positive secretion; negative uptake
Keibler2021 extracellular fluxes,Trial 2,EV,True,2.25,1,Valine,27.922580170577884,as reported in workbook; unit not stated on this sheet,EX_val__L_e,-27.922580170577884,-27.922580170577884,mmol/gDW/h,direct numeric transfer per user instruction; source unit and biomass basis unverified,exact_name_or_id,positive consumption; negative production,positive secretion; negative uptake
Keibler2021 extracellular fluxes,Trial 2,EV,True,2.25,1,Growth Rate,0.010160921908705284,as reported in workbook; unit not stated on this sheet,,,,,not applicable,not_exchange_metabolite,positive consumption; negative production,positive secretion; negative uptake
Keibler2021 extracellular fluxes,Trial 2,EV,True,2.25,2,Alanine,-113.49322647070318,as reported in workbook; unit not stated on this sheet,EX_ala__L_e,113.49322647070318,113.49322647070318,mmol/gDW/h,direct numeric transfer per user instruction; source unit and biomass basis unverified,curated_alias,positive consumption; negative production,positive secretion; negative uptake
Keibler2021 extracellular fluxes,Trial 2,EV,True,2.25,2,Aspartate,-4.8622617944992905,as reported in workbook; unit not stated on this sheet,EX_asp__L_e,4.8622617944992905,4.8622617944992905,mmol/gDW/h,direct numeric transfer per user instruction; source unit and biomass basis unverified,curated_alias,positive consumption; negative production,positive secretion; negative uptake
Keibler2021 extracellular fluxes,Trial 2,EV,True,2.25,2,Glucose,1345.952030096483,as reported in workbook; unit not stated on this sheet,EX_glc__D_e,-1345.952030096483,-1345.952030096483,mmol/gDW/h,direct numeric transfer per user instruction; source unit and biomass basis unverified,curated_alias,positive consumption; negative production,positive secretion; negative uptake
Keibler2021 extracellular fluxes,Trial 2,EV,True,2.25,2,Glutamate,-55.73676506059288,as reported in workbook; unit not stated on this sheet,EX_glu__L_e,55.73676506059288,55.73676506059288,mmol/gDW/h,direct numeric transfer per user instruction; source unit and biomass basis unverified,exact_name_or_id,positive consumption; negative production,positive secretion; negative uptake
Keibler2021 extracellular fluxes,Trial 2,EV,True,2.25,2,Glutamine,196.5918328741498,as reported in workbook; unit not stated on this sheet,EX_gln__L_e,-196.5918328741498,-196.5918328741498,mmol/gDW/h,direct numeric transfer per user instruction; source unit and biomass basis unverified,exact_name_or_id,positive consumption; negative production,positive secretion; negative uptake
Keibler2021 extracellular fluxes,Trial 2,EV,True,2.25,2,Glycine,3.5144526299996666,as reported in workbook; unit not stated on this sheet,EX_gly_e,-3.5144526299996666,-3.5144526299996666,mmol/gDW/h,direct numeric transfer per user instruction; source unit and biomass basis unverified,exact_name_or_id,positive consumption; negative production,positive secretion; negative uptake
Keibler2021 extracellular fluxes,Trial 2,EV,True,2.25,2,Isoleucine,51.64556208876432,as reported in workbook; unit not stated on this sheet,EX_ile__L_e,-51.64556208876432,-51.64556208876432,mmol/gDW/h,direct numeric transfer per user instruction; source unit and biomass basis unverified,exact_name_or_id,positive consumption; negative production,positive secretion; negative uptake
Keibler2021 extracellular fluxes,Trial 2,EV,True,2.25,2,Lactate,-2325.118726094961,as reported in workbook; unit not stated on this sheet,EX_lac__L_e,2325.118726094961,2325.118726094961,mmol/gDW/h,direct numeric transfer per user instruction; source unit and biomass basis unverified,curated_alias,positive consumption; negative production,positive secretion; negative uptake
Keibler2021 extracellular fluxes,Trial 2,EV,True,2.25,2,Leucine,49.72609558890191,as reported in workbook; unit not stated on this sheet,EX_leu__L_e,-49.72609558890191,-49.72609558890191,mmol/gDW/h,direct numeric transfer per user instruction; source unit and biomass basis unverified,exact_name_or_id,positive consumption; negative production,positive secretion; negative uptake
Keibler2021 extracellular fluxes,Trial 2,EV,True,2.25,2,Lysine,16.895541097466314,as reported in workbook; unit not stated on this sheet,EX_lys__L_e,-16.895541097466314,-16.895541097466314,mmol/gDW/h,direct numeric transfer per user instruction; source unit and biomass basis unverified,exact_name_or_id,positive consumption; negative production,positive secretion; negative uptake
Keibler2021 extracellular fluxes,Trial 2,EV,True,2.25,2,Methionine,2.286253149246466,as reported in workbook; unit not stated on this sheet,EX_met__L_e,-2.286253149246466,-2.286253149246466,mmol/gDW/h,direct numeric transfer per user instruction; source unit and biomass basis unverified,exact_name_or_id,positive consumption; negative production,positive secretion; negative uptake
Keibler2021 extracellular fluxes,Trial 2,EV,True,2.25,2,Phenylalanine,5.499621584015647,as reported in workbook; unit not stated on this sheet,EX_phe__L_e,-5.499621584015647,-5.499621584015647,mmol/gDW/h,direct numeric transfer per user instruction; source unit and biomass basis unverified,exact_name_or_id,positive consumption; negative production,positive secretion; negative uptake
Keibler2021 extracellular fluxes,Trial 2,EV,True,2.25,2,Proline,-16.23554165834638,as reported in workbook; unit not stated on this sheet,EX_pro__L_e,16.23554165834638,16.23554165834638,mmol/gDW/h,direct numeric transfer per user instruction; source unit and biomass basis unverified,curated_alias,positive consumption; negative production,positive secretion; negative uptake
Keibler2021 extracellular fluxes,Trial 2,EV,True,2.25,2,Pyruvate,-168.7533555906274,as reported in workbook; unit not stated on this sheet,EX_pyr_e,168.7533555906274,168.7533555906274,mmol/gDW/h,direct numeric transfer per user instruction; source unit and biomass basis unverified,exact_name_or_id,positive consumption; negative production,positive secretion; negative uptake
Keibler2021 extracellular fluxes,Trial 2,EV,True,2.25,2,Serine,19.554560902549884,as reported in workbook; unit not stated on this sheet,EX_ser__L_e,-19.554560902549884,-19.554560902549884,mmol/gDW/h,direct numeric transfer per user instruction; source unit and biomass basis unverified,curated_alias,positive consumption; negative production,positive secretion; negative uptake
Keibler2021 extracellular fluxes,Trial 2,EV,True,2.25,2,Threonine,21.100126976773964,as reported in workbook; unit not stated on this sheet,EX_thr__L_e,-21.100126976773964,-21.100126976773964,mmol/gDW/h,direct numeric transfer per user instruction; source unit and biomass basis unverified,exact_name_or_id,positive consumption; negative production,positive secretion; negative uptake
Keibler2021 extracellular fluxes,Trial 2,EV,True,2.25,2,Tyrosine,4.7170247489749855,as reported in workbook; unit not stated on this sheet,EX_tyr__L_e,-4.7170247489749855,-4.7170247489749855,mmol/gDW/h,direct numeric transfer per user instruction; source unit and biomass basis unverified,exact_name_or_id,positive consumption; negative production,positive secretion; negative uptake
Keibler2021 extracellular fluxes,Trial 2,EV,True,2.25,2,Valine,29.55702888371029,as reported in workbook; unit not stated on this sheet,EX_val__L_e,-29.55702888371029,-29.55702888371029,mmol/gDW/h,direct numeric transfer per user instruction; source unit and biomass basis unverified,exact_name_or_id,positive consumption; negative production,positive secretion; negative uptake
Keibler2021 extracellular fluxes,Trial 2,EV,True,2.25,2,Growth Rate,0.010501441152181165,as reported in workbook; unit not stated on this sheet,,,,,not applicable,not_exchange_metabolite,positive consumption; negative production,positive secretion; negative uptake
Keibler2021 extracellular fluxes,Trial 2,EV,True,0.75,1,Alanine,-76.4502485569594,as reported in workbook; unit not stated on this sheet,EX_ala__L_e,76.4502485569594,76.4502485569594,mmol/gDW/h,direct numeric transfer per user instruction; source unit and biomass basis unverified,curated_alias,positive consumption; negative production,positive secretion; negative uptake
Keibler2021 extracellular fluxes,Trial 2,EV,True,0.75,1,Aspartate,0.5330441032325357,as reported in workbook; unit not stated on this sheet,EX_asp__L_e,-0.5330441032325357,-0.5330441032325357,mmol/gDW/h,direct numeric transfer per user instruction; source unit and biomass basis unverified,curated_alias,positive consumption; negative production,positive secretion; negative uptake
Keibler2021 extracellular fluxes,Trial 2,EV,True,0.75,1,Glucose,593.4604231185906,as reported in workbook; unit not stated on this sheet,EX_glc__D_e,-593.4604231185906,-593.4604231185906,mmol/gDW/h,direct numeric transfer per user instruction; source unit and biomass basis unverified,curated_alias,positive consumption; negative production,positive secretion; negative uptake
Keibler2021 extracellular fluxes,Trial 2,EV,True,0.75,1,Glutamate,-3.564577891197328,as reported in workbook; unit not stated on this sheet,EX_glu__L_e,3.564577891197328,3.564577891197328,mmol/gDW/h,direct numeric transfer per user instruction; source unit and biomass basis unverified,exact_name_or_id,positive consumption; negative production,positive secretion; negative uptake
Keibler2021 extracellular fluxes,Trial 2,EV,True,0.75,1,Glutamine,60.88155368942109,as reported in workbook; unit not stated on this sheet,EX_gln__L_e,-60.88155368942109,-60.88155368942109,mmol/gDW/h,direct numeric transfer per user instruction; source unit and biomass basis unverified,exact_name_or_id,positive consumption; negative production,positive secretion; negative uptake
Keibler2021 extracellular fluxes,Trial 2,EV,True,0.75,1,Glycine,-14.338398805766442,as reported in workbook; unit not stated on this sheet,EX_gly_e,14.338398805766442,14.338398805766442,mmol/gDW/h,direct numeric transfer per user instruction; source unit and biomass basis unverified,exact_name_or_id,positive consumption; negative production,positive secretion; negative uptake
Keibler2021 extracellular fluxes,Trial 2,EV,True,0.75,1,Isoleucine,57.12410228817597,as reported in workbook; unit not stated on this sheet,EX_ile__L_e,-57.12410228817597,-57.12410228817597,mmol/gDW/h,direct numeric transfer per user instruction; source unit and biomass basis unverified,exact_name_or_id,positive consumption; negative production,positive secretion; negative uptake
Keibler2021 extracellular fluxes,Trial 2,EV,True,0.75,1,Lactate,-1424.8457539111494,as reported in workbook; unit not stated on this sheet,EX_lac__L_e,1424.8457539111494,1424.8457539111494,mmol/gDW/h,direct numeric transfer per user instruction; source unit and biomass basis unverified,curated_alias,positive consumption; negative production,positive secretion; negative uptake
Keibler2021 extracellular fluxes,Trial 2,EV,True,0.75,1,Leucine,47.07005505456878,as reported in workbook; unit not stated on this sheet,EX_leu__L_e,-47.07005505456878,-47.07005505456878,mmol/gDW/h,direct numeric transfer per user instruction; source unit and biomass basis unverified,exact_name_or_id,positive consumption; negative production,positive secretion; negative uptake
Keibler2021 extracellular fluxes,Trial 2,EV,True,0.75,1,Lysine,-21.308721454684623,as reported in workbook; unit not stated on this sheet,EX_lys__L_e,21.308721454684623,21.308721454684623,mmol/gDW/h,direct numeric transfer per user instruction; source unit and biomass basis unverified,exact_name_or_id,positive consumption; negative production,positive secretion; negative uptake
Keibler2021 extracellular fluxes,Trial 2,EV,True,0.75,1,Methionine,1.526244444703846,as reported in workbook; unit not stated on this sheet,EX_met__L_e,-1.526244444703846,-1.526244444703846,mmol/gDW/h,direct numeric transfer per user instruction; source unit and biomass basis unverified,exact_name_or_id,positive consumption; negative production,positive secretion; negative uptake
Keibler2021 extracellular fluxes,Trial 2,EV,True,0.75,1,Phenylalanine,2.029760051257987,as reported in workbook; unit not stated on this sheet,EX_phe__L_e,-2.029760051257987,-2.029760051257987,mmol/gDW/h,direct numeric transfer per user instruction; source unit and biomass basis unverified,exact_name_or_id,positive consumption; negative production,positive secretion; negative uptake
Keibler2021 extracellular fluxes,Trial 2,EV,True,0.75,1,Proline,-14.925501314095731,as reported in workbook; unit not stated on this sheet,EX_pro__L_e,14.925501314095731,14.925501314095731,mmol/gDW/h,direct numeric transfer per user instruction; source unit and biomass basis unverified,curated_alias,positive consumption; negative production,positive secretion; negative uptake
Keibler2021 extracellular fluxes,Trial 2,EV,True,0.75,1,Pyruvate,-130.14954525344368,as reported in workbook; unit not stated on this sheet,EX_pyr_e,130.14954525344368,130.14954525344368,mmol/gDW/h,direct numeric transfer per user instruction; source unit and biomass basis unverified,exact_name_or_id,positive consumption; negative production,positive secretion; negative uptake
Keibler2021 extracellular fluxes,Trial 2,EV,True,0.75,1,Serine,16.78483872638913,as reported in workbook; unit not stated on this sheet,EX_ser__L_e,-16.78483872638913,-16.78483872638913,mmol/gDW/h,direct numeric transfer per user instruction; source unit and biomass basis unverified,curated_alias,positive consumption; negative production,positive secretion; negative uptake
Keibler2021 extracellular fluxes,Trial 2,EV,True,0.75,1,Threonine,20.966751833901856,as reported in workbook; unit not stated on this sheet,EX_thr__L_e,-20.966751833901856,-20.966751833901856,mmol/gDW/h,direct numeric transfer per user instruction; source unit and biomass basis unverified,exact_name_or_id,positive consumption; negative production,positive secretion; negative uptake
Keibler2021 extracellular fluxes,Trial 2,EV,True,0.75,1,Tyrosine,1.6217029031847794,as reported in workbook; unit not stated on this sheet,EX_tyr__L_e,-1.6217029031847794,-1.6217029031847794,mmol/gDW/h,direct numeric transfer per user instruction; source unit and biomass basis unverified,exact_name_or_id,positive consumption; negative production,positive secretion; negative uptake
Keibler2021 extracellular fluxes,Trial 2,EV,True,0.75,1,Valine,24.896556053684815,as reported in workbook; unit not stated on this sheet,EX_val__L_e,-24.896556053684815,-24.896556053684815,mmol/gDW/h,direct numeric transfer per user instruction; source unit and biomass basis unverified,exact_name_or_id,positive consumption; negative production,positive secretion; negative uptake
Keibler2021 extracellular fluxes,Trial 2,EV,True,0.75,1,Growth Rate,0.002087332270866635,as reported in workbook; unit not stated on this sheet,,,,,not applicable,not_exchange_metabolite,positive consumption; negative production,positive secretion; negative uptake
Keibler2021 extracellular fluxes,Trial 2,EV,True,0.75,2,Alanine,-74.35377342381133,as reported in workbook; unit not stated on this sheet,EX_ala__L_e,74.35377342381133,74.35377342381133,mmol/gDW/h,direct numeric transfer per user instruction; source unit and biomass basis unverified,curated_alias,positive consumption; negative production,positive secretion; negative uptake
Keibler2021 extracellular fluxes,Trial 2,EV,True,0.75,2,Aspartate,-0.9307775544288607,as reported in workbook; unit not stated on this sheet,EX_asp__L_e,0.9307775544288607,0.9307775544288607,mmol/gDW/h,direct numeric transfer per user instruction; source unit and biomass basis unverified,curated_alias,positive consumption; negative production,positive secretion; negative uptake
Keibler2021 extracellular fluxes,Trial 2,EV,True,0.75,2,Glucose,718.5645725944155,as reported in workbook; unit not stated on this sheet,EX_glc__D_e,-718.5645725944155,-718.5645725944155,mmol/gDW/h,direct numeric transfer per user instruction; source unit and biomass basis unverified,curated_alias,positive consumption; negative production,positive secretion; negative uptake
Keibler2021 extracellular fluxes,Trial 2,EV,True,0.75,2,Glutamate,-3.8936835081767143,as reported in workbook; unit not stated on this sheet,EX_glu__L_e,3.8936835081767143,3.8936835081767143,mmol/gDW/h,direct numeric transfer per user instruction; source unit and biomass basis unverified,exact_name_or_id,positive consumption; negative production,positive secretion; negative uptake
Keibler2021 extracellular fluxes,Trial 2,EV,True,0.75,2,Glutamine,45.85257295907714,as reported in workbook; unit not stated on this sheet,EX_gln__L_e,-45.85257295907714,-45.85257295907714,mmol/gDW/h,direct numeric transfer per user instruction; source unit and biomass basis unverified,exact_name_or_id,positive consumption; negative production,positive secretion; negative uptake
Keibler2021 extracellular fluxes,Trial 2,EV,True,0.75,2,Glycine,-13.303860864085555,as reported in workbook; unit not stated on this sheet,EX_gly_e,13.303860864085555,13.303860864085555,mmol/gDW/h,direct numeric transfer per user instruction; source unit and biomass basis unverified,exact_name_or_id,positive consumption; negative production,positive secretion; negative uptake
Keibler2021 extracellular fluxes,Trial 2,EV,True,0.75,2,Isoleucine,57.20223908441701,as reported in workbook; unit not stated on this sheet,EX_ile__L_e,-57.20223908441701,-57.20223908441701,mmol/gDW/h,direct numeric transfer per user instruction; source unit and biomass basis unverified,exact_name_or_id,positive consumption; negative production,positive secretion; negative uptake
Keibler2021 extracellular fluxes,Trial 2,EV,True,0.75,2,Lactate,-1402.2082500720944,as reported in workbook; unit not stated on this sheet,EX_lac__L_e,1402.2082500720944,1402.2082500720944,mmol/gDW/h,direct numeric transfer per user instruction; source unit and biomass basis unverified,curated_alias,positive consumption; negative production,positive secretion; negative uptake
Keibler2021 extracellular fluxes,Trial 2,EV,True,0.75,2,Leucine,49.43967106796498,as reported in workbook; unit not stated on this sheet,EX_leu__L_e,-49.43967106796498,-49.43967106796498,mmol/gDW/h,direct numeric transfer per user instruction; source unit and biomass basis unverified,exact_name_or_id,positive consumption; negative production,positive secretion; negative uptake
Keibler2021 extracellular fluxes,Trial 2,EV,True,0.75,2,Lysine,-8.841190945741891,as reported in workbook; unit not stated on this sheet,EX_lys__L_e,8.841190945741891,8.841190945741891,mmol/gDW/h,direct numeric transfer per user instruction; source unit and biomass basis unverified,exact_name_or_id,positive consumption; negative production,positive secretion; negative uptake
Keibler2021 extracellular fluxes,Trial 2,EV,True,0.75,2,Methionine,0.8811726945443473,as reported in workbook; unit not stated on this sheet,EX_met__L_e,-0.8811726945443473,-0.8811726945443473,mmol/gDW/h,direct numeric transfer per user instruction; source unit and biomass basis unverified,exact_name_or_id,positive consumption; negative production,positive secretion; negative uptake
Keibler2021 extracellular fluxes,Trial 2,EV,True,0.75,2,Phenylalanine,-2.3281983040910608,as reported in workbook; unit not stated on this sheet,EX_phe__L_e,2.3281983040910608,2.3281983040910608,mmol/gDW/h,direct numeric transfer per user instruction; source unit and biomass basis unverified,exact_name_or_id,positive consumption; negative production,positive secretion; negative uptake
Keibler2021 extracellular fluxes,Trial 2,EV,True,0.75,2,Proline,-14.081726083274539,as reported in workbook; unit not stated on this sheet,EX_pro__L_e,14.081726083274539,14.081726083274539,mmol/gDW/h,direct numeric transfer per user instruction; source unit and biomass basis unverified,curated_alias,positive consumption; negative production,positive secretion; negative uptake
Keibler2021 extracellular fluxes,Trial 2,EV,True,0.75,2,Pyruvate,-127.0387638540842,as reported in workbook; unit not stated on this sheet,EX_pyr_e,127.0387638540842,127.0387638540842,mmol/gDW/h,direct numeric transfer per user instruction; source unit and biomass basis unverified,exact_name_or_id,positive consumption; negative production,positive secretion; negative uptake
Keibler2021 extracellular fluxes,Trial 2,EV,True,0.75,2,Serine,18.581996535027884,as reported in workbook; unit not stated on this sheet,EX_ser__L_e,-18.581996535027884,-18.581996535027884,mmol/gDW/h,direct numeric transfer per user instruction; source unit and biomass basis unverified,curated_alias,positive consumption; negative production,positive secretion; negative uptake
Keibler2021 extracellular fluxes,Trial 2,EV,True,0.75,2,Threonine,5.322968535503333,as reported in workbook; unit not stated on this sheet,EX_thr__L_e,-5.322968535503333,-5.322968535503333,mmol/gDW/h,direct numeric transfer per user instruction; source unit and biomass basis unverified,exact_name_or_id,positive consumption; negative production,positive secretion; negative uptake
Keibler2021 extracellular fluxes,Trial 2,EV,True,0.75,2,Tyrosine,15.30268501759477,as reported in workbook; unit not stated on this sheet,EX_tyr__L_e,-15.30268501759477,-15.30268501759477,mmol/gDW/h,direct numeric transfer per user instruction; source unit and biomass basis unverified,exact_name_or_id,positive consumption; negative production,positive secretion; negative uptake
Keibler2021 extracellular fluxes,Trial 2,EV,True,0.75,2,Valine,26.96960314333145,as reported in workbook; unit not stated on this sheet,EX_val__L_e,-26.96960314333145,-26.96960314333145,mmol/gDW/h,direct numeric transfer per user instruction; source unit and biomass basis unverified,exact_name_or_id,positive consumption; negative production,positive secretion; negative uptake
Keibler2021 extracellular fluxes,Trial 2,EV,True,0.75,2,Growth Rate,0.002341926196921913,as reported in workbook; unit not stated on this sheet,,,,,not applicable,not_exchange_metabolite,positive consumption; negative production,positive secretion; negative uptake
Keibler2021 extracellular fluxes,Trial 2,EV,True,0,1,Alanine,-54.95569419736874,as reported in workbook; unit not stated on this sheet,EX_ala__L_e,54.95569419736874,54.95569419736874,mmol/gDW/h,direct numeric transfer per user instruction; source unit and biomass basis unverified,curated_alias,positive consumption; negative production,positive secretion; negative uptake
Keibler2021 extracellular fluxes,Trial 2,EV,True,0,1,Aspartate,0.6774605722066365,as reported in workbook; unit not stated on this sheet,EX_asp__L_e,-0.6774605722066365,-0.6774605722066365,mmol/gDW/h,direct numeric transfer per user instruction; source unit and biomass basis unverified,curated_alias,positive consumption; negative production,positive secretion; negative uptake
Keibler2021 extracellular fluxes,Trial 2,EV,True,0,1,Glucose,556.5530022997649,as reported in workbook; unit not stated on this sheet,EX_glc__D_e,-556.5530022997649,-556.5530022997649,mmol/gDW/h,direct numeric transfer per user instruction; source unit and biomass basis unverified,curated_alias,positive consumption; negative production,positive secretion; negative uptake
Keibler2021 extracellular fluxes,Trial 2,EV,True,0,1,Glutamate,3.079317557936242,as reported in workbook; unit not stated on this sheet,EX_glu__L_e,-3.079317557936242,-3.079317557936242,mmol/gDW/h,direct numeric transfer per user instruction; source unit and biomass basis unverified,exact_name_or_id,positive consumption; negative production,positive secretion; negative uptake
Keibler2021 extracellular fluxes,Trial 2,EV,True,0,1,Glutamine,22.2520154461472,as reported in workbook; unit not stated on this sheet,EX_gln__L_e,-22.2520154461472,-22.2520154461472,mmol/gDW/h,direct numeric transfer per user instruction; source unit and biomass basis unverified,exact_name_or_id,positive consumption; negative production,positive secretion; negative uptake
Keibler2021 extracellular fluxes,Trial 2,EV,True,0,1,Glycine,-17.0165623785423,as reported in workbook; unit not stated on this sheet,EX_gly_e,17.0165623785423,17.0165623785423,mmol/gDW/h,direct numeric transfer per user instruction; source unit and biomass basis unverified,exact_name_or_id,positive consumption; negative production,positive secretion; negative uptake
Keibler2021 extracellular fluxes,Trial 2,EV,True,0,1,Isoleucine,55.14278191835107,as reported in workbook; unit not stated on this sheet,EX_ile__L_e,-55.14278191835107,-55.14278191835107,mmol/gDW/h,direct numeric transfer per user instruction; source unit and biomass basis unverified,exact_name_or_id,positive consumption; negative production,positive secretion; negative uptake
Keibler2021 extracellular fluxes,Trial 2,EV,True,0,1,Lactate,-999.5237592322314,as reported in workbook; unit not stated on this sheet,EX_lac__L_e,999.5237592322314,999.5237592322314,mmol/gDW/h,direct numeric transfer per user instruction; source unit and biomass basis unverified,curated_alias,positive consumption; negative production,positive secretion; negative uptake
Keibler2021 extracellular fluxes,Trial 2,EV,True,0,1,Leucine,46.049932434750545,as reported in workbook; unit not stated on this sheet,EX_leu__L_e,-46.049932434750545,-46.049932434750545,mmol/gDW/h,direct numeric transfer per user instruction; source unit and biomass basis unverified,exact_name_or_id,positive consumption; negative production,positive secretion; negative uptake
Keibler2021 extracellular fluxes,Trial 2,EV,True,0,1,Lysine,-9.711988728191224,as reported in workbook; unit not stated on this sheet,EX_lys__L_e,9.711988728191224,9.711988728191224,mmol/gDW/h,direct numeric transfer per user instruction; source unit and biomass basis unverified,exact_name_or_id,positive consumption; negative production,positive secretion; negative uptake
Keibler2021 extracellular fluxes,Trial 2,EV,True,0,1,Methionine,-0.0818125811992152,as reported in workbook; unit not stated on this sheet,EX_met__L_e,0.0818125811992152,0.0818125811992152,mmol/gDW/h,direct numeric transfer per user instruction; source unit and biomass basis unverified,exact_name_or_id,positive consumption; negative production,positive secretion; negative uptake
Keibler2021 extracellular fluxes,Trial 2,EV,True,0,1,Phenylalanine,0.8774306899014134,as reported in workbook; unit not stated on this sheet,EX_phe__L_e,-0.8774306899014134,-0.8774306899014134,mmol/gDW/h,direct numeric transfer per user instruction; source unit and biomass basis unverified,exact_name_or_id,positive consumption; negative production,positive secretion; negative uptake
Keibler2021 extracellular fluxes,Trial 2,EV,True,0,1,Proline,-12.856404126546831,as reported in workbook; unit not stated on this sheet,EX_pro__L_e,12.856404126546831,12.856404126546831,mmol/gDW/h,direct numeric transfer per user instruction; source unit and biomass basis unverified,curated_alias,positive consumption; negative production,positive secretion; negative uptake
Keibler2021 extracellular fluxes,Trial 2,EV,True,0,1,Pyruvate,-80.82276969084354,as reported in workbook; unit not stated on this sheet,EX_pyr_e,80.82276969084354,80.82276969084354,mmol/gDW/h,direct numeric transfer per user instruction; source unit and biomass basis unverified,exact_name_or_id,positive consumption; negative production,positive secretion; negative uptake
Keibler2021 extracellular fluxes,Trial 2,EV,True,0,1,Serine,19.10637171666525,as reported in workbook; unit not stated on this sheet,EX_ser__L_e,-19.10637171666525,-19.10637171666525,mmol/gDW/h,direct numeric transfer per user instruction; source unit and biomass basis unverified,curated_alias,positive consumption; negative production,positive secretion; negative uptake
Keibler2021 extracellular fluxes,Trial 2,EV,True,0,1,Threonine,6.404009468666792,as reported in workbook; unit not stated on this sheet,EX_thr__L_e,-6.404009468666792,-6.404009468666792,mmol/gDW/h,direct numeric transfer per user instruction; source unit and biomass basis unverified,exact_name_or_id,positive consumption; negative production,positive secretion; negative uptake
Keibler2021 extracellular fluxes,Trial 2,EV,True,0,1,Tyrosine,0.9463942228169274,as reported in workbook; unit not stated on this sheet,EX_tyr__L_e,-0.9463942228169274,-0.9463942228169274,mmol/gDW/h,direct numeric transfer per user instruction; source unit and biomass basis unverified,exact_name_or_id,positive consumption; negative production,positive secretion; negative uptake
Keibler2021 extracellular fluxes,Trial 2,EV,True,0,1,Valine,27.66786279184517,as reported in workbook; unit not stated on this sheet,EX_val__L_e,-27.66786279184517,-27.66786279184517,mmol/gDW/h,direct numeric transfer per user instruction; source unit and biomass basis unverified,exact_name_or_id,positive consumption; negative production,positive secretion; negative uptake
Keibler2021 extracellular fluxes,Trial 2,EV,True,0,1,Growth Rate,0.00019460544502847635,as reported in workbook; unit not stated on this sheet,,,,,not applicable,not_exchange_metabolite,positive consumption; negative production,positive secretion; negative uptake
Keibler2021 extracellular fluxes,Trial 2,EV,True,0,2,Alanine,-55.78493743134687,as reported in workbook; unit not stated on this sheet,EX_ala__L_e,55.78493743134687,55.78493743134687,mmol/gDW/h,direct numeric transfer per user instruction; source unit and biomass basis unverified,curated_alias,positive consumption; negative production,positive secretion; negative uptake
Keibler2021 extracellular fluxes,Trial 2,EV,True,0,2,Aspartate,-1.7225511906198012,as reported in workbook; unit not stated on this sheet,EX_asp__L_e,1.7225511906198012,1.7225511906198012,mmol/gDW/h,direct numeric transfer per user instruction; source unit and biomass basis unverified,curated_alias,positive consumption; negative production,positive secretion; negative uptake
Keibler2021 extracellular fluxes,Trial 2,EV,True,0,2,Glucose,600.0746863040677,as reported in workbook; unit not stated on this sheet,EX_glc__D_e,-600.0746863040677,-600.0746863040677,mmol/gDW/h,direct numeric transfer per user instruction; source unit and biomass basis unverified,curated_alias,positive consumption; negative production,positive secretion; negative uptake
Keibler2021 extracellular fluxes,Trial 2,EV,True,0,2,Glutamate,2.9910535162985625,as reported in workbook; unit not stated on this sheet,EX_glu__L_e,-2.9910535162985625,-2.9910535162985625,mmol/gDW/h,direct numeric transfer per user instruction; source unit and biomass basis unverified,exact_name_or_id,positive consumption; negative production,positive secretion; negative uptake
Keibler2021 extracellular fluxes,Trial 2,EV,True,0,2,Glutamine,53.52961299187773,as reported in workbook; unit not stated on this sheet,EX_gln__L_e,-53.52961299187773,-53.52961299187773,mmol/gDW/h,direct numeric transfer per user instruction; source unit and biomass basis unverified,exact_name_or_id,positive consumption; negative production,positive secretion; negative uptake
Keibler2021 extracellular fluxes,Trial 2,EV,True,0,2,Glycine,-14.468410341234339,as reported in workbook; unit not stated on this sheet,EX_gly_e,14.468410341234339,14.468410341234339,mmol/gDW/h,direct numeric transfer per user instruction; source unit and biomass basis unverified,exact_name_or_id,positive consumption; negative production,positive secretion; negative uptake
Keibler2021 extracellular fluxes,Trial 2,EV,True,0,2,Isoleucine,58.149034821101395,as reported in workbook; unit not stated on this sheet,EX_ile__L_e,-58.149034821101395,-58.149034821101395,mmol/gDW/h,direct numeric transfer per user instruction; source unit and biomass basis unverified,exact_name_or_id,positive consumption; negative production,positive secretion; negative uptake
Keibler2021 extracellular fluxes,Trial 2,EV,True,0,2,Lactate,-1006.9200053787611,as reported in workbook; unit not stated on this sheet,EX_lac__L_e,1006.9200053787611,1006.9200053787611,mmol/gDW/h,direct numeric transfer per user instruction; source unit and biomass basis unverified,curated_alias,positive consumption; negative production,positive secretion; negative uptake
Keibler2021 extracellular fluxes,Trial 2,EV,True,0,2,Leucine,50.36994131497944,as reported in workbook; unit not stated on this sheet,EX_leu__L_e,-50.36994131497944,-50.36994131497944,mmol/gDW/h,direct numeric transfer per user instruction; source unit and biomass basis unverified,exact_name_or_id,positive consumption; negative production,positive secretion; negative uptake
Keibler2021 extracellular fluxes,Trial 2,EV,True,0,2,Lysine,17.20947563300838,as reported in workbook; unit not stated on this sheet,EX_lys__L_e,-17.20947563300838,-17.20947563300838,mmol/gDW/h,direct numeric transfer per user instruction; source unit and biomass basis unverified,exact_name_or_id,positive consumption; negative production,positive secretion; negative uptake
Keibler2021 extracellular fluxes,Trial 2,EV,True,0,2,Methionine,2.3583629221264673,as reported in workbook; unit not stated on this sheet,EX_met__L_e,-2.3583629221264673,-2.3583629221264673,mmol/gDW/h,direct numeric transfer per user instruction; source unit and biomass basis unverified,exact_name_or_id,positive consumption; negative production,positive secretion; negative uptake
Keibler2021 extracellular fluxes,Trial 2,EV,True,0,2,Phenylalanine,0.13011651283672043,as reported in workbook; unit not stated on this sheet,EX_phe__L_e,-0.13011651283672043,-0.13011651283672043,mmol/gDW/h,direct numeric transfer per user instruction; source unit and biomass basis unverified,exact_name_or_id,positive consumption; negative production,positive secretion; negative uptake
Keibler2021 extracellular fluxes,Trial 2,EV,True,0,2,Proline,-12.902468404578299,as reported in workbook; unit not stated on this sheet,EX_pro__L_e,12.902468404578299,12.902468404578299,mmol/gDW/h,direct numeric transfer per user instruction; source unit and biomass basis unverified,curated_alias,positive consumption; negative production,positive secretion; negative uptake
Keibler2021 extracellular fluxes,Trial 2,EV,True,0,2,Pyruvate,-79.30383327326025,as reported in workbook; unit not stated on this sheet,EX_pyr_e,79.30383327326025,79.30383327326025,mmol/gDW/h,direct numeric transfer per user instruction; source unit and biomass basis unverified,exact_name_or_id,positive consumption; negative production,positive secretion; negative uptake
Keibler2021 extracellular fluxes,Trial 2,EV,True,0,2,Serine,21.36936932653415,as reported in workbook; unit not stated on this sheet,EX_ser__L_e,-21.36936932653415,-21.36936932653415,mmol/gDW/h,direct numeric transfer per user instruction; source unit and biomass basis unverified,curated_alias,positive consumption; negative production,positive secretion; negative uptake
Keibler2021 extracellular fluxes,Trial 2,EV,True,0,2,Threonine,10.158826481688738,as reported in workbook; unit not stated on this sheet,EX_thr__L_e,-10.158826481688738,-10.158826481688738,mmol/gDW/h,direct numeric transfer per user instruction; source unit and biomass basis unverified,exact_name_or_id,positive consumption; negative production,positive secretion; negative uptake
Keibler2021 extracellular fluxes,Trial 2,EV,True,0,2,Tyrosine,4.19618105510752,as reported in workbook; unit not stated on this sheet,EX_tyr__L_e,-4.19618105510752,-4.19618105510752,mmol/gDW/h,direct numeric transfer per user instruction; source unit and biomass basis unverified,exact_name_or_id,positive consumption; negative production,positive secretion; negative uptake
Keibler2021 extracellular fluxes,Trial 2,EV,True,0,2,Valine,30.955256171285242,as reported in workbook; unit not stated on this sheet,EX_val__L_e,-30.955256171285242,-30.955256171285242,mmol/gDW/h,direct numeric transfer per user instruction; source unit and biomass basis unverified,exact_name_or_id,positive consumption; negative production,positive secretion; negative uptake
Keibler2021 extracellular fluxes,Trial 2,EV,True,0,2,Growth Rate,-0.00038144696950999276,as reported in workbook; unit not stated on this sheet,,,,,not applicable,not_exchange_metabolite,positive consumption; negative production,positive secretion; negative uptake
Keibler2021 extracellular fluxes,Trial 2,EV,True,0,3,Alanine,-55.258257782803724,as reported in workbook; unit not stated on this sheet,EX_ala__L_e,55.258257782803724,55.258257782803724,mmol/gDW/h,direct numeric transfer per user instruction; source unit and biomass basis unverified,curated_alias,positive consumption; negative production,positive secretion; negative uptake
Keibler2021 extracellular fluxes,Trial 2,EV,True,0,3,Aspartate,-1.526229568818551,as reported in workbook; unit not stated on this sheet,EX_asp__L_e,1.526229568818551,1.526229568818551,mmol/gDW/h,direct numeric transfer per user instruction; source unit and biomass basis unverified,curated_alias,positive consumption; negative production,positive secretion; negative uptake
Keibler2021 extracellular fluxes,Trial 2,EV,True,0,3,Glucose,544.089827004585,as reported in workbook; unit not stated on this sheet,EX_glc__D_e,-544.089827004585,-544.089827004585,mmol/gDW/h,direct numeric transfer per user instruction; source unit and biomass basis unverified,curated_alias,positive consumption; negative production,positive secretion; negative uptake
Keibler2021 extracellular fluxes,Trial 2,EV,True,0,3,Glutamate,2.9851567281411175,as reported in workbook; unit not stated on this sheet,EX_glu__L_e,-2.9851567281411175,-2.9851567281411175,mmol/gDW/h,direct numeric transfer per user instruction; source unit and biomass basis unverified,exact_name_or_id,positive consumption; negative production,positive secretion; negative uptake
Keibler2021 extracellular fluxes,Trial 2,EV,True,0,3,Glutamine,27.592016725235794,as reported in workbook; unit not stated on this sheet,EX_gln__L_e,-27.592016725235794,-27.592016725235794,mmol/gDW/h,direct numeric transfer per user instruction; source unit and biomass basis unverified,exact_name_or_id,positive consumption; negative production,positive secretion; negative uptake
Keibler2021 extracellular fluxes,Trial 2,EV,True,0,3,Glycine,-17.818060614161578,as reported in workbook; unit not stated on this sheet,EX_gly_e,17.818060614161578,17.818060614161578,mmol/gDW/h,direct numeric transfer per user instruction; source unit and biomass basis unverified,exact_name_or_id,positive consumption; negative production,positive secretion; negative uptake
Keibler2021 extracellular fluxes,Trial 2,EV,True,0,3,Isoleucine,53.910652046895635,as reported in workbook; unit not stated on this sheet,EX_ile__L_e,-53.910652046895635,-53.910652046895635,mmol/gDW/h,direct numeric transfer per user instruction; source unit and biomass basis unverified,exact_name_or_id,positive consumption; negative production,positive secretion; negative uptake
Keibler2021 extracellular fluxes,Trial 2,EV,True,0,3,Lactate,-995.0549292603671,as reported in workbook; unit not stated on this sheet,EX_lac__L_e,995.0549292603671,995.0549292603671,mmol/gDW/h,direct numeric transfer per user instruction; source unit and biomass basis unverified,curated_alias,positive consumption; negative production,positive secretion; negative uptake
Keibler2021 extracellular fluxes,Trial 2,EV,True,0,3,Leucine,46.81384332644988,as reported in workbook; unit not stated on this sheet,EX_leu__L_e,-46.81384332644988,-46.81384332644988,mmol/gDW/h,direct numeric transfer per user instruction; source unit and biomass basis unverified,exact_name_or_id,positive consumption; negative production,positive secretion; negative uptake
Keibler2021 extracellular fluxes,Trial 2,EV,True,0,3,Lysine,-1.861626669010113,as reported in workbook; unit not stated on this sheet,EX_lys__L_e,1.861626669010113,1.861626669010113,mmol/gDW/h,direct numeric transfer per user instruction; source unit and biomass basis unverified,exact_name_or_id,positive consumption; negative production,positive secretion; negative uptake
Keibler2021 extracellular fluxes,Trial 2,EV,True,0,3,Methionine,-0.13985254268704833,as reported in workbook; unit not stated on this sheet,EX_met__L_e,0.13985254268704833,0.13985254268704833,mmol/gDW/h,direct numeric transfer per user instruction; source unit and biomass basis unverified,exact_name_or_id,positive consumption; negative production,positive secretion; negative uptake
Keibler2021 extracellular fluxes,Trial 2,EV,True,0,3,Phenylalanine,0.25019193653643496,as reported in workbook; unit not stated on this sheet,EX_phe__L_e,-0.25019193653643496,-0.25019193653643496,mmol/gDW/h,direct numeric transfer per user instruction; source unit and biomass basis unverified,exact_name_or_id,positive consumption; negative production,positive secretion; negative uptake
Keibler2021 extracellular fluxes,Trial 2,EV,True,0,3,Proline,-12.907947986267033,as reported in workbook; unit not stated on this sheet,EX_pro__L_e,12.907947986267033,12.907947986267033,mmol/gDW/h,direct numeric transfer per user instruction; source unit and biomass basis unverified,curated_alias,positive consumption; negative production,positive secretion; negative uptake
Keibler2021 extracellular fluxes,Trial 2,EV,True,0,3,Pyruvate,-79.24032980489065,as reported in workbook; unit not stated on this sheet,EX_pyr_e,79.24032980489065,79.24032980489065,mmol/gDW/h,direct numeric transfer per user instruction; source unit and biomass basis unverified,exact_name_or_id,positive consumption; negative production,positive secretion; negative uptake
Keibler2021 extracellular fluxes,Trial 2,EV,True,0,3,Serine,19.9795740092849,as reported in workbook; unit not stated on this sheet,EX_ser__L_e,-19.9795740092849,-19.9795740092849,mmol/gDW/h,direct numeric transfer per user instruction; source unit and biomass basis unverified,curated_alias,positive consumption; negative production,positive secretion; negative uptake
Keibler2021 extracellular fluxes,Trial 2,EV,True,0,3,Threonine,19.4839928389679,as reported in workbook; unit not stated on this sheet,EX_thr__L_e,-19.4839928389679,-19.4839928389679,mmol/gDW/h,direct numeric transfer per user instruction; source unit and biomass basis unverified,exact_name_or_id,positive consumption; negative production,positive secretion; negative uptake
Keibler2021 extracellular fluxes,Trial 2,EV,True,0,3,Tyrosine,17.011729134057425,as reported in workbook; unit not stated on this sheet,EX_tyr__L_e,-17.011729134057425,-17.011729134057425,mmol/gDW/h,direct numeric transfer per user instruction; source unit and biomass basis unverified,exact_name_or_id,positive consumption; negative production,positive secretion; negative uptake
Keibler2021 extracellular fluxes,Trial 2,EV,True,0,3,Valine,25.271147192725344,as reported in workbook; unit not stated on this sheet,EX_val__L_e,-25.271147192725344,-25.271147192725344,mmol/gDW/h,direct numeric transfer per user instruction; source unit and biomass basis unverified,exact_name_or_id,positive consumption; negative production,positive secretion; negative uptake
Keibler2021 extracellular fluxes,Trial 2,EV,True,0,3,Growth Rate,0.0007199737818266229,as reported in workbook; unit not stated on this sheet,,,,,not applicable,not_exchange_metabolite,positive consumption; negative production,positive secretion; negative uptake
Keibler2021 extracellular fluxes,Trial 2,KRAS,True,5,1,Alanine,-80.3284156232485,as reported in workbook; unit not stated on this sheet,EX_ala__L_e,80.3284156232485,80.3284156232485,mmol/gDW/h,direct numeric transfer per user instruction; source unit and biomass basis unverified,curated_alias,positive consumption; negative production,positive secretion; negative uptake
Keibler2021 extracellular fluxes,Trial 2,KRAS,True,5,1,Aspartate,-17.680715513849183,as reported in workbook; unit not stated on this sheet,EX_asp__L_e,17.680715513849183,17.680715513849183,mmol/gDW/h,direct numeric transfer per user instruction; source unit and biomass basis unverified,curated_alias,positive consumption; negative production,positive secretion; negative uptake
Keibler2021 extracellular fluxes,Trial 2,KRAS,True,5,1,Glucose,1935.9949624553667,as reported in workbook; unit not stated on this sheet,EX_glc__D_e,-1935.9949624553667,-1935.9949624553667,mmol/gDW/h,direct numeric transfer per user instruction; source unit and biomass basis unverified,curated_alias,positive consumption; negative production,positive secretion; negative uptake
Keibler2021 extracellular fluxes,Trial 2,KRAS,True,5,1,Glutamate,-248.40980723807303,as reported in workbook; unit not stated on this sheet,EX_glu__L_e,248.40980723807303,248.40980723807303,mmol/gDW/h,direct numeric transfer per user instruction; source unit and biomass basis unverified,exact_name_or_id,positive consumption; negative production,positive secretion; negative uptake
Keibler2021 extracellular fluxes,Trial 2,KRAS,True,5,1,Glutamine,404.8494832307579,as reported in workbook; unit not stated on this sheet,EX_gln__L_e,-404.8494832307579,-404.8494832307579,mmol/gDW/h,direct numeric transfer per user instruction; source unit and biomass basis unverified,exact_name_or_id,positive consumption; negative production,positive secretion; negative uptake
Keibler2021 extracellular fluxes,Trial 2,KRAS,True,5,1,Glycine,24.521804916443326,as reported in workbook; unit not stated on this sheet,EX_gly_e,-24.521804916443326,-24.521804916443326,mmol/gDW/h,direct numeric transfer per user instruction; source unit and biomass basis unverified,exact_name_or_id,positive consumption; negative production,positive secretion; negative uptake
Keibler2021 extracellular fluxes,Trial 2,KRAS,True,5,1,Isoleucine,50.64969604297727,as reported in workbook; unit not stated on this sheet,EX_ile__L_e,-50.64969604297727,-50.64969604297727,mmol/gDW/h,direct numeric transfer per user instruction; source unit and biomass basis unverified,exact_name_or_id,positive consumption; negative production,positive secretion; negative uptake
Keibler2021 extracellular fluxes,Trial 2,KRAS,True,5,1,Lactate,-3854.636468664635,as reported in workbook; unit not stated on this sheet,EX_lac__L_e,3854.636468664635,3854.636468664635,mmol/gDW/h,direct numeric transfer per user instruction; source unit and biomass basis unverified,curated_alias,positive consumption; negative production,positive secretion; negative uptake
Keibler2021 extracellular fluxes,Trial 2,KRAS,True,5,1,Leucine,55.02994122591077,as reported in workbook; unit not stated on this sheet,EX_leu__L_e,-55.02994122591077,-55.02994122591077,mmol/gDW/h,direct numeric transfer per user instruction; source unit and biomass basis unverified,exact_name_or_id,positive consumption; negative production,positive secretion; negative uptake
Keibler2021 extracellular fluxes,Trial 2,KRAS,True,5,1,Lysine,27.99751295164973,as reported in workbook; unit not stated on this sheet,EX_lys__L_e,-27.99751295164973,-27.99751295164973,mmol/gDW/h,direct numeric transfer per user instruction; source unit and biomass basis unverified,exact_name_or_id,positive consumption; negative production,positive secretion; negative uptake
Keibler2021 extracellular fluxes,Trial 2,KRAS,True,5,1,Methionine,5.20653323458947,as reported in workbook; unit not stated on this sheet,EX_met__L_e,-5.20653323458947,-5.20653323458947,mmol/gDW/h,direct numeric transfer per user instruction; source unit and biomass basis unverified,exact_name_or_id,positive consumption; negative production,positive secretion; negative uptake
Keibler2021 extracellular fluxes,Trial 2,KRAS,True,5,1,Phenylalanine,8.502740825462313,as reported in workbook; unit not stated on this sheet,EX_phe__L_e,-8.502740825462313,-8.502740825462313,mmol/gDW/h,direct numeric transfer per user instruction; source unit and biomass basis unverified,exact_name_or_id,positive consumption; negative production,positive secretion; negative uptake
Keibler2021 extracellular fluxes,Trial 2,KRAS,True,5,1,Proline,-11.809613329711585,as reported in workbook; unit not stated on this sheet,EX_pro__L_e,11.809613329711585,11.809613329711585,mmol/gDW/h,direct numeric transfer per user instruction; source unit and biomass basis unverified,curated_alias,positive consumption; negative production,positive secretion; negative uptake
Keibler2021 extracellular fluxes,Trial 2,KRAS,True,5,1,Pyruvate,-102.24909140076801,as reported in workbook; unit not stated on this sheet,EX_pyr_e,102.24909140076801,102.24909140076801,mmol/gDW/h,direct numeric transfer per user instruction; source unit and biomass basis unverified,exact_name_or_id,positive consumption; negative production,positive secretion; negative uptake
Keibler2021 extracellular fluxes,Trial 2,KRAS,True,5,1,Serine,38.946326078525885,as reported in workbook; unit not stated on this sheet,EX_ser__L_e,-38.946326078525885,-38.946326078525885,mmol/gDW/h,direct numeric transfer per user instruction; source unit and biomass basis unverified,curated_alias,positive consumption; negative production,positive secretion; negative uptake
Keibler2021 extracellular fluxes,Trial 2,KRAS,True,5,1,Threonine,27.630384609963592,as reported in workbook; unit not stated on this sheet,EX_thr__L_e,-27.630384609963592,-27.630384609963592,mmol/gDW/h,direct numeric transfer per user instruction; source unit and biomass basis unverified,exact_name_or_id,positive consumption; negative production,positive secretion; negative uptake
Keibler2021 extracellular fluxes,Trial 2,KRAS,True,5,1,Tyrosine,15.114169350840841,as reported in workbook; unit not stated on this sheet,EX_tyr__L_e,-15.114169350840841,-15.114169350840841,mmol/gDW/h,direct numeric transfer per user instruction; source unit and biomass basis unverified,exact_name_or_id,positive consumption; negative production,positive secretion; negative uptake
Keibler2021 extracellular fluxes,Trial 2,KRAS,True,5,1,Valine,35.866671409901656,as reported in workbook; unit not stated on this sheet,EX_val__L_e,-35.866671409901656,-35.866671409901656,mmol/gDW/h,direct numeric transfer per user instruction; source unit and biomass basis unverified,exact_name_or_id,positive consumption; negative production,positive secretion; negative uptake
Keibler2021 extracellular fluxes,Trial 2,KRAS,True,5,1,Growth Rate,0.02069665358641691,as reported in workbook; unit not stated on this sheet,,,,,not applicable,not_exchange_metabolite,positive consumption; negative production,positive secretion; negative uptake
Keibler2021 extracellular fluxes,Trial 2,KRAS,True,5,2,Alanine,-78.1326204360083,as reported in workbook; unit not stated on this sheet,EX_ala__L_e,78.1326204360083,78.1326204360083,mmol/gDW/h,direct numeric transfer per user instruction; source unit and biomass basis unverified,curated_alias,positive consumption; negative production,positive secretion; negative uptake
Keibler2021 extracellular fluxes,Trial 2,KRAS,True,5,2,Aspartate,-18.35370276551268,as reported in workbook; unit not stated on this sheet,EX_asp__L_e,18.35370276551268,18.35370276551268,mmol/gDW/h,direct numeric transfer per user instruction; source unit and biomass basis unverified,curated_alias,positive consumption; negative production,positive secretion; negative uptake
Keibler2021 extracellular fluxes,Trial 2,KRAS,True,5,2,Glucose,1945.0135492797856,as reported in workbook; unit not stated on this sheet,EX_glc__D_e,-1945.0135492797856,-1945.0135492797856,mmol/gDW/h,direct numeric transfer per user instruction; source unit and biomass basis unverified,curated_alias,positive consumption; negative production,positive secretion; negative uptake
Keibler2021 extracellular fluxes,Trial 2,KRAS,True,5,2,Glutamate,-241.92932672789948,as reported in workbook; unit not stated on this sheet,EX_glu__L_e,241.92932672789948,241.92932672789948,mmol/gDW/h,direct numeric transfer per user instruction; source unit and biomass basis unverified,exact_name_or_id,positive consumption; negative production,positive secretion; negative uptake
Keibler2021 extracellular fluxes,Trial 2,KRAS,True,5,2,Glutamine,378.7492204563559,as reported in workbook; unit not stated on this sheet,EX_gln__L_e,-378.7492204563559,-378.7492204563559,mmol/gDW/h,direct numeric transfer per user instruction; source unit and biomass basis unverified,exact_name_or_id,positive consumption; negative production,positive secretion; negative uptake
Keibler2021 extracellular fluxes,Trial 2,KRAS,True,5,2,Glycine,19.10499247081122,as reported in workbook; unit not stated on this sheet,EX_gly_e,-19.10499247081122,-19.10499247081122,mmol/gDW/h,direct numeric transfer per user instruction; source unit and biomass basis unverified,exact_name_or_id,positive consumption; negative production,positive secretion; negative uptake
Keibler2021 extracellular fluxes,Trial 2,KRAS,True,5,2,Isoleucine,44.876348304827516,as reported in workbook; unit not stated on this sheet,EX_ile__L_e,-44.876348304827516,-44.876348304827516,mmol/gDW/h,direct numeric transfer per user instruction; source unit and biomass basis unverified,exact_name_or_id,positive consumption; negative production,positive secretion; negative uptake
Keibler2021 extracellular fluxes,Trial 2,KRAS,True,5,2,Lactate,-3705.909140124722,as reported in workbook; unit not stated on this sheet,EX_lac__L_e,3705.909140124722,3705.909140124722,mmol/gDW/h,direct numeric transfer per user instruction; source unit and biomass basis unverified,curated_alias,positive consumption; negative production,positive secretion; negative uptake
Keibler2021 extracellular fluxes,Trial 2,KRAS,True,5,2,Leucine,53.25155825358167,as reported in workbook; unit not stated on this sheet,EX_leu__L_e,-53.25155825358167,-53.25155825358167,mmol/gDW/h,direct numeric transfer per user instruction; source unit and biomass basis unverified,exact_name_or_id,positive consumption; negative production,positive secretion; negative uptake
Keibler2021 extracellular fluxes,Trial 2,KRAS,True,5,2,Lysine,28.872721398473477,as reported in workbook; unit not stated on this sheet,EX_lys__L_e,-28.872721398473477,-28.872721398473477,mmol/gDW/h,direct numeric transfer per user instruction; source unit and biomass basis unverified,exact_name_or_id,positive consumption; negative production,positive secretion; negative uptake
Keibler2021 extracellular fluxes,Trial 2,KRAS,True,5,2,Methionine,6.4254957976854055,as reported in workbook; unit not stated on this sheet,EX_met__L_e,-6.4254957976854055,-6.4254957976854055,mmol/gDW/h,direct numeric transfer per user instruction; source unit and biomass basis unverified,exact_name_or_id,positive consumption; negative production,positive secretion; negative uptake
Keibler2021 extracellular fluxes,Trial 2,KRAS,True,5,2,Phenylalanine,8.104824008338857,as reported in workbook; unit not stated on this sheet,EX_phe__L_e,-8.104824008338857,-8.104824008338857,mmol/gDW/h,direct numeric transfer per user instruction; source unit and biomass basis unverified,exact_name_or_id,positive consumption; negative production,positive secretion; negative uptake
Keibler2021 extracellular fluxes,Trial 2,KRAS,True,5,2,Proline,-11.288631292127906,as reported in workbook; unit not stated on this sheet,EX_pro__L_e,11.288631292127906,11.288631292127906,mmol/gDW/h,direct numeric transfer per user instruction; source unit and biomass basis unverified,curated_alias,positive consumption; negative production,positive secretion; negative uptake
Keibler2021 extracellular fluxes,Trial 2,KRAS,True,5,2,Pyruvate,-100.58434588002454,as reported in workbook; unit not stated on this sheet,EX_pyr_e,100.58434588002454,100.58434588002454,mmol/gDW/h,direct numeric transfer per user instruction; source unit and biomass basis unverified,exact_name_or_id,positive consumption; negative production,positive secretion; negative uptake
Keibler2021 extracellular fluxes,Trial 2,KRAS,True,5,2,Serine,34.11528225150198,as reported in workbook; unit not stated on this sheet,EX_ser__L_e,-34.11528225150198,-34.11528225150198,mmol/gDW/h,direct numeric transfer per user instruction; source unit and biomass basis unverified,curated_alias,positive consumption; negative production,positive secretion; negative uptake
Keibler2021 extracellular fluxes,Trial 2,KRAS,True,5,2,Threonine,29.299883183559633,as reported in workbook; unit not stated on this sheet,EX_thr__L_e,-29.299883183559633,-29.299883183559633,mmol/gDW/h,direct numeric transfer per user instruction; source unit and biomass basis unverified,exact_name_or_id,positive consumption; negative production,positive secretion; negative uptake
Keibler2021 extracellular fluxes,Trial 2,KRAS,True,5,2,Tyrosine,7.6617646045292345,as reported in workbook; unit not stated on this sheet,EX_tyr__L_e,-7.6617646045292345,-7.6617646045292345,mmol/gDW/h,direct numeric transfer per user instruction; source unit and biomass basis unverified,exact_name_or_id,positive consumption; negative production,positive secretion; negative uptake
Keibler2021 extracellular fluxes,Trial 2,KRAS,True,5,2,Valine,34.06546981915916,as reported in workbook; unit not stated on this sheet,EX_val__L_e,-34.06546981915916,-34.06546981915916,mmol/gDW/h,direct numeric transfer per user instruction; source unit and biomass basis unverified,exact_name_or_id,positive consumption; negative production,positive secretion; negative uptake
Keibler2021 extracellular fluxes,Trial 2,KRAS,True,5,2,Growth Rate,0.021144753585050052,as reported in workbook; unit not stated on this sheet,,,,,not applicable,not_exchange_metabolite,positive consumption; negative production,positive secretion; negative uptake
Keibler2021 extracellular fluxes,Trial 2,KRAS,True,5,3,Alanine,-78.4041473721295,as reported in workbook; unit not stated on this sheet,EX_ala__L_e,78.4041473721295,78.4041473721295,mmol/gDW/h,direct numeric transfer per user instruction; source unit and biomass basis unverified,curated_alias,positive consumption; negative production,positive secretion; negative uptake
Keibler2021 extracellular fluxes,Trial 2,KRAS,True,5,3,Aspartate,-19.995984323939265,as reported in workbook; unit not stated on this sheet,EX_asp__L_e,19.995984323939265,19.995984323939265,mmol/gDW/h,direct numeric transfer per user instruction; source unit and biomass basis unverified,curated_alias,positive consumption; negative production,positive secretion; negative uptake
Keibler2021 extracellular fluxes,Trial 2,KRAS,True,5,3,Glucose,1861.9216743755485,as reported in workbook; unit not stated on this sheet,EX_glc__D_e,-1861.9216743755485,-1861.9216743755485,mmol/gDW/h,direct numeric transfer per user instruction; source unit and biomass basis unverified,curated_alias,positive consumption; negative production,positive secretion; negative uptake
Keibler2021 extracellular fluxes,Trial 2,KRAS,True,5,3,Glutamate,-246.6969258989471,as reported in workbook; unit not stated on this sheet,EX_glu__L_e,246.6969258989471,246.6969258989471,mmol/gDW/h,direct numeric transfer per user instruction; source unit and biomass basis unverified,exact_name_or_id,positive consumption; negative production,positive secretion; negative uptake
Keibler2021 extracellular fluxes,Trial 2,KRAS,True,5,3,Glutamine,365.0304517524001,as reported in workbook; unit not stated on this sheet,EX_gln__L_e,-365.0304517524001,-365.0304517524001,mmol/gDW/h,direct numeric transfer per user instruction; source unit and biomass basis unverified,exact_name_or_id,positive consumption; negative production,positive secretion; negative uptake
Keibler2021 extracellular fluxes,Trial 2,KRAS,True,5,3,Glycine,17.14014182331551,as reported in workbook; unit not stated on this sheet,EX_gly_e,-17.14014182331551,-17.14014182331551,mmol/gDW/h,direct numeric transfer per user instruction; source unit and biomass basis unverified,exact_name_or_id,positive consumption; negative production,positive secretion; negative uptake
Keibler2021 extracellular fluxes,Trial 2,KRAS,True,5,3,Isoleucine,45.77779789236462,as reported in workbook; unit not stated on this sheet,EX_ile__L_e,-45.77779789236462,-45.77779789236462,mmol/gDW/h,direct numeric transfer per user instruction; source unit and biomass basis unverified,exact_name_or_id,positive consumption; negative production,positive secretion; negative uptake
Keibler2021 extracellular fluxes,Trial 2,KRAS,True,5,3,Lactate,-3800.9326877706717,as reported in workbook; unit not stated on this sheet,EX_lac__L_e,3800.9326877706717,3800.9326877706717,mmol/gDW/h,direct numeric transfer per user instruction; source unit and biomass basis unverified,curated_alias,positive consumption; negative production,positive secretion; negative uptake
Keibler2021 extracellular fluxes,Trial 2,KRAS,True,5,3,Leucine,48.695101395459936,as reported in workbook; unit not stated on this sheet,EX_leu__L_e,-48.695101395459936,-48.695101395459936,mmol/gDW/h,direct numeric transfer per user instruction; source unit and biomass basis unverified,exact_name_or_id,positive consumption; negative production,positive secretion; negative uptake
Keibler2021 extracellular fluxes,Trial 2,KRAS,True,5,3,Lysine,30.845846048397995,as reported in workbook; unit not stated on this sheet,EX_lys__L_e,-30.845846048397995,-30.845846048397995,mmol/gDW/h,direct numeric transfer per user instruction; source unit and biomass basis unverified,exact_name_or_id,positive consumption; negative production,positive secretion; negative uptake
Keibler2021 extracellular fluxes,Trial 2,KRAS,True,5,3,Methionine,8.15170470925356,as reported in workbook; unit not stated on this sheet,EX_met__L_e,-8.15170470925356,-8.15170470925356,mmol/gDW/h,direct numeric transfer per user instruction; source unit and biomass basis unverified,exact_name_or_id,positive consumption; negative production,positive secretion; negative uptake
Keibler2021 extracellular fluxes,Trial 2,KRAS,True,5,3,Phenylalanine,7.962745893266808,as reported in workbook; unit not stated on this sheet,EX_phe__L_e,-7.962745893266808,-7.962745893266808,mmol/gDW/h,direct numeric transfer per user instruction; source unit and biomass basis unverified,exact_name_or_id,positive consumption; negative production,positive secretion; negative uptake
Keibler2021 extracellular fluxes,Trial 2,KRAS,True,5,3,Proline,-11.305671699355857,as reported in workbook; unit not stated on this sheet,EX_pro__L_e,11.305671699355857,11.305671699355857,mmol/gDW/h,direct numeric transfer per user instruction; source unit and biomass basis unverified,curated_alias,positive consumption; negative production,positive secretion; negative uptake
Keibler2021 extracellular fluxes,Trial 2,KRAS,True,5,3,Pyruvate,-102.10880062015706,as reported in workbook; unit not stated on this sheet,EX_pyr_e,102.10880062015706,102.10880062015706,mmol/gDW/h,direct numeric transfer per user instruction; source unit and biomass basis unverified,exact_name_or_id,positive consumption; negative production,positive secretion; negative uptake
Keibler2021 extracellular fluxes,Trial 2,KRAS,True,5,3,Serine,35.50677443966296,as reported in workbook; unit not stated on this sheet,EX_ser__L_e,-35.50677443966296,-35.50677443966296,mmol/gDW/h,direct numeric transfer per user instruction; source unit and biomass basis unverified,curated_alias,positive consumption; negative production,positive secretion; negative uptake
Keibler2021 extracellular fluxes,Trial 2,KRAS,True,5,3,Threonine,24.813656187693375,as reported in workbook; unit not stated on this sheet,EX_thr__L_e,-24.813656187693375,-24.813656187693375,mmol/gDW/h,direct numeric transfer per user instruction; source unit and biomass basis unverified,exact_name_or_id,positive consumption; negative production,positive secretion; negative uptake
Keibler2021 extracellular fluxes,Trial 2,KRAS,True,5,3,Tyrosine,22.21344944750418,as reported in workbook; unit not stated on this sheet,EX_tyr__L_e,-22.21344944750418,-22.21344944750418,mmol/gDW/h,direct numeric transfer per user instruction; source unit and biomass basis unverified,exact_name_or_id,positive consumption; negative production,positive secretion; negative uptake
Keibler2021 extracellular fluxes,Trial 2,KRAS,True,5,3,Valine,29.678625326608973,as reported in workbook; unit not stated on this sheet,EX_val__L_e,-29.678625326608973,-29.678625326608973,mmol/gDW/h,direct numeric transfer per user instruction; source unit and biomass basis unverified,exact_name_or_id,positive consumption; negative production,positive secretion; negative uptake
Keibler2021 extracellular fluxes,Trial 2,KRAS,True,5,3,Growth Rate,0.021137363057633314,as reported in workbook; unit not stated on this sheet,,,,,not applicable,not_exchange_metabolite,positive consumption; negative production,positive secretion; negative uptake
Keibler2021 extracellular fluxes,Trial 2,KRAS,True,0,1,Alanine,-92.5005193106915,as reported in workbook; unit not stated on this sheet,EX_ala__L_e,92.5005193106915,92.5005193106915,mmol/gDW/h,direct numeric transfer per user instruction; source unit and biomass basis unverified,curated_alias,positive consumption; negative production,positive secretion; negative uptake
Keibler2021 extracellular fluxes,Trial 2,KRAS,True,0,1,Aspartate,-6.642520401935423,as reported in workbook; unit not stated on this sheet,EX_asp__L_e,6.642520401935423,6.642520401935423,mmol/gDW/h,direct numeric transfer per user instruction; source unit and biomass basis unverified,curated_alias,positive consumption; negative production,positive secretion; negative uptake
Keibler2021 extracellular fluxes,Trial 2,KRAS,True,0,1,Glucose,1400.949798654018,as reported in workbook; unit not stated on this sheet,EX_glc__D_e,-1400.949798654018,-1400.949798654018,mmol/gDW/h,direct numeric transfer per user instruction; source unit and biomass basis unverified,curated_alias,positive consumption; negative production,positive secretion; negative uptake
Keibler2021 extracellular fluxes,Trial 2,KRAS,True,0,1,Glutamate,-73.6486218843362,as reported in workbook; unit not stated on this sheet,EX_glu__L_e,73.6486218843362,73.6486218843362,mmol/gDW/h,direct numeric transfer per user instruction; source unit and biomass basis unverified,exact_name_or_id,positive consumption; negative production,positive secretion; negative uptake
Keibler2021 extracellular fluxes,Trial 2,KRAS,True,0,1,Glutamine,239.4233388124521,as reported in workbook; unit not stated on this sheet,EX_gln__L_e,-239.4233388124521,-239.4233388124521,mmol/gDW/h,direct numeric transfer per user instruction; source unit and biomass basis unverified,exact_name_or_id,positive consumption; negative production,positive secretion; negative uptake
Keibler2021 extracellular fluxes,Trial 2,KRAS,True,0,1,Glycine,15.73758096419634,as reported in workbook; unit not stated on this sheet,EX_gly_e,-15.73758096419634,-15.73758096419634,mmol/gDW/h,direct numeric transfer per user instruction; source unit and biomass basis unverified,exact_name_or_id,positive consumption; negative production,positive secretion; negative uptake
Keibler2021 extracellular fluxes,Trial 2,KRAS,True,0,1,Isoleucine,47.18651811621743,as reported in workbook; unit not stated on this sheet,EX_ile__L_e,-47.18651811621743,-47.18651811621743,mmol/gDW/h,direct numeric transfer per user instruction; source unit and biomass basis unverified,exact_name_or_id,positive consumption; negative production,positive secretion; negative uptake
Keibler2021 extracellular fluxes,Trial 2,KRAS,True,0,1,Lactate,-2506.7902190075997,as reported in workbook; unit not stated on this sheet,EX_lac__L_e,2506.7902190075997,2506.7902190075997,mmol/gDW/h,direct numeric transfer per user instruction; source unit and biomass basis unverified,curated_alias,positive consumption; negative production,positive secretion; negative uptake
Keibler2021 extracellular fluxes,Trial 2,KRAS,True,0,1,Leucine,49.12160049436831,as reported in workbook; unit not stated on this sheet,EX_leu__L_e,-49.12160049436831,-49.12160049436831,mmol/gDW/h,direct numeric transfer per user instruction; source unit and biomass basis unverified,exact_name_or_id,positive consumption; negative production,positive secretion; negative uptake
Keibler2021 extracellular fluxes,Trial 2,KRAS,True,0,1,Lysine,15.915911297117708,as reported in workbook; unit not stated on this sheet,EX_lys__L_e,-15.915911297117708,-15.915911297117708,mmol/gDW/h,direct numeric transfer per user instruction; source unit and biomass basis unverified,exact_name_or_id,positive consumption; negative production,positive secretion; negative uptake
Keibler2021 extracellular fluxes,Trial 2,KRAS,True,0,1,Methionine,7.969742518259928,as reported in workbook; unit not stated on this sheet,EX_met__L_e,-7.969742518259928,-7.969742518259928,mmol/gDW/h,direct numeric transfer per user instruction; source unit and biomass basis unverified,exact_name_or_id,positive consumption; negative production,positive secretion; negative uptake
Keibler2021 extracellular fluxes,Trial 2,KRAS,True,0,1,Phenylalanine,8.166191559476811,as reported in workbook; unit not stated on this sheet,EX_phe__L_e,-8.166191559476811,-8.166191559476811,mmol/gDW/h,direct numeric transfer per user instruction; source unit and biomass basis unverified,exact_name_or_id,positive consumption; negative production,positive secretion; negative uptake
Keibler2021 extracellular fluxes,Trial 2,KRAS,True,0,1,Proline,-14.241302984393766,as reported in workbook; unit not stated on this sheet,EX_pro__L_e,14.241302984393766,14.241302984393766,mmol/gDW/h,direct numeric transfer per user instruction; source unit and biomass basis unverified,curated_alias,positive consumption; negative production,positive secretion; negative uptake
Keibler2021 extracellular fluxes,Trial 2,KRAS,True,0,1,Pyruvate,-141.90961745633714,as reported in workbook; unit not stated on this sheet,EX_pyr_e,141.90961745633714,141.90961745633714,mmol/gDW/h,direct numeric transfer per user instruction; source unit and biomass basis unverified,exact_name_or_id,positive consumption; negative production,positive secretion; negative uptake
Keibler2021 extracellular fluxes,Trial 2,KRAS,True,0,1,Serine,28.44794130877772,as reported in workbook; unit not stated on this sheet,EX_ser__L_e,-28.44794130877772,-28.44794130877772,mmol/gDW/h,direct numeric transfer per user instruction; source unit and biomass basis unverified,curated_alias,positive consumption; negative production,positive secretion; negative uptake
Keibler2021 extracellular fluxes,Trial 2,KRAS,True,0,1,Threonine,19.471486511141826,as reported in workbook; unit not stated on this sheet,EX_thr__L_e,-19.471486511141826,-19.471486511141826,mmol/gDW/h,direct numeric transfer per user instruction; source unit and biomass basis unverified,exact_name_or_id,positive consumption; negative production,positive secretion; negative uptake
Keibler2021 extracellular fluxes,Trial 2,KRAS,True,0,1,Tyrosine,11.9141065248323,as reported in workbook; unit not stated on this sheet,EX_tyr__L_e,-11.9141065248323,-11.9141065248323,mmol/gDW/h,direct numeric transfer per user instruction; source unit and biomass basis unverified,exact_name_or_id,positive consumption; negative production,positive secretion; negative uptake
Keibler2021 extracellular fluxes,Trial 2,KRAS,True,0,1,Valine,29.50854417943335,as reported in workbook; unit not stated on this sheet,EX_val__L_e,-29.50854417943335,-29.50854417943335,mmol/gDW/h,direct numeric transfer per user instruction; source unit and biomass basis unverified,exact_name_or_id,positive consumption; negative production,positive secretion; negative uptake
Keibler2021 extracellular fluxes,Trial 2,KRAS,True,0,1,Growth Rate,0.018393415994545793,as reported in workbook; unit not stated on this sheet,,,,,not applicable,not_exchange_metabolite,positive consumption; negative production,positive secretion; negative uptake
Keibler2021 extracellular fluxes,Trial 2,KRAS,True,0,2,Alanine,-90.81190704997157,as reported in workbook; unit not stated on this sheet,EX_ala__L_e,90.81190704997157,90.81190704997157,mmol/gDW/h,direct numeric transfer per user instruction; source unit and biomass basis unverified,curated_alias,positive consumption; negative production,positive secretion; negative uptake
Keibler2021 extracellular fluxes,Trial 2,KRAS,True,0,2,Aspartate,-7.43286971340094,as reported in workbook; unit not stated on this sheet,EX_asp__L_e,7.43286971340094,7.43286971340094,mmol/gDW/h,direct numeric transfer per user instruction; source unit and biomass basis unverified,curated_alias,positive consumption; negative production,positive secretion; negative uptake
Keibler2021 extracellular fluxes,Trial 2,KRAS,True,0,2,Glucose,1400.6374127479303,as reported in workbook; unit not stated on this sheet,EX_glc__D_e,-1400.6374127479303,-1400.6374127479303,mmol/gDW/h,direct numeric transfer per user instruction; source unit and biomass basis unverified,curated_alias,positive consumption; negative production,positive secretion; negative uptake
Keibler2021 extracellular fluxes,Trial 2,KRAS,True,0,2,Glutamate,-75.45652317757907,as reported in workbook; unit not stated on this sheet,EX_glu__L_e,75.45652317757907,75.45652317757907,mmol/gDW/h,direct numeric transfer per user instruction; source unit and biomass basis unverified,exact_name_or_id,positive consumption; negative production,positive secretion; negative uptake
Keibler2021 extracellular fluxes,Trial 2,KRAS,True,0,2,Glutamine,219.3594508291898,as reported in workbook; unit not stated on this sheet,EX_gln__L_e,-219.3594508291898,-219.3594508291898,mmol/gDW/h,direct numeric transfer per user instruction; source unit and biomass basis unverified,exact_name_or_id,positive consumption; negative production,positive secretion; negative uptake
Keibler2021 extracellular fluxes,Trial 2,KRAS,True,0,2,Glycine,13.899542378155864,as reported in workbook; unit not stated on this sheet,EX_gly_e,-13.899542378155864,-13.899542378155864,mmol/gDW/h,direct numeric transfer per user instruction; source unit and biomass basis unverified,exact_name_or_id,positive consumption; negative production,positive secretion; negative uptake
Keibler2021 extracellular fluxes,Trial 2,KRAS,True,0,2,Isoleucine,51.18644403558285,as reported in workbook; unit not stated on this sheet,EX_ile__L_e,-51.18644403558285,-51.18644403558285,mmol/gDW/h,direct numeric transfer per user instruction; source unit and biomass basis unverified,exact_name_or_id,positive consumption; negative production,positive secretion; negative uptake
Keibler2021 extracellular fluxes,Trial 2,KRAS,True,0,2,Lactate,-2499.5741204916744,as reported in workbook; unit not stated on this sheet,EX_lac__L_e,2499.5741204916744,2499.5741204916744,mmol/gDW/h,direct numeric transfer per user instruction; source unit and biomass basis unverified,curated_alias,positive consumption; negative production,positive secretion; negative uptake
Keibler2021 extracellular fluxes,Trial 2,KRAS,True,0,2,Leucine,50.69356424102559,as reported in workbook; unit not stated on this sheet,EX_leu__L_e,-50.69356424102559,-50.69356424102559,mmol/gDW/h,direct numeric transfer per user instruction; source unit and biomass basis unverified,exact_name_or_id,positive consumption; negative production,positive secretion; negative uptake
Keibler2021 extracellular fluxes,Trial 2,KRAS,True,0,2,Lysine,11.166539412217121,as reported in workbook; unit not stated on this sheet,EX_lys__L_e,-11.166539412217121,-11.166539412217121,mmol/gDW/h,direct numeric transfer per user instruction; source unit and biomass basis unverified,exact_name_or_id,positive consumption; negative production,positive secretion; negative uptake
Keibler2021 extracellular fluxes,Trial 2,KRAS,True,0,2,Methionine,6.422433904955877,as reported in workbook; unit not stated on this sheet,EX_met__L_e,-6.422433904955877,-6.422433904955877,mmol/gDW/h,direct numeric transfer per user instruction; source unit and biomass basis unverified,exact_name_or_id,positive consumption; negative production,positive secretion; negative uptake
Keibler2021 extracellular fluxes,Trial 2,KRAS,True,0,2,Phenylalanine,8.39831313299643,as reported in workbook; unit not stated on this sheet,EX_phe__L_e,-8.39831313299643,-8.39831313299643,mmol/gDW/h,direct numeric transfer per user instruction; source unit and biomass basis unverified,exact_name_or_id,positive consumption; negative production,positive secretion; negative uptake
Keibler2021 extracellular fluxes,Trial 2,KRAS,True,0,2,Proline,-13.963127862426866,as reported in workbook; unit not stated on this sheet,EX_pro__L_e,13.963127862426866,13.963127862426866,mmol/gDW/h,direct numeric transfer per user instruction; source unit and biomass basis unverified,curated_alias,positive consumption; negative production,positive secretion; negative uptake
Keibler2021 extracellular fluxes,Trial 2,KRAS,True,0,2,Pyruvate,-139.89243314117002,as reported in workbook; unit not stated on this sheet,EX_pyr_e,139.89243314117002,139.89243314117002,mmol/gDW/h,direct numeric transfer per user instruction; source unit and biomass basis unverified,exact_name_or_id,positive consumption; negative production,positive secretion; negative uptake
Keibler2021 extracellular fluxes,Trial 2,KRAS,True,0,2,Serine,26.895695600284512,as reported in workbook; unit not stated on this sheet,EX_ser__L_e,-26.895695600284512,-26.895695600284512,mmol/gDW/h,direct numeric transfer per user instruction; source unit and biomass basis unverified,curated_alias,positive consumption; negative production,positive secretion; negative uptake
Keibler2021 extracellular fluxes,Trial 2,KRAS,True,0,2,Threonine,31.120264719997106,as reported in workbook; unit not stated on this sheet,EX_thr__L_e,-31.120264719997106,-31.120264719997106,mmol/gDW/h,direct numeric transfer per user instruction; source unit and biomass basis unverified,exact_name_or_id,positive consumption; negative production,positive secretion; negative uptake
Keibler2021 extracellular fluxes,Trial 2,KRAS,True,0,2,Tyrosine,13.615456114893853,as reported in workbook; unit not stated on this sheet,EX_tyr__L_e,-13.615456114893853,-13.615456114893853,mmol/gDW/h,direct numeric transfer per user instruction; source unit and biomass basis unverified,exact_name_or_id,positive consumption; negative production,positive secretion; negative uptake
Keibler2021 extracellular fluxes,Trial 2,KRAS,True,0,2,Valine,35.51630664611787,as reported in workbook; unit not stated on this sheet,EX_val__L_e,-35.51630664611787,-35.51630664611787,mmol/gDW/h,direct numeric transfer per user instruction; source unit and biomass basis unverified,exact_name_or_id,positive consumption; negative production,positive secretion; negative uptake
Keibler2021 extracellular fluxes,Trial 2,KRAS,True,0,2,Growth Rate,0.01876475029268231,as reported in workbook; unit not stated on this sheet,,,,,not applicable,not_exchange_metabolite,positive consumption; negative production,positive secretion; negative uptake
Keibler2021 extracellular fluxes,Trial 2,KRAS,True,0,3,Alanine,-91.55192755406088,as reported in workbook; unit not stated on this sheet,EX_ala__L_e,91.55192755406088,91.55192755406088,mmol/gDW/h,direct numeric transfer per user instruction; source unit and biomass basis unverified,curated_alias,positive consumption; negative production,positive secretion; negative uptake
Keibler2021 extracellular fluxes,Trial 2,KRAS,True,0,3,Aspartate,-7.664785049908043,as reported in workbook; unit not stated on this sheet,EX_asp__L_e,7.664785049908043,7.664785049908043,mmol/gDW/h,direct numeric transfer per user instruction; source unit and biomass basis unverified,curated_alias,positive consumption; negative production,positive secretion; negative uptake
Keibler2021 extracellular fluxes,Trial 2,KRAS,True,0,3,Glucose,1336.6957834179557,as reported in workbook; unit not stated on this sheet,EX_glc__D_e,-1336.6957834179557,-1336.6957834179557,mmol/gDW/h,direct numeric transfer per user instruction; source unit and biomass basis unverified,curated_alias,positive consumption; negative production,positive secretion; negative uptake
Keibler2021 extracellular fluxes,Trial 2,KRAS,True,0,3,Glutamate,-72.12509946476337,as reported in workbook; unit not stated on this sheet,EX_glu__L_e,72.12509946476337,72.12509946476337,mmol/gDW/h,direct numeric transfer per user instruction; source unit and biomass basis unverified,exact_name_or_id,positive consumption; negative production,positive secretion; negative uptake
Keibler2021 extracellular fluxes,Trial 2,KRAS,True,0,3,Glutamine,211.47877495493566,as reported in workbook; unit not stated on this sheet,EX_gln__L_e,-211.47877495493566,-211.47877495493566,mmol/gDW/h,direct numeric transfer per user instruction; source unit and biomass basis unverified,exact_name_or_id,positive consumption; negative production,positive secretion; negative uptake
Keibler2021 extracellular fluxes,Trial 2,KRAS,True,0,3,Glycine,13.602618280732363,as reported in workbook; unit not stated on this sheet,EX_gly_e,-13.602618280732363,-13.602618280732363,mmol/gDW/h,direct numeric transfer per user instruction; source unit and biomass basis unverified,exact_name_or_id,positive consumption; negative production,positive secretion; negative uptake
Keibler2021 extracellular fluxes,Trial 2,KRAS,True,0,3,Isoleucine,51.68810645136709,as reported in workbook; unit not stated on this sheet,EX_ile__L_e,-51.68810645136709,-51.68810645136709,mmol/gDW/h,direct numeric transfer per user instruction; source unit and biomass basis unverified,exact_name_or_id,positive consumption; negative production,positive secretion; negative uptake
Keibler2021 extracellular fluxes,Trial 2,KRAS,True,0,3,Lactate,-2486.0118558069294,as reported in workbook; unit not stated on this sheet,EX_lac__L_e,2486.0118558069294,2486.0118558069294,mmol/gDW/h,direct numeric transfer per user instruction; source unit and biomass basis unverified,curated_alias,positive consumption; negative production,positive secretion; negative uptake
Keibler2021 extracellular fluxes,Trial 2,KRAS,True,0,3,Leucine,51.98450079455828,as reported in workbook; unit not stated on this sheet,EX_leu__L_e,-51.98450079455828,-51.98450079455828,mmol/gDW/h,direct numeric transfer per user instruction; source unit and biomass basis unverified,exact_name_or_id,positive consumption; negative production,positive secretion; negative uptake
Keibler2021 extracellular fluxes,Trial 2,KRAS,True,0,3,Lysine,24.55341467108322,as reported in workbook; unit not stated on this sheet,EX_lys__L_e,-24.55341467108322,-24.55341467108322,mmol/gDW/h,direct numeric transfer per user instruction; source unit and biomass basis unverified,exact_name_or_id,positive consumption; negative production,positive secretion; negative uptake
Keibler2021 extracellular fluxes,Trial 2,KRAS,True,0,3,Methionine,9.641270455379141,as reported in workbook; unit not stated on this sheet,EX_met__L_e,-9.641270455379141,-9.641270455379141,mmol/gDW/h,direct numeric transfer per user instruction; source unit and biomass basis unverified,exact_name_or_id,positive consumption; negative production,positive secretion; negative uptake
Keibler2021 extracellular fluxes,Trial 2,KRAS,True,0,3,Phenylalanine,8.469251765321232,as reported in workbook; unit not stated on this sheet,EX_phe__L_e,-8.469251765321232,-8.469251765321232,mmol/gDW/h,direct numeric transfer per user instruction; source unit and biomass basis unverified,exact_name_or_id,positive consumption; negative production,positive secretion; negative uptake
Keibler2021 extracellular fluxes,Trial 2,KRAS,True,0,3,Proline,-14.342488960640008,as reported in workbook; unit not stated on this sheet,EX_pro__L_e,14.342488960640008,14.342488960640008,mmol/gDW/h,direct numeric transfer per user instruction; source unit and biomass basis unverified,curated_alias,positive consumption; negative production,positive secretion; negative uptake
Keibler2021 extracellular fluxes,Trial 2,KRAS,True,0,3,Pyruvate,-138.24955290559555,as reported in workbook; unit not stated on this sheet,EX_pyr_e,138.24955290559555,138.24955290559555,mmol/gDW/h,direct numeric transfer per user instruction; source unit and biomass basis unverified,exact_name_or_id,positive consumption; negative production,positive secretion; negative uptake
Keibler2021 extracellular fluxes,Trial 2,KRAS,True,0,3,Serine,28.707370309723135,as reported in workbook; unit not stated on this sheet,EX_ser__L_e,-28.707370309723135,-28.707370309723135,mmol/gDW/h,direct numeric transfer per user instruction; source unit and biomass basis unverified,curated_alias,positive consumption; negative production,positive secretion; negative uptake
Keibler2021 extracellular fluxes,Trial 2,KRAS,True,0,3,Threonine,21.343312891150244,as reported in workbook; unit not stated on this sheet,EX_thr__L_e,-21.343312891150244,-21.343312891150244,mmol/gDW/h,direct numeric transfer per user instruction; source unit and biomass basis unverified,exact_name_or_id,positive consumption; negative production,positive secretion; negative uptake
Keibler2021 extracellular fluxes,Trial 2,KRAS,True,0,3,Tyrosine,16.97907371392703,as reported in workbook; unit not stated on this sheet,EX_tyr__L_e,-16.97907371392703,-16.97907371392703,mmol/gDW/h,direct numeric transfer per user instruction; source unit and biomass basis unverified,exact_name_or_id,positive consumption; negative production,positive secretion; negative uptake
Keibler2021 extracellular fluxes,Trial 2,KRAS,True,0,3,Valine,32.3743402719766,as reported in workbook; unit not stated on this sheet,EX_val__L_e,-32.3743402719766,-32.3743402719766,mmol/gDW/h,direct numeric transfer per user instruction; source unit and biomass basis unverified,exact_name_or_id,positive consumption; negative production,positive secretion; negative uptake
Keibler2021 extracellular fluxes,Trial 2,KRAS,True,0,3,Growth Rate,0.018908230297320593,as reported in workbook; unit not stated on this sheet,,,,,not applicable,not_exchange_metabolite,positive consumption; negative production,positive secretion; negative uptake
Keibler2021 extracellular fluxes,Trial 3,EV,False,6,1,Alanine,-88.75812489335293,as reported in workbook; unit not stated on this sheet,EX_ala__L_e,88.75812489335293,88.75812489335293,mmol/gDW/h,direct numeric transfer per user instruction; source unit and biomass basis unverified,curated_alias,positive consumption; negative production,positive secretion; negative uptake
Keibler2021 extracellular fluxes,Trial 3,EV,False,6,1,Aspartate,-17.30523358022758,as reported in workbook; unit not stated on this sheet,EX_asp__L_e,17.30523358022758,17.30523358022758,mmol/gDW/h,direct numeric transfer per user instruction; source unit and biomass basis unverified,curated_alias,positive consumption; negative production,positive secretion; negative uptake
Keibler2021 extracellular fluxes,Trial 3,EV,False,6,1,Glucose,1868.131184867416,as reported in workbook; unit not stated on this sheet,EX_glc__D_e,-1868.131184867416,-1868.131184867416,mmol/gDW/h,direct numeric transfer per user instruction; source unit and biomass basis unverified,curated_alias,positive consumption; negative production,positive secretion; negative uptake
Keibler2021 extracellular fluxes,Trial 3,EV,False,6,1,Glutamate,-187.80641977115454,as reported in workbook; unit not stated on this sheet,EX_glu__L_e,187.80641977115454,187.80641977115454,mmol/gDW/h,direct numeric transfer per user instruction; source unit and biomass basis unverified,exact_name_or_id,positive consumption; negative production,positive secretion; negative uptake
Keibler2021 extracellular fluxes,Trial 3,EV,False,6,1,Glutamine,409.0301724389055,as reported in workbook; unit not stated on this sheet,EX_gln__L_e,-409.0301724389055,-409.0301724389055,mmol/gDW/h,direct numeric transfer per user instruction; source unit and biomass basis unverified,exact_name_or_id,positive consumption; negative production,positive secretion; negative uptake
Keibler2021 extracellular fluxes,Trial 3,EV,False,6,1,Glycine,14.802598175453374,as reported in workbook; unit not stated on this sheet,EX_gly_e,-14.802598175453374,-14.802598175453374,mmol/gDW/h,direct numeric transfer per user instruction; source unit and biomass basis unverified,exact_name_or_id,positive consumption; negative production,positive secretion; negative uptake
Keibler2021 extracellular fluxes,Trial 3,EV,False,6,1,Isoleucine,49.67350825155331,as reported in workbook; unit not stated on this sheet,EX_ile__L_e,-49.67350825155331,-49.67350825155331,mmol/gDW/h,direct numeric transfer per user instruction; source unit and biomass basis unverified,exact_name_or_id,positive consumption; negative production,positive secretion; negative uptake
Keibler2021 extracellular fluxes,Trial 3,EV,False,6,1,Lactate,-3542.096213374074,as reported in workbook; unit not stated on this sheet,EX_lac__L_e,3542.096213374074,3542.096213374074,mmol/gDW/h,direct numeric transfer per user instruction; source unit and biomass basis unverified,curated_alias,positive consumption; negative production,positive secretion; negative uptake
Keibler2021 extracellular fluxes,Trial 3,EV,False,6,1,Leucine,49.36103011807269,as reported in workbook; unit not stated on this sheet,EX_leu__L_e,-49.36103011807269,-49.36103011807269,mmol/gDW/h,direct numeric transfer per user instruction; source unit and biomass basis unverified,exact_name_or_id,positive consumption; negative production,positive secretion; negative uptake
Keibler2021 extracellular fluxes,Trial 3,EV,False,6,1,Lysine,12.640119562478397,as reported in workbook; unit not stated on this sheet,EX_lys__L_e,-12.640119562478397,-12.640119562478397,mmol/gDW/h,direct numeric transfer per user instruction; source unit and biomass basis unverified,exact_name_or_id,positive consumption; negative production,positive secretion; negative uptake
Keibler2021 extracellular fluxes,Trial 3,EV,False,6,1,Methionine,7.838964636879663,as reported in workbook; unit not stated on this sheet,EX_met__L_e,-7.838964636879663,-7.838964636879663,mmol/gDW/h,direct numeric transfer per user instruction; source unit and biomass basis unverified,exact_name_or_id,positive consumption; negative production,positive secretion; negative uptake
Keibler2021 extracellular fluxes,Trial 3,EV,False,6,1,Phenylalanine,8.410053137266264,as reported in workbook; unit not stated on this sheet,EX_phe__L_e,-8.410053137266264,-8.410053137266264,mmol/gDW/h,direct numeric transfer per user instruction; source unit and biomass basis unverified,exact_name_or_id,positive consumption; negative production,positive secretion; negative uptake
Keibler2021 extracellular fluxes,Trial 3,EV,False,6,1,Proline,-15.994019899809288,as reported in workbook; unit not stated on this sheet,EX_pro__L_e,15.994019899809288,15.994019899809288,mmol/gDW/h,direct numeric transfer per user instruction; source unit and biomass basis unverified,curated_alias,positive consumption; negative production,positive secretion; negative uptake
Keibler2021 extracellular fluxes,Trial 3,EV,False,6,1,Pyruvate,-120.12649438255585,as reported in workbook; unit not stated on this sheet,EX_pyr_e,120.12649438255585,120.12649438255585,mmol/gDW/h,direct numeric transfer per user instruction; source unit and biomass basis unverified,exact_name_or_id,positive consumption; negative production,positive secretion; negative uptake
Keibler2021 extracellular fluxes,Trial 3,EV,False,6,1,Serine,36.078318097809856,as reported in workbook; unit not stated on this sheet,EX_ser__L_e,-36.078318097809856,-36.078318097809856,mmol/gDW/h,direct numeric transfer per user instruction; source unit and biomass basis unverified,curated_alias,positive consumption; negative production,positive secretion; negative uptake
Keibler2021 extracellular fluxes,Trial 3,EV,False,6,1,Threonine,12.162085749098484,as reported in workbook; unit not stated on this sheet,EX_thr__L_e,-12.162085749098484,-12.162085749098484,mmol/gDW/h,direct numeric transfer per user instruction; source unit and biomass basis unverified,exact_name_or_id,positive consumption; negative production,positive secretion; negative uptake
Keibler2021 extracellular fluxes,Trial 3,EV,False,6,1,Tyrosine,7.614908679322199,as reported in workbook; unit not stated on this sheet,EX_tyr__L_e,-7.614908679322199,-7.614908679322199,mmol/gDW/h,direct numeric transfer per user instruction; source unit and biomass basis unverified,exact_name_or_id,positive consumption; negative production,positive secretion; negative uptake
Keibler2021 extracellular fluxes,Trial 3,EV,False,6,1,Valine,32.43212457201822,as reported in workbook; unit not stated on this sheet,EX_val__L_e,-32.43212457201822,-32.43212457201822,mmol/gDW/h,direct numeric transfer per user instruction; source unit and biomass basis unverified,exact_name_or_id,positive consumption; negative production,positive secretion; negative uptake
Keibler2021 extracellular fluxes,Trial 3,EV,False,6,1,Growth Rate,0.022620153618115136,as reported in workbook; unit not stated on this sheet,,,,,not applicable,not_exchange_metabolite,positive consumption; negative production,positive secretion; negative uptake
Keibler2021 extracellular fluxes,Trial 3,EV,False,6,2,Alanine,-87.39039848031501,as reported in workbook; unit not stated on this sheet,EX_ala__L_e,87.39039848031501,87.39039848031501,mmol/gDW/h,direct numeric transfer per user instruction; source unit and biomass basis unverified,curated_alias,positive consumption; negative production,positive secretion; negative uptake
Keibler2021 extracellular fluxes,Trial 3,EV,False,6,2,Aspartate,-16.92516256182948,as reported in workbook; unit not stated on this sheet,EX_asp__L_e,16.92516256182948,16.92516256182948,mmol/gDW/h,direct numeric transfer per user instruction; source unit and biomass basis unverified,curated_alias,positive consumption; negative production,positive secretion; negative uptake
Keibler2021 extracellular fluxes,Trial 3,EV,False,6,2,Glucose,1880.8443559169377,as reported in workbook; unit not stated on this sheet,EX_glc__D_e,-1880.8443559169377,-1880.8443559169377,mmol/gDW/h,direct numeric transfer per user instruction; source unit and biomass basis unverified,curated_alias,positive consumption; negative production,positive secretion; negative uptake
Keibler2021 extracellular fluxes,Trial 3,EV,False,6,2,Glutamate,-182.92364656184614,as reported in workbook; unit not stated on this sheet,EX_glu__L_e,182.92364656184614,182.92364656184614,mmol/gDW/h,direct numeric transfer per user instruction; source unit and biomass basis unverified,exact_name_or_id,positive consumption; negative production,positive secretion; negative uptake
Keibler2021 extracellular fluxes,Trial 3,EV,False,6,2,Glutamine,403.61069752763655,as reported in workbook; unit not stated on this sheet,EX_gln__L_e,-403.61069752763655,-403.61069752763655,mmol/gDW/h,direct numeric transfer per user instruction; source unit and biomass basis unverified,exact_name_or_id,positive consumption; negative production,positive secretion; negative uptake
Keibler2021 extracellular fluxes,Trial 3,EV,False,6,2,Glycine,14.152902117156628,as reported in workbook; unit not stated on this sheet,EX_gly_e,-14.152902117156628,-14.152902117156628,mmol/gDW/h,direct numeric transfer per user instruction; source unit and biomass basis unverified,exact_name_or_id,positive consumption; negative production,positive secretion; negative uptake
Keibler2021 extracellular fluxes,Trial 3,EV,False,6,2,Isoleucine,53.27678323139418,as reported in workbook; unit not stated on this sheet,EX_ile__L_e,-53.27678323139418,-53.27678323139418,mmol/gDW/h,direct numeric transfer per user instruction; source unit and biomass basis unverified,exact_name_or_id,positive consumption; negative production,positive secretion; negative uptake
Keibler2021 extracellular fluxes,Trial 3,EV,False,6,2,Lactate,-3458.511245703712,as reported in workbook; unit not stated on this sheet,EX_lac__L_e,3458.511245703712,3458.511245703712,mmol/gDW/h,direct numeric transfer per user instruction; source unit and biomass basis unverified,curated_alias,positive consumption; negative production,positive secretion; negative uptake
Keibler2021 extracellular fluxes,Trial 3,EV,False,6,2,Leucine,52.22974372915083,as reported in workbook; unit not stated on this sheet,EX_leu__L_e,-52.22974372915083,-52.22974372915083,mmol/gDW/h,direct numeric transfer per user instruction; source unit and biomass basis unverified,exact_name_or_id,positive consumption; negative production,positive secretion; negative uptake
Keibler2021 extracellular fluxes,Trial 3,EV,False,6,2,Lysine,20.713394146018032,as reported in workbook; unit not stated on this sheet,EX_lys__L_e,-20.713394146018032,-20.713394146018032,mmol/gDW/h,direct numeric transfer per user instruction; source unit and biomass basis unverified,exact_name_or_id,positive consumption; negative production,positive secretion; negative uptake
Keibler2021 extracellular fluxes,Trial 3,EV,False,6,2,Methionine,8.874751051260958,as reported in workbook; unit not stated on this sheet,EX_met__L_e,-8.874751051260958,-8.874751051260958,mmol/gDW/h,direct numeric transfer per user instruction; source unit and biomass basis unverified,exact_name_or_id,positive consumption; negative production,positive secretion; negative uptake
Keibler2021 extracellular fluxes,Trial 3,EV,False,6,2,Phenylalanine,10.648864955087262,as reported in workbook; unit not stated on this sheet,EX_phe__L_e,-10.648864955087262,-10.648864955087262,mmol/gDW/h,direct numeric transfer per user instruction; source unit and biomass basis unverified,exact_name_or_id,positive consumption; negative production,positive secretion; negative uptake
Keibler2021 extracellular fluxes,Trial 3,EV,False,6,2,Proline,-16.917699708265676,as reported in workbook; unit not stated on this sheet,EX_pro__L_e,16.917699708265676,16.917699708265676,mmol/gDW/h,direct numeric transfer per user instruction; source unit and biomass basis unverified,curated_alias,positive consumption; negative production,positive secretion; negative uptake
Keibler2021 extracellular fluxes,Trial 3,EV,False,6,2,Pyruvate,-121.74225504835685,as reported in workbook; unit not stated on this sheet,EX_pyr_e,121.74225504835685,121.74225504835685,mmol/gDW/h,direct numeric transfer per user instruction; source unit and biomass basis unverified,exact_name_or_id,positive consumption; negative production,positive secretion; negative uptake
Keibler2021 extracellular fluxes,Trial 3,EV,False,6,2,Serine,38.1679877736552,as reported in workbook; unit not stated on this sheet,EX_ser__L_e,-38.1679877736552,-38.1679877736552,mmol/gDW/h,direct numeric transfer per user instruction; source unit and biomass basis unverified,curated_alias,positive consumption; negative production,positive secretion; negative uptake
Keibler2021 extracellular fluxes,Trial 3,EV,False,6,2,Threonine,20.212838229335865,as reported in workbook; unit not stated on this sheet,EX_thr__L_e,-20.212838229335865,-20.212838229335865,mmol/gDW/h,direct numeric transfer per user instruction; source unit and biomass basis unverified,exact_name_or_id,positive consumption; negative production,positive secretion; negative uptake
Keibler2021 extracellular fluxes,Trial 3,EV,False,6,2,Tyrosine,7.582788024408316,as reported in workbook; unit not stated on this sheet,EX_tyr__L_e,-7.582788024408316,-7.582788024408316,mmol/gDW/h,direct numeric transfer per user instruction; source unit and biomass basis unverified,exact_name_or_id,positive consumption; negative production,positive secretion; negative uptake
Keibler2021 extracellular fluxes,Trial 3,EV,False,6,2,Valine,38.13729148563695,as reported in workbook; unit not stated on this sheet,EX_val__L_e,-38.13729148563695,-38.13729148563695,mmol/gDW/h,direct numeric transfer per user instruction; source unit and biomass basis unverified,exact_name_or_id,positive consumption; negative production,positive secretion; negative uptake
Keibler2021 extracellular fluxes,Trial 3,EV,False,6,2,Growth Rate,0.02278245462950699,as reported in workbook; unit not stated on this sheet,,,,,not applicable,not_exchange_metabolite,positive consumption; negative production,positive secretion; negative uptake
Keibler2021 extracellular fluxes,Trial 3,EV,False,6,3,Alanine,-87.55490969513801,as reported in workbook; unit not stated on this sheet,EX_ala__L_e,87.55490969513801,87.55490969513801,mmol/gDW/h,direct numeric transfer per user instruction; source unit and biomass basis unverified,curated_alias,positive consumption; negative production,positive secretion; negative uptake
Keibler2021 extracellular fluxes,Trial 3,EV,False,6,3,Aspartate,-17.693927626613704,as reported in workbook; unit not stated on this sheet,EX_asp__L_e,17.693927626613704,17.693927626613704,mmol/gDW/h,direct numeric transfer per user instruction; source unit and biomass basis unverified,curated_alias,positive consumption; negative production,positive secretion; negative uptake
Keibler2021 extracellular fluxes,Trial 3,EV,False,6,3,Glucose,1812.2083224021778,as reported in workbook; unit not stated on this sheet,EX_glc__D_e,-1812.2083224021778,-1812.2083224021778,mmol/gDW/h,direct numeric transfer per user instruction; source unit and biomass basis unverified,curated_alias,positive consumption; negative production,positive secretion; negative uptake
Keibler2021 extracellular fluxes,Trial 3,EV,False,6,3,Glutamate,-183.38694996094426,as reported in workbook; unit not stated on this sheet,EX_glu__L_e,183.38694996094426,183.38694996094426,mmol/gDW/h,direct numeric transfer per user instruction; source unit and biomass basis unverified,exact_name_or_id,positive consumption; negative production,positive secretion; negative uptake
Keibler2021 extracellular fluxes,Trial 3,EV,False,6,3,Glutamine,376.5494808931437,as reported in workbook; unit not stated on this sheet,EX_gln__L_e,-376.5494808931437,-376.5494808931437,mmol/gDW/h,direct numeric transfer per user instruction; source unit and biomass basis unverified,exact_name_or_id,positive consumption; negative production,positive secretion; negative uptake
Keibler2021 extracellular fluxes,Trial 3,EV,False,6,3,Glycine,11.931384577181024,as reported in workbook; unit not stated on this sheet,EX_gly_e,-11.931384577181024,-11.931384577181024,mmol/gDW/h,direct numeric transfer per user instruction; source unit and biomass basis unverified,exact_name_or_id,positive consumption; negative production,positive secretion; negative uptake
Keibler2021 extracellular fluxes,Trial 3,EV,False,6,3,Isoleucine,48.41823903187387,as reported in workbook; unit not stated on this sheet,EX_ile__L_e,-48.41823903187387,-48.41823903187387,mmol/gDW/h,direct numeric transfer per user instruction; source unit and biomass basis unverified,exact_name_or_id,positive consumption; negative production,positive secretion; negative uptake
Keibler2021 extracellular fluxes,Trial 3,EV,False,6,3,Lactate,-3548.0531494578495,as reported in workbook; unit not stated on this sheet,EX_lac__L_e,3548.0531494578495,3548.0531494578495,mmol/gDW/h,direct numeric transfer per user instruction; source unit and biomass basis unverified,curated_alias,positive consumption; negative production,positive secretion; negative uptake
Keibler2021 extracellular fluxes,Trial 3,EV,False,6,3,Leucine,49.635455048588895,as reported in workbook; unit not stated on this sheet,EX_leu__L_e,-49.635455048588895,-49.635455048588895,mmol/gDW/h,direct numeric transfer per user instruction; source unit and biomass basis unverified,exact_name_or_id,positive consumption; negative production,positive secretion; negative uptake
Keibler2021 extracellular fluxes,Trial 3,EV,False,6,3,Lysine,23.44504121053666,as reported in workbook; unit not stated on this sheet,EX_lys__L_e,-23.44504121053666,-23.44504121053666,mmol/gDW/h,direct numeric transfer per user instruction; source unit and biomass basis unverified,exact_name_or_id,positive consumption; negative production,positive secretion; negative uptake
Keibler2021 extracellular fluxes,Trial 3,EV,False,6,3,Methionine,7.963264858228003,as reported in workbook; unit not stated on this sheet,EX_met__L_e,-7.963264858228003,-7.963264858228003,mmol/gDW/h,direct numeric transfer per user instruction; source unit and biomass basis unverified,exact_name_or_id,positive consumption; negative production,positive secretion; negative uptake
Keibler2021 extracellular fluxes,Trial 3,EV,False,6,3,Phenylalanine,8.101406661349671,as reported in workbook; unit not stated on this sheet,EX_phe__L_e,-8.101406661349671,-8.101406661349671,mmol/gDW/h,direct numeric transfer per user instruction; source unit and biomass basis unverified,exact_name_or_id,positive consumption; negative production,positive secretion; negative uptake
Keibler2021 extracellular fluxes,Trial 3,EV,False,6,3,Proline,-15.82676887807839,as reported in workbook; unit not stated on this sheet,EX_pro__L_e,15.82676887807839,15.82676887807839,mmol/gDW/h,direct numeric transfer per user instruction; source unit and biomass basis unverified,curated_alias,positive consumption; negative production,positive secretion; negative uptake
Keibler2021 extracellular fluxes,Trial 3,EV,False,6,3,Pyruvate,-119.83461681005375,as reported in workbook; unit not stated on this sheet,EX_pyr_e,119.83461681005375,119.83461681005375,mmol/gDW/h,direct numeric transfer per user instruction; source unit and biomass basis unverified,exact_name_or_id,positive consumption; negative production,positive secretion; negative uptake
Keibler2021 extracellular fluxes,Trial 3,EV,False,6,3,Serine,36.301565001663725,as reported in workbook; unit not stated on this sheet,EX_ser__L_e,-36.301565001663725,-36.301565001663725,mmol/gDW/h,direct numeric transfer per user instruction; source unit and biomass basis unverified,curated_alias,positive consumption; negative production,positive secretion; negative uptake
Keibler2021 extracellular fluxes,Trial 3,EV,False,6,3,Threonine,20.598772222316686,as reported in workbook; unit not stated on this sheet,EX_thr__L_e,-20.598772222316686,-20.598772222316686,mmol/gDW/h,direct numeric transfer per user instruction; source unit and biomass basis unverified,exact_name_or_id,positive consumption; negative production,positive secretion; negative uptake
Keibler2021 extracellular fluxes,Trial 3,EV,False,6,3,Tyrosine,7.651995421310093,as reported in workbook; unit not stated on this sheet,EX_tyr__L_e,-7.651995421310093,-7.651995421310093,mmol/gDW/h,direct numeric transfer per user instruction; source unit and biomass basis unverified,exact_name_or_id,positive consumption; negative production,positive secretion; negative uptake
Keibler2021 extracellular fluxes,Trial 3,EV,False,6,3,Valine,29.689623843976175,as reported in workbook; unit not stated on this sheet,EX_val__L_e,-29.689623843976175,-29.689623843976175,mmol/gDW/h,direct numeric transfer per user instruction; source unit and biomass basis unverified,exact_name_or_id,positive consumption; negative production,positive secretion; negative uptake
Keibler2021 extracellular fluxes,Trial 3,EV,False,6,3,Growth Rate,0.022927315797791736,as reported in workbook; unit not stated on this sheet,,,,,not applicable,not_exchange_metabolite,positive consumption; negative production,positive secretion; negative uptake
Keibler2021 extracellular fluxes,Trial 3,EV,False,2.75,1,Alanine,-114.72659496508263,as reported in workbook; unit not stated on this sheet,EX_ala__L_e,114.72659496508263,114.72659496508263,mmol/gDW/h,direct numeric transfer per user instruction; source unit and biomass basis unverified,curated_alias,positive consumption; negative production,positive secretion; negative uptake
Keibler2021 extracellular fluxes,Trial 3,EV,False,2.75,1,Aspartate,-7.42152525723137,as reported in workbook; unit not stated on this sheet,EX_asp__L_e,7.42152525723137,7.42152525723137,mmol/gDW/h,direct numeric transfer per user instruction; source unit and biomass basis unverified,curated_alias,positive consumption; negative production,positive secretion; negative uptake
Keibler2021 extracellular fluxes,Trial 3,EV,False,2.75,1,Glucose,1502.2722739533676,as reported in workbook; unit not stated on this sheet,EX_glc__D_e,-1502.2722739533676,-1502.2722739533676,mmol/gDW/h,direct numeric transfer per user instruction; source unit and biomass basis unverified,curated_alias,positive consumption; negative production,positive secretion; negative uptake
Keibler2021 extracellular fluxes,Trial 3,EV,False,2.75,1,Glutamate,-79.50596056882604,as reported in workbook; unit not stated on this sheet,EX_glu__L_e,79.50596056882604,79.50596056882604,mmol/gDW/h,direct numeric transfer per user instruction; source unit and biomass basis unverified,exact_name_or_id,positive consumption; negative production,positive secretion; negative uptake
Keibler2021 extracellular fluxes,Trial 3,EV,False,2.75,1,Glutamine,293.2291535894039,as reported in workbook; unit not stated on this sheet,EX_gln__L_e,-293.2291535894039,-293.2291535894039,mmol/gDW/h,direct numeric transfer per user instruction; source unit and biomass basis unverified,exact_name_or_id,positive consumption; negative production,positive secretion; negative uptake
Keibler2021 extracellular fluxes,Trial 3,EV,False,2.75,1,Glycine,8.349681416643099,as reported in workbook; unit not stated on this sheet,EX_gly_e,-8.349681416643099,-8.349681416643099,mmol/gDW/h,direct numeric transfer per user instruction; source unit and biomass basis unverified,exact_name_or_id,positive consumption; negative production,positive secretion; negative uptake
Keibler2021 extracellular fluxes,Trial 3,EV,False,2.75,1,Isoleucine,48.628066238753235,as reported in workbook; unit not stated on this sheet,EX_ile__L_e,-48.628066238753235,-48.628066238753235,mmol/gDW/h,direct numeric transfer per user instruction; source unit and biomass basis unverified,exact_name_or_id,positive consumption; negative production,positive secretion; negative uptake
Keibler2021 extracellular fluxes,Trial 3,EV,False,2.75,1,Lactate,-2602.433827944816,as reported in workbook; unit not stated on this sheet,EX_lac__L_e,2602.433827944816,2602.433827944816,mmol/gDW/h,direct numeric transfer per user instruction; source unit and biomass basis unverified,curated_alias,positive consumption; negative production,positive secretion; negative uptake
Keibler2021 extracellular fluxes,Trial 3,EV,False,2.75,1,Leucine,47.732847309355265,as reported in workbook; unit not stated on this sheet,EX_leu__L_e,-47.732847309355265,-47.732847309355265,mmol/gDW/h,direct numeric transfer per user instruction; source unit and biomass basis unverified,exact_name_or_id,positive consumption; negative production,positive secretion; negative uptake
Keibler2021 extracellular fluxes,Trial 3,EV,False,2.75,1,Lysine,19.136495021781585,as reported in workbook; unit not stated on this sheet,EX_lys__L_e,-19.136495021781585,-19.136495021781585,mmol/gDW/h,direct numeric transfer per user instruction; source unit and biomass basis unverified,exact_name_or_id,positive consumption; negative production,positive secretion; negative uptake
Keibler2021 extracellular fluxes,Trial 3,EV,False,2.75,1,Methionine,7.2169859192181995,as reported in workbook; unit not stated on this sheet,EX_met__L_e,-7.2169859192181995,-7.2169859192181995,mmol/gDW/h,direct numeric transfer per user instruction; source unit and biomass basis unverified,exact_name_or_id,positive consumption; negative production,positive secretion; negative uptake
Keibler2021 extracellular fluxes,Trial 3,EV,False,2.75,1,Phenylalanine,9.404911815994025,as reported in workbook; unit not stated on this sheet,EX_phe__L_e,-9.404911815994025,-9.404911815994025,mmol/gDW/h,direct numeric transfer per user instruction; source unit and biomass basis unverified,exact_name_or_id,positive consumption; negative production,positive secretion; negative uptake
Keibler2021 extracellular fluxes,Trial 3,EV,False,2.75,1,Proline,-18.642650808081044,as reported in workbook; unit not stated on this sheet,EX_pro__L_e,18.642650808081044,18.642650808081044,mmol/gDW/h,direct numeric transfer per user instruction; source unit and biomass basis unverified,curated_alias,positive consumption; negative production,positive secretion; negative uptake
Keibler2021 extracellular fluxes,Trial 3,EV,False,2.75,1,Pyruvate,-147.3103191857357,as reported in workbook; unit not stated on this sheet,EX_pyr_e,147.3103191857357,147.3103191857357,mmol/gDW/h,direct numeric transfer per user instruction; source unit and biomass basis unverified,exact_name_or_id,positive consumption; negative production,positive secretion; negative uptake
Keibler2021 extracellular fluxes,Trial 3,EV,False,2.75,1,Serine,29.187941845558488,as reported in workbook; unit not stated on this sheet,EX_ser__L_e,-29.187941845558488,-29.187941845558488,mmol/gDW/h,direct numeric transfer per user instruction; source unit and biomass basis unverified,curated_alias,positive consumption; negative production,positive secretion; negative uptake
Keibler2021 extracellular fluxes,Trial 3,EV,False,2.75,1,Threonine,10.68519140162414,as reported in workbook; unit not stated on this sheet,EX_thr__L_e,-10.68519140162414,-10.68519140162414,mmol/gDW/h,direct numeric transfer per user instruction; source unit and biomass basis unverified,exact_name_or_id,positive consumption; negative production,positive secretion; negative uptake
Keibler2021 extracellular fluxes,Trial 3,EV,False,2.75,1,Tyrosine,7.3066385840075245,as reported in workbook; unit not stated on this sheet,EX_tyr__L_e,-7.3066385840075245,-7.3066385840075245,mmol/gDW/h,direct numeric transfer per user instruction; source unit and biomass basis unverified,exact_name_or_id,positive consumption; negative production,positive secretion; negative uptake
Keibler2021 extracellular fluxes,Trial 3,EV,False,2.75,1,Valine,33.93197786221084,as reported in workbook; unit not stated on this sheet,EX_val__L_e,-33.93197786221084,-33.93197786221084,mmol/gDW/h,direct numeric transfer per user instruction; source unit and biomass basis unverified,exact_name_or_id,positive consumption; negative production,positive secretion; negative uptake
Keibler2021 extracellular fluxes,Trial 3,EV,False,2.75,1,Growth Rate,0.01673878332444478,as reported in workbook; unit not stated on this sheet,,,,,not applicable,not_exchange_metabolite,positive consumption; negative production,positive secretion; negative uptake
Keibler2021 extracellular fluxes,Trial 3,EV,False,2.75,2,Alanine,-117.36118359408974,as reported in workbook; unit not stated on this sheet,EX_ala__L_e,117.36118359408974,117.36118359408974,mmol/gDW/h,direct numeric transfer per user instruction; source unit and biomass basis unverified,curated_alias,positive consumption; negative production,positive secretion; negative uptake
Keibler2021 extracellular fluxes,Trial 3,EV,False,2.75,2,Aspartate,-8.193783101290835,as reported in workbook; unit not stated on this sheet,EX_asp__L_e,8.193783101290835,8.193783101290835,mmol/gDW/h,direct numeric transfer per user instruction; source unit and biomass basis unverified,curated_alias,positive consumption; negative production,positive secretion; negative uptake
Keibler2021 extracellular fluxes,Trial 3,EV,False,2.75,2,Glucose,1562.4011736534178,as reported in workbook; unit not stated on this sheet,EX_glc__D_e,-1562.4011736534178,-1562.4011736534178,mmol/gDW/h,direct numeric transfer per user instruction; source unit and biomass basis unverified,curated_alias,positive consumption; negative production,positive secretion; negative uptake
Keibler2021 extracellular fluxes,Trial 3,EV,False,2.75,2,Glutamate,-82.02539025495992,as reported in workbook; unit not stated on this sheet,EX_glu__L_e,82.02539025495992,82.02539025495992,mmol/gDW/h,direct numeric transfer per user instruction; source unit and biomass basis unverified,exact_name_or_id,positive consumption; negative production,positive secretion; negative uptake
Keibler2021 extracellular fluxes,Trial 3,EV,False,2.75,2,Glutamine,285.4273686464083,as reported in workbook; unit not stated on this sheet,EX_gln__L_e,-285.4273686464083,-285.4273686464083,mmol/gDW/h,direct numeric transfer per user instruction; source unit and biomass basis unverified,exact_name_or_id,positive consumption; negative production,positive secretion; negative uptake
Keibler2021 extracellular fluxes,Trial 3,EV,False,2.75,2,Glycine,9.9579801368133,as reported in workbook; unit not stated on this sheet,EX_gly_e,-9.9579801368133,-9.9579801368133,mmol/gDW/h,direct numeric transfer per user instruction; source unit and biomass basis unverified,exact_name_or_id,positive consumption; negative production,positive secretion; negative uptake
Keibler2021 extracellular fluxes,Trial 3,EV,False,2.75,2,Isoleucine,52.40764052419761,as reported in workbook; unit not stated on this sheet,EX_ile__L_e,-52.40764052419761,-52.40764052419761,mmol/gDW/h,direct numeric transfer per user instruction; source unit and biomass basis unverified,exact_name_or_id,positive consumption; negative production,positive secretion; negative uptake
Keibler2021 extracellular fluxes,Trial 3,EV,False,2.75,2,Lactate,-2704.582064376593,as reported in workbook; unit not stated on this sheet,EX_lac__L_e,2704.582064376593,2704.582064376593,mmol/gDW/h,direct numeric transfer per user instruction; source unit and biomass basis unverified,curated_alias,positive consumption; negative production,positive secretion; negative uptake
Keibler2021 extracellular fluxes,Trial 3,EV,False,2.75,2,Leucine,49.89989963293563,as reported in workbook; unit not stated on this sheet,EX_leu__L_e,-49.89989963293563,-49.89989963293563,mmol/gDW/h,direct numeric transfer per user instruction; source unit and biomass basis unverified,exact_name_or_id,positive consumption; negative production,positive secretion; negative uptake
Keibler2021 extracellular fluxes,Trial 3,EV,False,2.75,2,Lysine,22.34301212105246,as reported in workbook; unit not stated on this sheet,EX_lys__L_e,-22.34301212105246,-22.34301212105246,mmol/gDW/h,direct numeric transfer per user instruction; source unit and biomass basis unverified,exact_name_or_id,positive consumption; negative production,positive secretion; negative uptake
Keibler2021 extracellular fluxes,Trial 3,EV,False,2.75,2,Methionine,7.958294506920793,as reported in workbook; unit not stated on this sheet,EX_met__L_e,-7.958294506920793,-7.958294506920793,mmol/gDW/h,direct numeric transfer per user instruction; source unit and biomass basis unverified,exact_name_or_id,positive consumption; negative production,positive secretion; negative uptake
Keibler2021 extracellular fluxes,Trial 3,EV,False,2.75,2,Phenylalanine,9.41678340396155,as reported in workbook; unit not stated on this sheet,EX_phe__L_e,-9.41678340396155,-9.41678340396155,mmol/gDW/h,direct numeric transfer per user instruction; source unit and biomass basis unverified,exact_name_or_id,positive consumption; negative production,positive secretion; negative uptake
Keibler2021 extracellular fluxes,Trial 3,EV,False,2.75,2,Proline,-19.714125058653618,as reported in workbook; unit not stated on this sheet,EX_pro__L_e,19.714125058653618,19.714125058653618,mmol/gDW/h,direct numeric transfer per user instruction; source unit and biomass basis unverified,curated_alias,positive consumption; negative production,positive secretion; negative uptake
Keibler2021 extracellular fluxes,Trial 3,EV,False,2.75,2,Pyruvate,-148.18986491243194,as reported in workbook; unit not stated on this sheet,EX_pyr_e,148.18986491243194,148.18986491243194,mmol/gDW/h,direct numeric transfer per user instruction; source unit and biomass basis unverified,exact_name_or_id,positive consumption; negative production,positive secretion; negative uptake
Keibler2021 extracellular fluxes,Trial 3,EV,False,2.75,2,Serine,30.666945002141723,as reported in workbook; unit not stated on this sheet,EX_ser__L_e,-30.666945002141723,-30.666945002141723,mmol/gDW/h,direct numeric transfer per user instruction; source unit and biomass basis unverified,curated_alias,positive consumption; negative production,positive secretion; negative uptake
Keibler2021 extracellular fluxes,Trial 3,EV,False,2.75,2,Threonine,16.22796671846096,as reported in workbook; unit not stated on this sheet,EX_thr__L_e,-16.22796671846096,-16.22796671846096,mmol/gDW/h,direct numeric transfer per user instruction; source unit and biomass basis unverified,exact_name_or_id,positive consumption; negative production,positive secretion; negative uptake
Keibler2021 extracellular fluxes,Trial 3,EV,False,2.75,2,Tyrosine,8.502821481771571,as reported in workbook; unit not stated on this sheet,EX_tyr__L_e,-8.502821481771571,-8.502821481771571,mmol/gDW/h,direct numeric transfer per user instruction; source unit and biomass basis unverified,exact_name_or_id,positive consumption; negative production,positive secretion; negative uptake
Keibler2021 extracellular fluxes,Trial 3,EV,False,2.75,2,Valine,34.749053557704016,as reported in workbook; unit not stated on this sheet,EX_val__L_e,-34.749053557704016,-34.749053557704016,mmol/gDW/h,direct numeric transfer per user instruction; source unit and biomass basis unverified,exact_name_or_id,positive consumption; negative production,positive secretion; negative uptake
Keibler2021 extracellular fluxes,Trial 3,EV,False,2.75,2,Growth Rate,0.01596326362363116,as reported in workbook; unit not stated on this sheet,,,,,not applicable,not_exchange_metabolite,positive consumption; negative production,positive secretion; negative uptake
Keibler2021 extracellular fluxes,Trial 3,EV,False,1,1,Alanine,-97.08252585089792,as reported in workbook; unit not stated on this sheet,EX_ala__L_e,97.08252585089792,97.08252585089792,mmol/gDW/h,direct numeric transfer per user instruction; source unit and biomass basis unverified,curated_alias,positive consumption; negative production,positive secretion; negative uptake
Keibler2021 extracellular fluxes,Trial 3,EV,False,1,1,Aspartate,-0.5435883907027089,as reported in workbook; unit not stated on this sheet,EX_asp__L_e,0.5435883907027089,0.5435883907027089,mmol/gDW/h,direct numeric transfer per user instruction; source unit and biomass basis unverified,curated_alias,positive consumption; negative production,positive secretion; negative uptake
Keibler2021 extracellular fluxes,Trial 3,EV,False,1,1,Glucose,1006.0525620672645,as reported in workbook; unit not stated on this sheet,EX_glc__D_e,-1006.0525620672645,-1006.0525620672645,mmol/gDW/h,direct numeric transfer per user instruction; source unit and biomass basis unverified,curated_alias,positive consumption; negative production,positive secretion; negative uptake
Keibler2021 extracellular fluxes,Trial 3,EV,False,1,1,Glutamate,-11.500906699175513,as reported in workbook; unit not stated on this sheet,EX_glu__L_e,11.500906699175513,11.500906699175513,mmol/gDW/h,direct numeric transfer per user instruction; source unit and biomass basis unverified,exact_name_or_id,positive consumption; negative production,positive secretion; negative uptake
Keibler2021 extracellular fluxes,Trial 3,EV,False,1,1,Glutamine,158.19558502481658,as reported in workbook; unit not stated on this sheet,EX_gln__L_e,-158.19558502481658,-158.19558502481658,mmol/gDW/h,direct numeric transfer per user instruction; source unit and biomass basis unverified,exact_name_or_id,positive consumption; negative production,positive secretion; negative uptake
Keibler2021 extracellular fluxes,Trial 3,EV,False,1,1,Glycine,-0.7357558506808825,as reported in workbook; unit not stated on this sheet,EX_gly_e,0.7357558506808825,0.7357558506808825,mmol/gDW/h,direct numeric transfer per user instruction; source unit and biomass basis unverified,exact_name_or_id,positive consumption; negative production,positive secretion; negative uptake
Keibler2021 extracellular fluxes,Trial 3,EV,False,1,1,Isoleucine,55.65364665615502,as reported in workbook; unit not stated on this sheet,EX_ile__L_e,-55.65364665615502,-55.65364665615502,mmol/gDW/h,direct numeric transfer per user instruction; source unit and biomass basis unverified,exact_name_or_id,positive consumption; negative production,positive secretion; negative uptake
Keibler2021 extracellular fluxes,Trial 3,EV,False,1,1,Lactate,-1631.974482483001,as reported in workbook; unit not stated on this sheet,EX_lac__L_e,1631.974482483001,1631.974482483001,mmol/gDW/h,direct numeric transfer per user instruction; source unit and biomass basis unverified,curated_alias,positive consumption; negative production,positive secretion; negative uptake
Keibler2021 extracellular fluxes,Trial 3,EV,False,1,1,Leucine,49.45115022645164,as reported in workbook; unit not stated on this sheet,EX_leu__L_e,-49.45115022645164,-49.45115022645164,mmol/gDW/h,direct numeric transfer per user instruction; source unit and biomass basis unverified,exact_name_or_id,positive consumption; negative production,positive secretion; negative uptake
Keibler2021 extracellular fluxes,Trial 3,EV,False,1,1,Lysine,11.442190357177742,as reported in workbook; unit not stated on this sheet,EX_lys__L_e,-11.442190357177742,-11.442190357177742,mmol/gDW/h,direct numeric transfer per user instruction; source unit and biomass basis unverified,exact_name_or_id,positive consumption; negative production,positive secretion; negative uptake
Keibler2021 extracellular fluxes,Trial 3,EV,False,1,1,Methionine,4.528241562726164,as reported in workbook; unit not stated on this sheet,EX_met__L_e,-4.528241562726164,-4.528241562726164,mmol/gDW/h,direct numeric transfer per user instruction; source unit and biomass basis unverified,exact_name_or_id,positive consumption; negative production,positive secretion; negative uptake
Keibler2021 extracellular fluxes,Trial 3,EV,False,1,1,Phenylalanine,4.934634936632404,as reported in workbook; unit not stated on this sheet,EX_phe__L_e,-4.934634936632404,-4.934634936632404,mmol/gDW/h,direct numeric transfer per user instruction; source unit and biomass basis unverified,exact_name_or_id,positive consumption; negative production,positive secretion; negative uptake
Keibler2021 extracellular fluxes,Trial 3,EV,False,1,1,Proline,-16.911858953901504,as reported in workbook; unit not stated on this sheet,EX_pro__L_e,16.911858953901504,16.911858953901504,mmol/gDW/h,direct numeric transfer per user instruction; source unit and biomass basis unverified,curated_alias,positive consumption; negative production,positive secretion; negative uptake
Keibler2021 extracellular fluxes,Trial 3,EV,False,1,1,Pyruvate,-124.97156575811518,as reported in workbook; unit not stated on this sheet,EX_pyr_e,124.97156575811518,124.97156575811518,mmol/gDW/h,direct numeric transfer per user instruction; source unit and biomass basis unverified,exact_name_or_id,positive consumption; negative production,positive secretion; negative uptake
Keibler2021 extracellular fluxes,Trial 3,EV,False,1,1,Serine,23.935392800550048,as reported in workbook; unit not stated on this sheet,EX_ser__L_e,-23.935392800550048,-23.935392800550048,mmol/gDW/h,direct numeric transfer per user instruction; source unit and biomass basis unverified,curated_alias,positive consumption; negative production,positive secretion; negative uptake
Keibler2021 extracellular fluxes,Trial 3,EV,False,1,1,Threonine,8.984963125983368,as reported in workbook; unit not stated on this sheet,EX_thr__L_e,-8.984963125983368,-8.984963125983368,mmol/gDW/h,direct numeric transfer per user instruction; source unit and biomass basis unverified,exact_name_or_id,positive consumption; negative production,positive secretion; negative uptake
Keibler2021 extracellular fluxes,Trial 3,EV,False,1,1,Tyrosine,5.301437728662468,as reported in workbook; unit not stated on this sheet,EX_tyr__L_e,-5.301437728662468,-5.301437728662468,mmol/gDW/h,direct numeric transfer per user instruction; source unit and biomass basis unverified,exact_name_or_id,positive consumption; negative production,positive secretion; negative uptake
Keibler2021 extracellular fluxes,Trial 3,EV,False,1,1,Valine,32.2281369048431,as reported in workbook; unit not stated on this sheet,EX_val__L_e,-32.2281369048431,-32.2281369048431,mmol/gDW/h,direct numeric transfer per user instruction; source unit and biomass basis unverified,exact_name_or_id,positive consumption; negative production,positive secretion; negative uptake
Keibler2021 extracellular fluxes,Trial 3,EV,False,1,1,Growth Rate,0.00888090544257458,as reported in workbook; unit not stated on this sheet,,,,,not applicable,not_exchange_metabolite,positive consumption; negative production,positive secretion; negative uptake
Keibler2021 extracellular fluxes,Trial 3,EV,False,1,2,Alanine,-92.86800975297841,as reported in workbook; unit not stated on this sheet,EX_ala__L_e,92.86800975297841,92.86800975297841,mmol/gDW/h,direct numeric transfer per user instruction; source unit and biomass basis unverified,curated_alias,positive consumption; negative production,positive secretion; negative uptake
Keibler2021 extracellular fluxes,Trial 3,EV,False,1,2,Aspartate,-1.7832177077899227,as reported in workbook; unit not stated on this sheet,EX_asp__L_e,1.7832177077899227,1.7832177077899227,mmol/gDW/h,direct numeric transfer per user instruction; source unit and biomass basis unverified,curated_alias,positive consumption; negative production,positive secretion; negative uptake
Keibler2021 extracellular fluxes,Trial 3,EV,False,1,2,Glucose,985.0073624056292,as reported in workbook; unit not stated on this sheet,EX_glc__D_e,-985.0073624056292,-985.0073624056292,mmol/gDW/h,direct numeric transfer per user instruction; source unit and biomass basis unverified,curated_alias,positive consumption; negative production,positive secretion; negative uptake
Keibler2021 extracellular fluxes,Trial 3,EV,False,1,2,Glutamate,-13.094611759960857,as reported in workbook; unit not stated on this sheet,EX_glu__L_e,13.094611759960857,13.094611759960857,mmol/gDW/h,direct numeric transfer per user instruction; source unit and biomass basis unverified,exact_name_or_id,positive consumption; negative production,positive secretion; negative uptake
Keibler2021 extracellular fluxes,Trial 3,EV,False,1,2,Glutamine,151.67008553552037,as reported in workbook; unit not stated on this sheet,EX_gln__L_e,-151.67008553552037,-151.67008553552037,mmol/gDW/h,direct numeric transfer per user instruction; source unit and biomass basis unverified,exact_name_or_id,positive consumption; negative production,positive secretion; negative uptake
Keibler2021 extracellular fluxes,Trial 3,EV,False,1,2,Glycine,-1.5651869701105923,as reported in workbook; unit not stated on this sheet,EX_gly_e,1.5651869701105923,1.5651869701105923,mmol/gDW/h,direct numeric transfer per user instruction; source unit and biomass basis unverified,exact_name_or_id,positive consumption; negative production,positive secretion; negative uptake
Keibler2021 extracellular fluxes,Trial 3,EV,False,1,2,Isoleucine,55.70800716169202,as reported in workbook; unit not stated on this sheet,EX_ile__L_e,-55.70800716169202,-55.70800716169202,mmol/gDW/h,direct numeric transfer per user instruction; source unit and biomass basis unverified,exact_name_or_id,positive consumption; negative production,positive secretion; negative uptake
Keibler2021 extracellular fluxes,Trial 3,EV,False,1,2,Lactate,-1627.0645847847686,as reported in workbook; unit not stated on this sheet,EX_lac__L_e,1627.0645847847686,1627.0645847847686,mmol/gDW/h,direct numeric transfer per user instruction; source unit and biomass basis unverified,curated_alias,positive consumption; negative production,positive secretion; negative uptake
Keibler2021 extracellular fluxes,Trial 3,EV,False,1,2,Leucine,49.50104849231099,as reported in workbook; unit not stated on this sheet,EX_leu__L_e,-49.50104849231099,-49.50104849231099,mmol/gDW/h,direct numeric transfer per user instruction; source unit and biomass basis unverified,exact_name_or_id,positive consumption; negative production,positive secretion; negative uptake
Keibler2021 extracellular fluxes,Trial 3,EV,False,1,2,Lysine,11.524375891408694,as reported in workbook; unit not stated on this sheet,EX_lys__L_e,-11.524375891408694,-11.524375891408694,mmol/gDW/h,direct numeric transfer per user instruction; source unit and biomass basis unverified,exact_name_or_id,positive consumption; negative production,positive secretion; negative uptake
Keibler2021 extracellular fluxes,Trial 3,EV,False,1,2,Methionine,5.636234016338455,as reported in workbook; unit not stated on this sheet,EX_met__L_e,-5.636234016338455,-5.636234016338455,mmol/gDW/h,direct numeric transfer per user instruction; source unit and biomass basis unverified,exact_name_or_id,positive consumption; negative production,positive secretion; negative uptake
Keibler2021 extracellular fluxes,Trial 3,EV,False,1,2,Phenylalanine,8.715227090040944,as reported in workbook; unit not stated on this sheet,EX_phe__L_e,-8.715227090040944,-8.715227090040944,mmol/gDW/h,direct numeric transfer per user instruction; source unit and biomass basis unverified,exact_name_or_id,positive consumption; negative production,positive secretion; negative uptake
Keibler2021 extracellular fluxes,Trial 3,EV,False,1,2,Proline,-15.922708367512632,as reported in workbook; unit not stated on this sheet,EX_pro__L_e,15.922708367512632,15.922708367512632,mmol/gDW/h,direct numeric transfer per user instruction; source unit and biomass basis unverified,curated_alias,positive consumption; negative production,positive secretion; negative uptake
Keibler2021 extracellular fluxes,Trial 3,EV,False,1,2,Pyruvate,-126.87825830568346,as reported in workbook; unit not stated on this sheet,EX_pyr_e,126.87825830568346,126.87825830568346,mmol/gDW/h,direct numeric transfer per user instruction; source unit and biomass basis unverified,exact_name_or_id,positive consumption; negative production,positive secretion; negative uptake
Keibler2021 extracellular fluxes,Trial 3,EV,False,1,2,Serine,24.154310514424246,as reported in workbook; unit not stated on this sheet,EX_ser__L_e,-24.154310514424246,-24.154310514424246,mmol/gDW/h,direct numeric transfer per user instruction; source unit and biomass basis unverified,curated_alias,positive consumption; negative production,positive secretion; negative uptake
Keibler2021 extracellular fluxes,Trial 3,EV,False,1,2,Threonine,8.979497995156917,as reported in workbook; unit not stated on this sheet,EX_thr__L_e,-8.979497995156917,-8.979497995156917,mmol/gDW/h,direct numeric transfer per user instruction; source unit and biomass basis unverified,exact_name_or_id,positive consumption; negative production,positive secretion; negative uptake
Keibler2021 extracellular fluxes,Trial 3,EV,False,1,2,Tyrosine,7.618065112623605,as reported in workbook; unit not stated on this sheet,EX_tyr__L_e,-7.618065112623605,-7.618065112623605,mmol/gDW/h,direct numeric transfer per user instruction; source unit and biomass basis unverified,exact_name_or_id,positive consumption; negative production,positive secretion; negative uptake
Keibler2021 extracellular fluxes,Trial 3,EV,False,1,2,Valine,35.20933589933536,as reported in workbook; unit not stated on this sheet,EX_val__L_e,-35.20933589933536,-35.20933589933536,mmol/gDW/h,direct numeric transfer per user instruction; source unit and biomass basis unverified,exact_name_or_id,positive consumption; negative production,positive secretion; negative uptake
Keibler2021 extracellular fluxes,Trial 3,EV,False,1,2,Growth Rate,0.0097662227136038,as reported in workbook; unit not stated on this sheet,,,,,not applicable,not_exchange_metabolite,positive consumption; negative production,positive secretion; negative uptake
Keibler2021 extracellular fluxes,Trial 3,EV,False,0,1,Alanine,-44.86754712441408,as reported in workbook; unit not stated on this sheet,EX_ala__L_e,44.86754712441408,44.86754712441408,mmol/gDW/h,direct numeric transfer per user instruction; source unit and biomass basis unverified,curated_alias,positive consumption; negative production,positive secretion; negative uptake
Keibler2021 extracellular fluxes,Trial 3,EV,False,0,1,Aspartate,0.5377076199623694,as reported in workbook; unit not stated on this sheet,EX_asp__L_e,-0.5377076199623694,-0.5377076199623694,mmol/gDW/h,direct numeric transfer per user instruction; source unit and biomass basis unverified,curated_alias,positive consumption; negative production,positive secretion; negative uptake
Keibler2021 extracellular fluxes,Trial 3,EV,False,0,1,Glucose,513.7545187324125,as reported in workbook; unit not stated on this sheet,EX_glc__D_e,-513.7545187324125,-513.7545187324125,mmol/gDW/h,direct numeric transfer per user instruction; source unit and biomass basis unverified,curated_alias,positive consumption; negative production,positive secretion; negative uptake
Keibler2021 extracellular fluxes,Trial 3,EV,False,0,1,Glutamate,2.7787334164705704,as reported in workbook; unit not stated on this sheet,EX_glu__L_e,-2.7787334164705704,-2.7787334164705704,mmol/gDW/h,direct numeric transfer per user instruction; source unit and biomass basis unverified,exact_name_or_id,positive consumption; negative production,positive secretion; negative uptake
Keibler2021 extracellular fluxes,Trial 3,EV,False,0,1,Glutamine,21.622625328844038,as reported in workbook; unit not stated on this sheet,EX_gln__L_e,-21.622625328844038,-21.622625328844038,mmol/gDW/h,direct numeric transfer per user instruction; source unit and biomass basis unverified,exact_name_or_id,positive consumption; negative production,positive secretion; negative uptake
Keibler2021 extracellular fluxes,Trial 3,EV,False,0,1,Glycine,-17.083925221822447,as reported in workbook; unit not stated on this sheet,EX_gly_e,17.083925221822447,17.083925221822447,mmol/gDW/h,direct numeric transfer per user instruction; source unit and biomass basis unverified,exact_name_or_id,positive consumption; negative production,positive secretion; negative uptake
Keibler2021 extracellular fluxes,Trial 3,EV,False,0,1,Isoleucine,61.09209227566138,as reported in workbook; unit not stated on this sheet,EX_ile__L_e,-61.09209227566138,-61.09209227566138,mmol/gDW/h,direct numeric transfer per user instruction; source unit and biomass basis unverified,exact_name_or_id,positive consumption; negative production,positive secretion; negative uptake
Keibler2021 extracellular fluxes,Trial 3,EV,False,0,1,Lactate,-835.3065490737989,as reported in workbook; unit not stated on this sheet,EX_lac__L_e,835.3065490737989,835.3065490737989,mmol/gDW/h,direct numeric transfer per user instruction; source unit and biomass basis unverified,curated_alias,positive consumption; negative production,positive secretion; negative uptake
Keibler2021 extracellular fluxes,Trial 3,EV,False,0,1,Leucine,48.77900672289876,as reported in workbook; unit not stated on this sheet,EX_leu__L_e,-48.77900672289876,-48.77900672289876,mmol/gDW/h,direct numeric transfer per user instruction; source unit and biomass basis unverified,exact_name_or_id,positive consumption; negative production,positive secretion; negative uptake
Keibler2021 extracellular fluxes,Trial 3,EV,False,0,1,Lysine,7.574963198358228,as reported in workbook; unit not stated on this sheet,EX_lys__L_e,-7.574963198358228,-7.574963198358228,mmol/gDW/h,direct numeric transfer per user instruction; source unit and biomass basis unverified,exact_name_or_id,positive consumption; negative production,positive secretion; negative uptake
Keibler2021 extracellular fluxes,Trial 3,EV,False,0,1,Methionine,-0.06430267422956913,as reported in workbook; unit not stated on this sheet,EX_met__L_e,0.06430267422956913,0.06430267422956913,mmol/gDW/h,direct numeric transfer per user instruction; source unit and biomass basis unverified,exact_name_or_id,positive consumption; negative production,positive secretion; negative uptake
Keibler2021 extracellular fluxes,Trial 3,EV,False,0,1,Phenylalanine,4.912587368606691,as reported in workbook; unit not stated on this sheet,EX_phe__L_e,-4.912587368606691,-4.912587368606691,mmol/gDW/h,direct numeric transfer per user instruction; source unit and biomass basis unverified,exact_name_or_id,positive consumption; negative production,positive secretion; negative uptake
Keibler2021 extracellular fluxes,Trial 3,EV,False,0,1,Proline,-13.761295584321525,as reported in workbook; unit not stated on this sheet,EX_pro__L_e,13.761295584321525,13.761295584321525,mmol/gDW/h,direct numeric transfer per user instruction; source unit and biomass basis unverified,curated_alias,positive consumption; negative production,positive secretion; negative uptake
Keibler2021 extracellular fluxes,Trial 3,EV,False,0,1,Pyruvate,-62.77590104753498,as reported in workbook; unit not stated on this sheet,EX_pyr_e,62.77590104753498,62.77590104753498,mmol/gDW/h,direct numeric transfer per user instruction; source unit and biomass basis unverified,exact_name_or_id,positive consumption; negative production,positive secretion; negative uptake
Keibler2021 extracellular fluxes,Trial 3,EV,False,0,1,Serine,21.872699015786115,as reported in workbook; unit not stated on this sheet,EX_ser__L_e,-21.872699015786115,-21.872699015786115,mmol/gDW/h,direct numeric transfer per user instruction; source unit and biomass basis unverified,curated_alias,positive consumption; negative production,positive secretion; negative uptake
Keibler2021 extracellular fluxes,Trial 3,EV,False,0,1,Threonine,12.70679442280806,as reported in workbook; unit not stated on this sheet,EX_thr__L_e,-12.70679442280806,-12.70679442280806,mmol/gDW/h,direct numeric transfer per user instruction; source unit and biomass basis unverified,exact_name_or_id,positive consumption; negative production,positive secretion; negative uptake
Keibler2021 extracellular fluxes,Trial 3,EV,False,0,1,Tyrosine,3.4820054871113792,as reported in workbook; unit not stated on this sheet,EX_tyr__L_e,-3.4820054871113792,-3.4820054871113792,mmol/gDW/h,direct numeric transfer per user instruction; source unit and biomass basis unverified,exact_name_or_id,positive consumption; negative production,positive secretion; negative uptake
Keibler2021 extracellular fluxes,Trial 3,EV,False,0,1,Valine,30.451174186978886,as reported in workbook; unit not stated on this sheet,EX_val__L_e,-30.451174186978886,-30.451174186978886,mmol/gDW/h,direct numeric transfer per user instruction; source unit and biomass basis unverified,exact_name_or_id,positive consumption; negative production,positive secretion; negative uptake
Keibler2021 extracellular fluxes,Trial 3,EV,False,0,1,Growth Rate,0.0010885185076395124,as reported in workbook; unit not stated on this sheet,,,,,not applicable,not_exchange_metabolite,positive consumption; negative production,positive secretion; negative uptake
Keibler2021 extracellular fluxes,Trial 3,EV,False,0,2,Alanine,-44.27211390610651,as reported in workbook; unit not stated on this sheet,EX_ala__L_e,44.27211390610651,44.27211390610651,mmol/gDW/h,direct numeric transfer per user instruction; source unit and biomass basis unverified,curated_alias,positive consumption; negative production,positive secretion; negative uptake
Keibler2021 extracellular fluxes,Trial 3,EV,False,0,2,Aspartate,0.1607624259876538,as reported in workbook; unit not stated on this sheet,EX_asp__L_e,-0.1607624259876538,-0.1607624259876538,mmol/gDW/h,direct numeric transfer per user instruction; source unit and biomass basis unverified,curated_alias,positive consumption; negative production,positive secretion; negative uptake
Keibler2021 extracellular fluxes,Trial 3,EV,False,0,2,Glucose,517.9627607494683,as reported in workbook; unit not stated on this sheet,EX_glc__D_e,-517.9627607494683,-517.9627607494683,mmol/gDW/h,direct numeric transfer per user instruction; source unit and biomass basis unverified,curated_alias,positive consumption; negative production,positive secretion; negative uptake
Keibler2021 extracellular fluxes,Trial 3,EV,False,0,2,Glutamate,2.914910124633722,as reported in workbook; unit not stated on this sheet,EX_glu__L_e,-2.914910124633722,-2.914910124633722,mmol/gDW/h,direct numeric transfer per user instruction; source unit and biomass basis unverified,exact_name_or_id,positive consumption; negative production,positive secretion; negative uptake
Keibler2021 extracellular fluxes,Trial 3,EV,False,0,2,Glutamine,33.51470335076843,as reported in workbook; unit not stated on this sheet,EX_gln__L_e,-33.51470335076843,-33.51470335076843,mmol/gDW/h,direct numeric transfer per user instruction; source unit and biomass basis unverified,exact_name_or_id,positive consumption; negative production,positive secretion; negative uptake
Keibler2021 extracellular fluxes,Trial 3,EV,False,0,2,Glycine,-14.574562522844403,as reported in workbook; unit not stated on this sheet,EX_gly_e,14.574562522844403,14.574562522844403,mmol/gDW/h,direct numeric transfer per user instruction; source unit and biomass basis unverified,exact_name_or_id,positive consumption; negative production,positive secretion; negative uptake
Keibler2021 extracellular fluxes,Trial 3,EV,False,0,2,Isoleucine,61.05949852517744,as reported in workbook; unit not stated on this sheet,EX_ile__L_e,-61.05949852517744,-61.05949852517744,mmol/gDW/h,direct numeric transfer per user instruction; source unit and biomass basis unverified,exact_name_or_id,positive consumption; negative production,positive secretion; negative uptake
Keibler2021 extracellular fluxes,Trial 3,EV,False,0,2,Lactate,-840.4334036852048,as reported in workbook; unit not stated on this sheet,EX_lac__L_e,840.4334036852048,840.4334036852048,mmol/gDW/h,direct numeric transfer per user instruction; source unit and biomass basis unverified,curated_alias,positive consumption; negative production,positive secretion; negative uptake
Keibler2021 extracellular fluxes,Trial 3,EV,False,0,2,Leucine,51.00756327846205,as reported in workbook; unit not stated on this sheet,EX_leu__L_e,-51.00756327846205,-51.00756327846205,mmol/gDW/h,direct numeric transfer per user instruction; source unit and biomass basis unverified,exact_name_or_id,positive consumption; negative production,positive secretion; negative uptake
Keibler2021 extracellular fluxes,Trial 3,EV,False,0,2,Lysine,9.774143564681651,as reported in workbook; unit not stated on this sheet,EX_lys__L_e,-9.774143564681651,-9.774143564681651,mmol/gDW/h,direct numeric transfer per user instruction; source unit and biomass basis unverified,exact_name_or_id,positive consumption; negative production,positive secretion; negative uptake
Keibler2021 extracellular fluxes,Trial 3,EV,False,0,2,Methionine,3.1196062490729948,as reported in workbook; unit not stated on this sheet,EX_met__L_e,-3.1196062490729948,-3.1196062490729948,mmol/gDW/h,direct numeric transfer per user instruction; source unit and biomass basis unverified,exact_name_or_id,positive consumption; negative production,positive secretion; negative uptake
Keibler2021 extracellular fluxes,Trial 3,EV,False,0,2,Phenylalanine,5.370416615925185,as reported in workbook; unit not stated on this sheet,EX_phe__L_e,-5.370416615925185,-5.370416615925185,mmol/gDW/h,direct numeric transfer per user instruction; source unit and biomass basis unverified,exact_name_or_id,positive consumption; negative production,positive secretion; negative uptake
Keibler2021 extracellular fluxes,Trial 3,EV,False,0,2,Proline,-13.409686924094686,as reported in workbook; unit not stated on this sheet,EX_pro__L_e,13.409686924094686,13.409686924094686,mmol/gDW/h,direct numeric transfer per user instruction; source unit and biomass basis unverified,curated_alias,positive consumption; negative production,positive secretion; negative uptake
Keibler2021 extracellular fluxes,Trial 3,EV,False,0,2,Pyruvate,-62.58983235972942,as reported in workbook; unit not stated on this sheet,EX_pyr_e,62.58983235972942,62.58983235972942,mmol/gDW/h,direct numeric transfer per user instruction; source unit and biomass basis unverified,exact_name_or_id,positive consumption; negative production,positive secretion; negative uptake
Keibler2021 extracellular fluxes,Trial 3,EV,False,0,2,Serine,21.897493893969756,as reported in workbook; unit not stated on this sheet,EX_ser__L_e,-21.897493893969756,-21.897493893969756,mmol/gDW/h,direct numeric transfer per user instruction; source unit and biomass basis unverified,curated_alias,positive consumption; negative production,positive secretion; negative uptake
Keibler2021 extracellular fluxes,Trial 3,EV,False,0,2,Threonine,8.138651220169084,as reported in workbook; unit not stated on this sheet,EX_thr__L_e,-8.138651220169084,-8.138651220169084,mmol/gDW/h,direct numeric transfer per user instruction; source unit and biomass basis unverified,exact_name_or_id,positive consumption; negative production,positive secretion; negative uptake
Keibler2021 extracellular fluxes,Trial 3,EV,False,0,2,Tyrosine,5.026493588810962,as reported in workbook; unit not stated on this sheet,EX_tyr__L_e,-5.026493588810962,-5.026493588810962,mmol/gDW/h,direct numeric transfer per user instruction; source unit and biomass basis unverified,exact_name_or_id,positive consumption; negative production,positive secretion; negative uptake
Keibler2021 extracellular fluxes,Trial 3,EV,False,0,2,Valine,33.4344558762281,as reported in workbook; unit not stated on this sheet,EX_val__L_e,-33.4344558762281,-33.4344558762281,mmol/gDW/h,direct numeric transfer per user instruction; source unit and biomass basis unverified,exact_name_or_id,positive consumption; negative production,positive secretion; negative uptake
Keibler2021 extracellular fluxes,Trial 3,EV,False,0,2,Growth Rate,0.0009617514722477882,as reported in workbook; unit not stated on this sheet,,,,,not applicable,not_exchange_metabolite,positive consumption; negative production,positive secretion; negative uptake
Keibler2021 extracellular fluxes,Trial 3,EV,False,0,3,Alanine,-46.432142291313525,as reported in workbook; unit not stated on this sheet,EX_ala__L_e,46.432142291313525,46.432142291313525,mmol/gDW/h,direct numeric transfer per user instruction; source unit and biomass basis unverified,curated_alias,positive consumption; negative production,positive secretion; negative uptake
Keibler2021 extracellular fluxes,Trial 3,EV,False,0,3,Aspartate,-0.6760945712897791,as reported in workbook; unit not stated on this sheet,EX_asp__L_e,0.6760945712897791,0.6760945712897791,mmol/gDW/h,direct numeric transfer per user instruction; source unit and biomass basis unverified,curated_alias,positive consumption; negative production,positive secretion; negative uptake
Keibler2021 extracellular fluxes,Trial 3,EV,False,0,3,Glucose,474.7888658957234,as reported in workbook; unit not stated on this sheet,EX_glc__D_e,-474.7888658957234,-474.7888658957234,mmol/gDW/h,direct numeric transfer per user instruction; source unit and biomass basis unverified,curated_alias,positive consumption; negative production,positive secretion; negative uptake
Keibler2021 extracellular fluxes,Trial 3,EV,False,0,3,Glutamate,2.6772577506425654,as reported in workbook; unit not stated on this sheet,EX_glu__L_e,-2.6772577506425654,-2.6772577506425654,mmol/gDW/h,direct numeric transfer per user instruction; source unit and biomass basis unverified,exact_name_or_id,positive consumption; negative production,positive secretion; negative uptake
Keibler2021 extracellular fluxes,Trial 3,EV,False,0,3,Glutamine,32.785951530578714,as reported in workbook; unit not stated on this sheet,EX_gln__L_e,-32.785951530578714,-32.785951530578714,mmol/gDW/h,direct numeric transfer per user instruction; source unit and biomass basis unverified,exact_name_or_id,positive consumption; negative production,positive secretion; negative uptake
Keibler2021 extracellular fluxes,Trial 3,EV,False,0,3,Glycine,-18.217956989020884,as reported in workbook; unit not stated on this sheet,EX_gly_e,18.217956989020884,18.217956989020884,mmol/gDW/h,direct numeric transfer per user instruction; source unit and biomass basis unverified,exact_name_or_id,positive consumption; negative production,positive secretion; negative uptake
Keibler2021 extracellular fluxes,Trial 3,EV,False,0,3,Isoleucine,58.126551610738005,as reported in workbook; unit not stated on this sheet,EX_ile__L_e,-58.126551610738005,-58.126551610738005,mmol/gDW/h,direct numeric transfer per user instruction; source unit and biomass basis unverified,exact_name_or_id,positive consumption; negative production,positive secretion; negative uptake
Keibler2021 extracellular fluxes,Trial 3,EV,False,0,3,Lactate,-852.1163638392177,as reported in workbook; unit not stated on this sheet,EX_lac__L_e,852.1163638392177,852.1163638392177,mmol/gDW/h,direct numeric transfer per user instruction; source unit and biomass basis unverified,curated_alias,positive consumption; negative production,positive secretion; negative uptake
Keibler2021 extracellular fluxes,Trial 3,EV,False,0,3,Leucine,45.86166320114934,as reported in workbook; unit not stated on this sheet,EX_leu__L_e,-45.86166320114934,-45.86166320114934,mmol/gDW/h,direct numeric transfer per user instruction; source unit and biomass basis unverified,exact_name_or_id,positive consumption; negative production,positive secretion; negative uptake
Keibler2021 extracellular fluxes,Trial 3,EV,False,0,3,Lysine,15.787437932405672,as reported in workbook; unit not stated on this sheet,EX_lys__L_e,-15.787437932405672,-15.787437932405672,mmol/gDW/h,direct numeric transfer per user instruction; source unit and biomass basis unverified,exact_name_or_id,positive consumption; negative production,positive secretion; negative uptake
Keibler2021 extracellular fluxes,Trial 3,EV,False,0,3,Methionine,1.3182375541947533,as reported in workbook; unit not stated on this sheet,EX_met__L_e,-1.3182375541947533,-1.3182375541947533,mmol/gDW/h,direct numeric transfer per user instruction; source unit and biomass basis unverified,exact_name_or_id,positive consumption; negative production,positive secretion; negative uptake
Keibler2021 extracellular fluxes,Trial 3,EV,False,0,3,Phenylalanine,2.3635413316248948,as reported in workbook; unit not stated on this sheet,EX_phe__L_e,-2.3635413316248948,-2.3635413316248948,mmol/gDW/h,direct numeric transfer per user instruction; source unit and biomass basis unverified,exact_name_or_id,positive consumption; negative production,positive secretion; negative uptake
Keibler2021 extracellular fluxes,Trial 3,EV,False,0,3,Proline,-13.31905856064801,as reported in workbook; unit not stated on this sheet,EX_pro__L_e,13.31905856064801,13.31905856064801,mmol/gDW/h,direct numeric transfer per user instruction; source unit and biomass basis unverified,curated_alias,positive consumption; negative production,positive secretion; negative uptake
Keibler2021 extracellular fluxes,Trial 3,EV,False,0,3,Pyruvate,-62.445217746162776,as reported in workbook; unit not stated on this sheet,EX_pyr_e,62.445217746162776,62.445217746162776,mmol/gDW/h,direct numeric transfer per user instruction; source unit and biomass basis unverified,exact_name_or_id,positive consumption; negative production,positive secretion; negative uptake
Keibler2021 extracellular fluxes,Trial 3,EV,False,0,3,Serine,20.317266682483137,as reported in workbook; unit not stated on this sheet,EX_ser__L_e,-20.317266682483137,-20.317266682483137,mmol/gDW/h,direct numeric transfer per user instruction; source unit and biomass basis unverified,curated_alias,positive consumption; negative production,positive secretion; negative uptake
Keibler2021 extracellular fluxes,Trial 3,EV,False,0,3,Threonine,4.74109613428369,as reported in workbook; unit not stated on this sheet,EX_thr__L_e,-4.74109613428369,-4.74109613428369,mmol/gDW/h,direct numeric transfer per user instruction; source unit and biomass basis unverified,exact_name_or_id,positive consumption; negative production,positive secretion; negative uptake
Keibler2021 extracellular fluxes,Trial 3,EV,False,0,3,Tyrosine,3.9756294452661805,as reported in workbook; unit not stated on this sheet,EX_tyr__L_e,-3.9756294452661805,-3.9756294452661805,mmol/gDW/h,direct numeric transfer per user instruction; source unit and biomass basis unverified,exact_name_or_id,positive consumption; negative production,positive secretion; negative uptake
Keibler2021 extracellular fluxes,Trial 3,EV,False,0,3,Valine,28.958208377630413,as reported in workbook; unit not stated on this sheet,EX_val__L_e,-28.958208377630413,-28.958208377630413,mmol/gDW/h,direct numeric transfer per user instruction; source unit and biomass basis unverified,exact_name_or_id,positive consumption; negative production,positive secretion; negative uptake
Keibler2021 extracellular fluxes,Trial 3,EV,False,0,3,Growth Rate,0.0019114104476603694,as reported in workbook; unit not stated on this sheet,,,,,not applicable,not_exchange_metabolite,positive consumption; negative production,positive secretion; negative uptake
Keibler2021 extracellular fluxes,Trial 3,KRAS,False,5,1,Alanine,-88.20563634904117,as reported in workbook; unit not stated on this sheet,EX_ala__L_e,88.20563634904117,88.20563634904117,mmol/gDW/h,direct numeric transfer per user instruction; source unit and biomass basis unverified,curated_alias,positive consumption; negative production,positive secretion; negative uptake
Keibler2021 extracellular fluxes,Trial 3,KRAS,False,5,1,Aspartate,-18.563483423990153,as reported in workbook; unit not stated on this sheet,EX_asp__L_e,18.563483423990153,18.563483423990153,mmol/gDW/h,direct numeric transfer per user instruction; source unit and biomass basis unverified,curated_alias,positive consumption; negative production,positive secretion; negative uptake
Keibler2021 extracellular fluxes,Trial 3,KRAS,False,5,1,Glucose,1897.9779884588584,as reported in workbook; unit not stated on this sheet,EX_glc__D_e,-1897.9779884588584,-1897.9779884588584,mmol/gDW/h,direct numeric transfer per user instruction; source unit and biomass basis unverified,curated_alias,positive consumption; negative production,positive secretion; negative uptake
Keibler2021 extracellular fluxes,Trial 3,KRAS,False,5,1,Glutamate,-199.42883798685554,as reported in workbook; unit not stated on this sheet,EX_glu__L_e,199.42883798685554,199.42883798685554,mmol/gDW/h,direct numeric transfer per user instruction; source unit and biomass basis unverified,exact_name_or_id,positive consumption; negative production,positive secretion; negative uptake
Keibler2021 extracellular fluxes,Trial 3,KRAS,False,5,1,Glutamine,393.5471559594285,as reported in workbook; unit not stated on this sheet,EX_gln__L_e,-393.5471559594285,-393.5471559594285,mmol/gDW/h,direct numeric transfer per user instruction; source unit and biomass basis unverified,exact_name_or_id,positive consumption; negative production,positive secretion; negative uptake
Keibler2021 extracellular fluxes,Trial 3,KRAS,False,5,1,Glycine,13.580873148439634,as reported in workbook; unit not stated on this sheet,EX_gly_e,-13.580873148439634,-13.580873148439634,mmol/gDW/h,direct numeric transfer per user instruction; source unit and biomass basis unverified,exact_name_or_id,positive consumption; negative production,positive secretion; negative uptake
Keibler2021 extracellular fluxes,Trial 3,KRAS,False,5,1,Isoleucine,44.8781679571041,as reported in workbook; unit not stated on this sheet,EX_ile__L_e,-44.8781679571041,-44.8781679571041,mmol/gDW/h,direct numeric transfer per user instruction; source unit and biomass basis unverified,exact_name_or_id,positive consumption; negative production,positive secretion; negative uptake
Keibler2021 extracellular fluxes,Trial 3,KRAS,False,5,1,Lactate,-3551.6115884462506,as reported in workbook; unit not stated on this sheet,EX_lac__L_e,3551.6115884462506,3551.6115884462506,mmol/gDW/h,direct numeric transfer per user instruction; source unit and biomass basis unverified,curated_alias,positive consumption; negative production,positive secretion; negative uptake
Keibler2021 extracellular fluxes,Trial 3,KRAS,False,5,1,Leucine,45.11370567891379,as reported in workbook; unit not stated on this sheet,EX_leu__L_e,-45.11370567891379,-45.11370567891379,mmol/gDW/h,direct numeric transfer per user instruction; source unit and biomass basis unverified,exact_name_or_id,positive consumption; negative production,positive secretion; negative uptake
Keibler2021 extracellular fluxes,Trial 3,KRAS,False,5,1,Lysine,27.540466999865536,as reported in workbook; unit not stated on this sheet,EX_lys__L_e,-27.540466999865536,-27.540466999865536,mmol/gDW/h,direct numeric transfer per user instruction; source unit and biomass basis unverified,exact_name_or_id,positive consumption; negative production,positive secretion; negative uptake
Keibler2021 extracellular fluxes,Trial 3,KRAS,False,5,1,Methionine,7.98695340851652,as reported in workbook; unit not stated on this sheet,EX_met__L_e,-7.98695340851652,-7.98695340851652,mmol/gDW/h,direct numeric transfer per user instruction; source unit and biomass basis unverified,exact_name_or_id,positive consumption; negative production,positive secretion; negative uptake
Keibler2021 extracellular fluxes,Trial 3,KRAS,False,5,1,Phenylalanine,9.489484563255559,as reported in workbook; unit not stated on this sheet,EX_phe__L_e,-9.489484563255559,-9.489484563255559,mmol/gDW/h,direct numeric transfer per user instruction; source unit and biomass basis unverified,exact_name_or_id,positive consumption; negative production,positive secretion; negative uptake
Keibler2021 extracellular fluxes,Trial 3,KRAS,False,5,1,Proline,-14.520847044657145,as reported in workbook; unit not stated on this sheet,EX_pro__L_e,14.520847044657145,14.520847044657145,mmol/gDW/h,direct numeric transfer per user instruction; source unit and biomass basis unverified,curated_alias,positive consumption; negative production,positive secretion; negative uptake
Keibler2021 extracellular fluxes,Trial 3,KRAS,False,5,1,Pyruvate,-108.35334273950083,as reported in workbook; unit not stated on this sheet,EX_pyr_e,108.35334273950083,108.35334273950083,mmol/gDW/h,direct numeric transfer per user instruction; source unit and biomass basis unverified,exact_name_or_id,positive consumption; negative production,positive secretion; negative uptake
Keibler2021 extracellular fluxes,Trial 3,KRAS,False,5,1,Serine,34.52430292996402,as reported in workbook; unit not stated on this sheet,EX_ser__L_e,-34.52430292996402,-34.52430292996402,mmol/gDW/h,direct numeric transfer per user instruction; source unit and biomass basis unverified,curated_alias,positive consumption; negative production,positive secretion; negative uptake
Keibler2021 extracellular fluxes,Trial 3,KRAS,False,5,1,Threonine,15.457547123568277,as reported in workbook; unit not stated on this sheet,EX_thr__L_e,-15.457547123568277,-15.457547123568277,mmol/gDW/h,direct numeric transfer per user instruction; source unit and biomass basis unverified,exact_name_or_id,positive consumption; negative production,positive secretion; negative uptake
Keibler2021 extracellular fluxes,Trial 3,KRAS,False,5,1,Tyrosine,6.893771019958946,as reported in workbook; unit not stated on this sheet,EX_tyr__L_e,-6.893771019958946,-6.893771019958946,mmol/gDW/h,direct numeric transfer per user instruction; source unit and biomass basis unverified,exact_name_or_id,positive consumption; negative production,positive secretion; negative uptake
Keibler2021 extracellular fluxes,Trial 3,KRAS,False,5,1,Valine,31.77032375457812,as reported in workbook; unit not stated on this sheet,EX_val__L_e,-31.77032375457812,-31.77032375457812,mmol/gDW/h,direct numeric transfer per user instruction; source unit and biomass basis unverified,exact_name_or_id,positive consumption; negative production,positive secretion; negative uptake
Keibler2021 extracellular fluxes,Trial 3,KRAS,False,5,1,Growth Rate,0.021827651467726517,as reported in workbook; unit not stated on this sheet,,,,,not applicable,not_exchange_metabolite,positive consumption; negative production,positive secretion; negative uptake
Keibler2021 extracellular fluxes,Trial 3,KRAS,False,5,2,Alanine,-85.35983944415678,as reported in workbook; unit not stated on this sheet,EX_ala__L_e,85.35983944415678,85.35983944415678,mmol/gDW/h,direct numeric transfer per user instruction; source unit and biomass basis unverified,curated_alias,positive consumption; negative production,positive secretion; negative uptake
Keibler2021 extracellular fluxes,Trial 3,KRAS,False,5,2,Aspartate,-18.966747308190765,as reported in workbook; unit not stated on this sheet,EX_asp__L_e,18.966747308190765,18.966747308190765,mmol/gDW/h,direct numeric transfer per user instruction; source unit and biomass basis unverified,curated_alias,positive consumption; negative production,positive secretion; negative uptake
Keibler2021 extracellular fluxes,Trial 3,KRAS,False,5,2,Glucose,1864.5385473645872,as reported in workbook; unit not stated on this sheet,EX_glc__D_e,-1864.5385473645872,-1864.5385473645872,mmol/gDW/h,direct numeric transfer per user instruction; source unit and biomass basis unverified,curated_alias,positive consumption; negative production,positive secretion; negative uptake
Keibler2021 extracellular fluxes,Trial 3,KRAS,False,5,2,Glutamate,-199.37718046890342,as reported in workbook; unit not stated on this sheet,EX_glu__L_e,199.37718046890342,199.37718046890342,mmol/gDW/h,direct numeric transfer per user instruction; source unit and biomass basis unverified,exact_name_or_id,positive consumption; negative production,positive secretion; negative uptake
Keibler2021 extracellular fluxes,Trial 3,KRAS,False,5,2,Glutamine,390.94611086705737,as reported in workbook; unit not stated on this sheet,EX_gln__L_e,-390.94611086705737,-390.94611086705737,mmol/gDW/h,direct numeric transfer per user instruction; source unit and biomass basis unverified,exact_name_or_id,positive consumption; negative production,positive secretion; negative uptake
Keibler2021 extracellular fluxes,Trial 3,KRAS,False,5,2,Glycine,13.79213523684832,as reported in workbook; unit not stated on this sheet,EX_gly_e,-13.79213523684832,-13.79213523684832,mmol/gDW/h,direct numeric transfer per user instruction; source unit and biomass basis unverified,exact_name_or_id,positive consumption; negative production,positive secretion; negative uptake
Keibler2021 extracellular fluxes,Trial 3,KRAS,False,5,2,Isoleucine,45.0556035451931,as reported in workbook; unit not stated on this sheet,EX_ile__L_e,-45.0556035451931,-45.0556035451931,mmol/gDW/h,direct numeric transfer per user instruction; source unit and biomass basis unverified,exact_name_or_id,positive consumption; negative production,positive secretion; negative uptake
Keibler2021 extracellular fluxes,Trial 3,KRAS,False,5,2,Lactate,-3528.62157288933,as reported in workbook; unit not stated on this sheet,EX_lac__L_e,3528.62157288933,3528.62157288933,mmol/gDW/h,direct numeric transfer per user instruction; source unit and biomass basis unverified,curated_alias,positive consumption; negative production,positive secretion; negative uptake
Keibler2021 extracellular fluxes,Trial 3,KRAS,False,5,2,Leucine,43.94142003844189,as reported in workbook; unit not stated on this sheet,EX_leu__L_e,-43.94142003844189,-43.94142003844189,mmol/gDW/h,direct numeric transfer per user instruction; source unit and biomass basis unverified,exact_name_or_id,positive consumption; negative production,positive secretion; negative uptake
Keibler2021 extracellular fluxes,Trial 3,KRAS,False,5,2,Lysine,22.316709675230957,as reported in workbook; unit not stated on this sheet,EX_lys__L_e,-22.316709675230957,-22.316709675230957,mmol/gDW/h,direct numeric transfer per user instruction; source unit and biomass basis unverified,exact_name_or_id,positive consumption; negative production,positive secretion; negative uptake
Keibler2021 extracellular fluxes,Trial 3,KRAS,False,5,2,Methionine,6.74864104541188,as reported in workbook; unit not stated on this sheet,EX_met__L_e,-6.74864104541188,-6.74864104541188,mmol/gDW/h,direct numeric transfer per user instruction; source unit and biomass basis unverified,exact_name_or_id,positive consumption; negative production,positive secretion; negative uptake
Keibler2021 extracellular fluxes,Trial 3,KRAS,False,5,2,Phenylalanine,9.998686527265642,as reported in workbook; unit not stated on this sheet,EX_phe__L_e,-9.998686527265642,-9.998686527265642,mmol/gDW/h,direct numeric transfer per user instruction; source unit and biomass basis unverified,exact_name_or_id,positive consumption; negative production,positive secretion; negative uptake
Keibler2021 extracellular fluxes,Trial 3,KRAS,False,5,2,Proline,-13.680588876931115,as reported in workbook; unit not stated on this sheet,EX_pro__L_e,13.680588876931115,13.680588876931115,mmol/gDW/h,direct numeric transfer per user instruction; source unit and biomass basis unverified,curated_alias,positive consumption; negative production,positive secretion; negative uptake
Keibler2021 extracellular fluxes,Trial 3,KRAS,False,5,2,Pyruvate,-108.53573407554053,as reported in workbook; unit not stated on this sheet,EX_pyr_e,108.53573407554053,108.53573407554053,mmol/gDW/h,direct numeric transfer per user instruction; source unit and biomass basis unverified,exact_name_or_id,positive consumption; negative production,positive secretion; negative uptake
Keibler2021 extracellular fluxes,Trial 3,KRAS,False,5,2,Serine,33.899185995030486,as reported in workbook; unit not stated on this sheet,EX_ser__L_e,-33.899185995030486,-33.899185995030486,mmol/gDW/h,direct numeric transfer per user instruction; source unit and biomass basis unverified,curated_alias,positive consumption; negative production,positive secretion; negative uptake
Keibler2021 extracellular fluxes,Trial 3,KRAS,False,5,2,Threonine,17.27088255246267,as reported in workbook; unit not stated on this sheet,EX_thr__L_e,-17.27088255246267,-17.27088255246267,mmol/gDW/h,direct numeric transfer per user instruction; source unit and biomass basis unverified,exact_name_or_id,positive consumption; negative production,positive secretion; negative uptake
Keibler2021 extracellular fluxes,Trial 3,KRAS,False,5,2,Tyrosine,7.45023609437013,as reported in workbook; unit not stated on this sheet,EX_tyr__L_e,-7.45023609437013,-7.45023609437013,mmol/gDW/h,direct numeric transfer per user instruction; source unit and biomass basis unverified,exact_name_or_id,positive consumption; negative production,positive secretion; negative uptake
Keibler2021 extracellular fluxes,Trial 3,KRAS,False,5,2,Valine,30.983496990885563,as reported in workbook; unit not stated on this sheet,EX_val__L_e,-30.983496990885563,-30.983496990885563,mmol/gDW/h,direct numeric transfer per user instruction; source unit and biomass basis unverified,exact_name_or_id,positive consumption; negative production,positive secretion; negative uptake
Keibler2021 extracellular fluxes,Trial 3,KRAS,False,5,2,Growth Rate,0.022078139709121772,as reported in workbook; unit not stated on this sheet,,,,,not applicable,not_exchange_metabolite,positive consumption; negative production,positive secretion; negative uptake
Keibler2021 extracellular fluxes,Trial 3,KRAS,False,5,3,Alanine,-86.29642138322575,as reported in workbook; unit not stated on this sheet,EX_ala__L_e,86.29642138322575,86.29642138322575,mmol/gDW/h,direct numeric transfer per user instruction; source unit and biomass basis unverified,curated_alias,positive consumption; negative production,positive secretion; negative uptake
Keibler2021 extracellular fluxes,Trial 3,KRAS,False,5,3,Aspartate,-18.967268296956483,as reported in workbook; unit not stated on this sheet,EX_asp__L_e,18.967268296956483,18.967268296956483,mmol/gDW/h,direct numeric transfer per user instruction; source unit and biomass basis unverified,curated_alias,positive consumption; negative production,positive secretion; negative uptake
Keibler2021 extracellular fluxes,Trial 3,KRAS,False,5,3,Glucose,1873.7675234959645,as reported in workbook; unit not stated on this sheet,EX_glc__D_e,-1873.7675234959645,-1873.7675234959645,mmol/gDW/h,direct numeric transfer per user instruction; source unit and biomass basis unverified,curated_alias,positive consumption; negative production,positive secretion; negative uptake
Keibler2021 extracellular fluxes,Trial 3,KRAS,False,5,3,Glutamate,-196.5081141015346,as reported in workbook; unit not stated on this sheet,EX_glu__L_e,196.5081141015346,196.5081141015346,mmol/gDW/h,direct numeric transfer per user instruction; source unit and biomass basis unverified,exact_name_or_id,positive consumption; negative production,positive secretion; negative uptake
Keibler2021 extracellular fluxes,Trial 3,KRAS,False,5,3,Glutamine,388.4220196357791,as reported in workbook; unit not stated on this sheet,EX_gln__L_e,-388.4220196357791,-388.4220196357791,mmol/gDW/h,direct numeric transfer per user instruction; source unit and biomass basis unverified,exact_name_or_id,positive consumption; negative production,positive secretion; negative uptake
Keibler2021 extracellular fluxes,Trial 3,KRAS,False,5,3,Glycine,14.928181666355057,as reported in workbook; unit not stated on this sheet,EX_gly_e,-14.928181666355057,-14.928181666355057,mmol/gDW/h,direct numeric transfer per user instruction; source unit and biomass basis unverified,exact_name_or_id,positive consumption; negative production,positive secretion; negative uptake
Keibler2021 extracellular fluxes,Trial 3,KRAS,False,5,3,Isoleucine,46.61190073883501,as reported in workbook; unit not stated on this sheet,EX_ile__L_e,-46.61190073883501,-46.61190073883501,mmol/gDW/h,direct numeric transfer per user instruction; source unit and biomass basis unverified,exact_name_or_id,positive consumption; negative production,positive secretion; negative uptake
Keibler2021 extracellular fluxes,Trial 3,KRAS,False,5,3,Lactate,-3596.3924743167736,as reported in workbook; unit not stated on this sheet,EX_lac__L_e,3596.3924743167736,3596.3924743167736,mmol/gDW/h,direct numeric transfer per user instruction; source unit and biomass basis unverified,curated_alias,positive consumption; negative production,positive secretion; negative uptake
Keibler2021 extracellular fluxes,Trial 3,KRAS,False,5,3,Leucine,47.98186681280969,as reported in workbook; unit not stated on this sheet,EX_leu__L_e,-47.98186681280969,-47.98186681280969,mmol/gDW/h,direct numeric transfer per user instruction; source unit and biomass basis unverified,exact_name_or_id,positive consumption; negative production,positive secretion; negative uptake
Keibler2021 extracellular fluxes,Trial 3,KRAS,False,5,3,Lysine,29.000507598660864,as reported in workbook; unit not stated on this sheet,EX_lys__L_e,-29.000507598660864,-29.000507598660864,mmol/gDW/h,direct numeric transfer per user instruction; source unit and biomass basis unverified,exact_name_or_id,positive consumption; negative production,positive secretion; negative uptake
Keibler2021 extracellular fluxes,Trial 3,KRAS,False,5,3,Methionine,8.36401273275114,as reported in workbook; unit not stated on this sheet,EX_met__L_e,-8.36401273275114,-8.36401273275114,mmol/gDW/h,direct numeric transfer per user instruction; source unit and biomass basis unverified,exact_name_or_id,positive consumption; negative production,positive secretion; negative uptake
Keibler2021 extracellular fluxes,Trial 3,KRAS,False,5,3,Phenylalanine,9.420142565168163,as reported in workbook; unit not stated on this sheet,EX_phe__L_e,-9.420142565168163,-9.420142565168163,mmol/gDW/h,direct numeric transfer per user instruction; source unit and biomass basis unverified,exact_name_or_id,positive consumption; negative production,positive secretion; negative uptake
Keibler2021 extracellular fluxes,Trial 3,KRAS,False,5,3,Proline,-14.413833323909184,as reported in workbook; unit not stated on this sheet,EX_pro__L_e,14.413833323909184,14.413833323909184,mmol/gDW/h,direct numeric transfer per user instruction; source unit and biomass basis unverified,curated_alias,positive consumption; negative production,positive secretion; negative uptake
Keibler2021 extracellular fluxes,Trial 3,KRAS,False,5,3,Pyruvate,-109.0650461717373,as reported in workbook; unit not stated on this sheet,EX_pyr_e,109.0650461717373,109.0650461717373,mmol/gDW/h,direct numeric transfer per user instruction; source unit and biomass basis unverified,exact_name_or_id,positive consumption; negative production,positive secretion; negative uptake
Keibler2021 extracellular fluxes,Trial 3,KRAS,False,5,3,Serine,35.69437549934578,as reported in workbook; unit not stated on this sheet,EX_ser__L_e,-35.69437549934578,-35.69437549934578,mmol/gDW/h,direct numeric transfer per user instruction; source unit and biomass basis unverified,curated_alias,positive consumption; negative production,positive secretion; negative uptake
Keibler2021 extracellular fluxes,Trial 3,KRAS,False,5,3,Threonine,18.219672761559732,as reported in workbook; unit not stated on this sheet,EX_thr__L_e,-18.219672761559732,-18.219672761559732,mmol/gDW/h,direct numeric transfer per user instruction; source unit and biomass basis unverified,exact_name_or_id,positive consumption; negative production,positive secretion; negative uptake
Keibler2021 extracellular fluxes,Trial 3,KRAS,False,5,3,Tyrosine,9.41076321122746,as reported in workbook; unit not stated on this sheet,EX_tyr__L_e,-9.41076321122746,-9.41076321122746,mmol/gDW/h,direct numeric transfer per user instruction; source unit and biomass basis unverified,exact_name_or_id,positive consumption; negative production,positive secretion; negative uptake
Keibler2021 extracellular fluxes,Trial 3,KRAS,False,5,3,Valine,34.21465947320477,as reported in workbook; unit not stated on this sheet,EX_val__L_e,-34.21465947320477,-34.21465947320477,mmol/gDW/h,direct numeric transfer per user instruction; source unit and biomass basis unverified,exact_name_or_id,positive consumption; negative production,positive secretion; negative uptake
Keibler2021 extracellular fluxes,Trial 3,KRAS,False,5,3,Growth Rate,0.022322459392849575,as reported in workbook; unit not stated on this sheet,,,,,not applicable,not_exchange_metabolite,positive consumption; negative production,positive secretion; negative uptake
Keibler2021 extracellular fluxes,Trial 3,KRAS,False,0,1,Alanine,-90.35037572490744,as reported in workbook; unit not stated on this sheet,EX_ala__L_e,90.35037572490744,90.35037572490744,mmol/gDW/h,direct numeric transfer per user instruction; source unit and biomass basis unverified,curated_alias,positive consumption; negative production,positive secretion; negative uptake
Keibler2021 extracellular fluxes,Trial 3,KRAS,False,0,1,Aspartate,-3.7332468325836574,as reported in workbook; unit not stated on this sheet,EX_asp__L_e,3.7332468325836574,3.7332468325836574,mmol/gDW/h,direct numeric transfer per user instruction; source unit and biomass basis unverified,curated_alias,positive consumption; negative production,positive secretion; negative uptake
Keibler2021 extracellular fluxes,Trial 3,KRAS,False,0,1,Glucose,1202.2025029461859,as reported in workbook; unit not stated on this sheet,EX_glc__D_e,-1202.2025029461859,-1202.2025029461859,mmol/gDW/h,direct numeric transfer per user instruction; source unit and biomass basis unverified,curated_alias,positive consumption; negative production,positive secretion; negative uptake
Keibler2021 extracellular fluxes,Trial 3,KRAS,False,0,1,Glutamate,-38.346055416895624,as reported in workbook; unit not stated on this sheet,EX_glu__L_e,38.346055416895624,38.346055416895624,mmol/gDW/h,direct numeric transfer per user instruction; source unit and biomass basis unverified,exact_name_or_id,positive consumption; negative production,positive secretion; negative uptake
Keibler2021 extracellular fluxes,Trial 3,KRAS,False,0,1,Glutamine,198.4709624941828,as reported in workbook; unit not stated on this sheet,EX_gln__L_e,-198.4709624941828,-198.4709624941828,mmol/gDW/h,direct numeric transfer per user instruction; source unit and biomass basis unverified,exact_name_or_id,positive consumption; negative production,positive secretion; negative uptake
Keibler2021 extracellular fluxes,Trial 3,KRAS,False,0,1,Glycine,9.025038978396422,as reported in workbook; unit not stated on this sheet,EX_gly_e,-9.025038978396422,-9.025038978396422,mmol/gDW/h,direct numeric transfer per user instruction; source unit and biomass basis unverified,exact_name_or_id,positive consumption; negative production,positive secretion; negative uptake
Keibler2021 extracellular fluxes,Trial 3,KRAS,False,0,1,Isoleucine,44.817516635870156,as reported in workbook; unit not stated on this sheet,EX_ile__L_e,-44.817516635870156,-44.817516635870156,mmol/gDW/h,direct numeric transfer per user instruction; source unit and biomass basis unverified,exact_name_or_id,positive consumption; negative production,positive secretion; negative uptake
Keibler2021 extracellular fluxes,Trial 3,KRAS,False,0,1,Lactate,-2073.47084695295,as reported in workbook; unit not stated on this sheet,EX_lac__L_e,2073.47084695295,2073.47084695295,mmol/gDW/h,direct numeric transfer per user instruction; source unit and biomass basis unverified,curated_alias,positive consumption; negative production,positive secretion; negative uptake
Keibler2021 extracellular fluxes,Trial 3,KRAS,False,0,1,Leucine,44.58487566312213,as reported in workbook; unit not stated on this sheet,EX_leu__L_e,-44.58487566312213,-44.58487566312213,mmol/gDW/h,direct numeric transfer per user instruction; source unit and biomass basis unverified,exact_name_or_id,positive consumption; negative production,positive secretion; negative uptake
Keibler2021 extracellular fluxes,Trial 3,KRAS,False,0,1,Lysine,17.048763725195617,as reported in workbook; unit not stated on this sheet,EX_lys__L_e,-17.048763725195617,-17.048763725195617,mmol/gDW/h,direct numeric transfer per user instruction; source unit and biomass basis unverified,exact_name_or_id,positive consumption; negative production,positive secretion; negative uptake
Keibler2021 extracellular fluxes,Trial 3,KRAS,False,0,1,Methionine,6.926929103047681,as reported in workbook; unit not stated on this sheet,EX_met__L_e,-6.926929103047681,-6.926929103047681,mmol/gDW/h,direct numeric transfer per user instruction; source unit and biomass basis unverified,exact_name_or_id,positive consumption; negative production,positive secretion; negative uptake
Keibler2021 extracellular fluxes,Trial 3,KRAS,False,0,1,Phenylalanine,7.21755399570844,as reported in workbook; unit not stated on this sheet,EX_phe__L_e,-7.21755399570844,-7.21755399570844,mmol/gDW/h,direct numeric transfer per user instruction; source unit and biomass basis unverified,exact_name_or_id,positive consumption; negative production,positive secretion; negative uptake
Keibler2021 extracellular fluxes,Trial 3,KRAS,False,0,1,Proline,-15.210638565491747,as reported in workbook; unit not stated on this sheet,EX_pro__L_e,15.210638565491747,15.210638565491747,mmol/gDW/h,direct numeric transfer per user instruction; source unit and biomass basis unverified,curated_alias,positive consumption; negative production,positive secretion; negative uptake
Keibler2021 extracellular fluxes,Trial 3,KRAS,False,0,1,Pyruvate,-138.18825384087594,as reported in workbook; unit not stated on this sheet,EX_pyr_e,138.18825384087594,138.18825384087594,mmol/gDW/h,direct numeric transfer per user instruction; source unit and biomass basis unverified,exact_name_or_id,positive consumption; negative production,positive secretion; negative uptake
Keibler2021 extracellular fluxes,Trial 3,KRAS,False,0,1,Serine,26.093580225407973,as reported in workbook; unit not stated on this sheet,EX_ser__L_e,-26.093580225407973,-26.093580225407973,mmol/gDW/h,direct numeric transfer per user instruction; source unit and biomass basis unverified,curated_alias,positive consumption; negative production,positive secretion; negative uptake
Keibler2021 extracellular fluxes,Trial 3,KRAS,False,0,1,Threonine,17.080861970353553,as reported in workbook; unit not stated on this sheet,EX_thr__L_e,-17.080861970353553,-17.080861970353553,mmol/gDW/h,direct numeric transfer per user instruction; source unit and biomass basis unverified,exact_name_or_id,positive consumption; negative production,positive secretion; negative uptake
Keibler2021 extracellular fluxes,Trial 3,KRAS,False,0,1,Tyrosine,6.5591608333308375,as reported in workbook; unit not stated on this sheet,EX_tyr__L_e,-6.5591608333308375,-6.5591608333308375,mmol/gDW/h,direct numeric transfer per user instruction; source unit and biomass basis unverified,exact_name_or_id,positive consumption; negative production,positive secretion; negative uptake
Keibler2021 extracellular fluxes,Trial 3,KRAS,False,0,1,Valine,31.705739987022557,as reported in workbook; unit not stated on this sheet,EX_val__L_e,-31.705739987022557,-31.705739987022557,mmol/gDW/h,direct numeric transfer per user instruction; source unit and biomass basis unverified,exact_name_or_id,positive consumption; negative production,positive secretion; negative uptake
Keibler2021 extracellular fluxes,Trial 3,KRAS,False,0,1,Growth Rate,0.016659438858218432,as reported in workbook; unit not stated on this sheet,,,,,not applicable,not_exchange_metabolite,positive consumption; negative production,positive secretion; negative uptake
Keibler2021 extracellular fluxes,Trial 3,KRAS,False,0,2,Alanine,-90.5758825653051,as reported in workbook; unit not stated on this sheet,EX_ala__L_e,90.5758825653051,90.5758825653051,mmol/gDW/h,direct numeric transfer per user instruction; source unit and biomass basis unverified,curated_alias,positive consumption; negative production,positive secretion; negative uptake
Keibler2021 extracellular fluxes,Trial 3,KRAS,False,0,2,Aspartate,-4.625532461371399,as reported in workbook; unit not stated on this sheet,EX_asp__L_e,4.625532461371399,4.625532461371399,mmol/gDW/h,direct numeric transfer per user instruction; source unit and biomass basis unverified,curated_alias,positive consumption; negative production,positive secretion; negative uptake
Keibler2021 extracellular fluxes,Trial 3,KRAS,False,0,2,Glucose,1233.1069423989522,as reported in workbook; unit not stated on this sheet,EX_glc__D_e,-1233.1069423989522,-1233.1069423989522,mmol/gDW/h,direct numeric transfer per user instruction; source unit and biomass basis unverified,curated_alias,positive consumption; negative production,positive secretion; negative uptake
Keibler2021 extracellular fluxes,Trial 3,KRAS,False,0,2,Glutamate,-40.676421049469894,as reported in workbook; unit not stated on this sheet,EX_glu__L_e,40.676421049469894,40.676421049469894,mmol/gDW/h,direct numeric transfer per user instruction; source unit and biomass basis unverified,exact_name_or_id,positive consumption; negative production,positive secretion; negative uptake
Keibler2021 extracellular fluxes,Trial 3,KRAS,False,0,2,Glutamine,211.4472265290379,as reported in workbook; unit not stated on this sheet,EX_gln__L_e,-211.4472265290379,-211.4472265290379,mmol/gDW/h,direct numeric transfer per user instruction; source unit and biomass basis unverified,exact_name_or_id,positive consumption; negative production,positive secretion; negative uptake
Keibler2021 extracellular fluxes,Trial 3,KRAS,False,0,2,Glycine,11.787868821103766,as reported in workbook; unit not stated on this sheet,EX_gly_e,-11.787868821103766,-11.787868821103766,mmol/gDW/h,direct numeric transfer per user instruction; source unit and biomass basis unverified,exact_name_or_id,positive consumption; negative production,positive secretion; negative uptake
Keibler2021 extracellular fluxes,Trial 3,KRAS,False,0,2,Isoleucine,48.059375186211454,as reported in workbook; unit not stated on this sheet,EX_ile__L_e,-48.059375186211454,-48.059375186211454,mmol/gDW/h,direct numeric transfer per user instruction; source unit and biomass basis unverified,exact_name_or_id,positive consumption; negative production,positive secretion; negative uptake
Keibler2021 extracellular fluxes,Trial 3,KRAS,False,0,2,Lactate,-2157.73204158965,as reported in workbook; unit not stated on this sheet,EX_lac__L_e,2157.73204158965,2157.73204158965,mmol/gDW/h,direct numeric transfer per user instruction; source unit and biomass basis unverified,curated_alias,positive consumption; negative production,positive secretion; negative uptake
Keibler2021 extracellular fluxes,Trial 3,KRAS,False,0,2,Leucine,46.79029642809929,as reported in workbook; unit not stated on this sheet,EX_leu__L_e,-46.79029642809929,-46.79029642809929,mmol/gDW/h,direct numeric transfer per user instruction; source unit and biomass basis unverified,exact_name_or_id,positive consumption; negative production,positive secretion; negative uptake
Keibler2021 extracellular fluxes,Trial 3,KRAS,False,0,2,Lysine,26.307302371832563,as reported in workbook; unit not stated on this sheet,EX_lys__L_e,-26.307302371832563,-26.307302371832563,mmol/gDW/h,direct numeric transfer per user instruction; source unit and biomass basis unverified,exact_name_or_id,positive consumption; negative production,positive secretion; negative uptake
Keibler2021 extracellular fluxes,Trial 3,KRAS,False,0,2,Methionine,7.372517256757105,as reported in workbook; unit not stated on this sheet,EX_met__L_e,-7.372517256757105,-7.372517256757105,mmol/gDW/h,direct numeric transfer per user instruction; source unit and biomass basis unverified,exact_name_or_id,positive consumption; negative production,positive secretion; negative uptake
Keibler2021 extracellular fluxes,Trial 3,KRAS,False,0,2,Phenylalanine,10.705922910425253,as reported in workbook; unit not stated on this sheet,EX_phe__L_e,-10.705922910425253,-10.705922910425253,mmol/gDW/h,direct numeric transfer per user instruction; source unit and biomass basis unverified,exact_name_or_id,positive consumption; negative production,positive secretion; negative uptake
Keibler2021 extracellular fluxes,Trial 3,KRAS,False,0,2,Proline,-15.313098533312472,as reported in workbook; unit not stated on this sheet,EX_pro__L_e,15.313098533312472,15.313098533312472,mmol/gDW/h,direct numeric transfer per user instruction; source unit and biomass basis unverified,curated_alias,positive consumption; negative production,positive secretion; negative uptake
Keibler2021 extracellular fluxes,Trial 3,KRAS,False,0,2,Pyruvate,-134.14517451919136,as reported in workbook; unit not stated on this sheet,EX_pyr_e,134.14517451919136,134.14517451919136,mmol/gDW/h,direct numeric transfer per user instruction; source unit and biomass basis unverified,exact_name_or_id,positive consumption; negative production,positive secretion; negative uptake
Keibler2021 extracellular fluxes,Trial 3,KRAS,False,0,2,Serine,27.311053808456936,as reported in workbook; unit not stated on this sheet,EX_ser__L_e,-27.311053808456936,-27.311053808456936,mmol/gDW/h,direct numeric transfer per user instruction; source unit and biomass basis unverified,curated_alias,positive consumption; negative production,positive secretion; negative uptake
Keibler2021 extracellular fluxes,Trial 3,KRAS,False,0,2,Threonine,14.312502640580801,as reported in workbook; unit not stated on this sheet,EX_thr__L_e,-14.312502640580801,-14.312502640580801,mmol/gDW/h,direct numeric transfer per user instruction; source unit and biomass basis unverified,exact_name_or_id,positive consumption; negative production,positive secretion; negative uptake
Keibler2021 extracellular fluxes,Trial 3,KRAS,False,0,2,Tyrosine,9.309894163758074,as reported in workbook; unit not stated on this sheet,EX_tyr__L_e,-9.309894163758074,-9.309894163758074,mmol/gDW/h,direct numeric transfer per user instruction; source unit and biomass basis unverified,exact_name_or_id,positive consumption; negative production,positive secretion; negative uptake
Keibler2021 extracellular fluxes,Trial 3,KRAS,False,0,2,Valine,30.404741089057847,as reported in workbook; unit not stated on this sheet,EX_val__L_e,-30.404741089057847,-30.404741089057847,mmol/gDW/h,direct numeric transfer per user instruction; source unit and biomass basis unverified,exact_name_or_id,positive consumption; negative production,positive secretion; negative uptake
Keibler2021 extracellular fluxes,Trial 3,KRAS,False,0,2,Growth Rate,0.01669568308185384,as reported in workbook; unit not stated on this sheet,,,,,not applicable,not_exchange_metabolite,positive consumption; negative production,positive secretion; negative uptake
Keibler2021 extracellular fluxes,Trial 3,KRAS,False,0,3,Alanine,-85.00827473902507,as reported in workbook; unit not stated on this sheet,EX_ala__L_e,85.00827473902507,85.00827473902507,mmol/gDW/h,direct numeric transfer per user instruction; source unit and biomass basis unverified,curated_alias,positive consumption; negative production,positive secretion; negative uptake
Keibler2021 extracellular fluxes,Trial 3,KRAS,False,0,3,Aspartate,-4.847962645177362,as reported in workbook; unit not stated on this sheet,EX_asp__L_e,4.847962645177362,4.847962645177362,mmol/gDW/h,direct numeric transfer per user instruction; source unit and biomass basis unverified,curated_alias,positive consumption; negative production,positive secretion; negative uptake
Keibler2021 extracellular fluxes,Trial 3,KRAS,False,0,3,Glucose,1197.5770954024977,as reported in workbook; unit not stated on this sheet,EX_glc__D_e,-1197.5770954024977,-1197.5770954024977,mmol/gDW/h,direct numeric transfer per user instruction; source unit and biomass basis unverified,curated_alias,positive consumption; negative production,positive secretion; negative uptake
Keibler2021 extracellular fluxes,Trial 3,KRAS,False,0,3,Glutamate,-38.750252672834485,as reported in workbook; unit not stated on this sheet,EX_glu__L_e,38.750252672834485,38.750252672834485,mmol/gDW/h,direct numeric transfer per user instruction; source unit and biomass basis unverified,exact_name_or_id,positive consumption; negative production,positive secretion; negative uptake
Keibler2021 extracellular fluxes,Trial 3,KRAS,False,0,3,Glutamine,184.86978665854178,as reported in workbook; unit not stated on this sheet,EX_gln__L_e,-184.86978665854178,-184.86978665854178,mmol/gDW/h,direct numeric transfer per user instruction; source unit and biomass basis unverified,exact_name_or_id,positive consumption; negative production,positive secretion; negative uptake
Keibler2021 extracellular fluxes,Trial 3,KRAS,False,0,3,Glycine,9.684202056653314,as reported in workbook; unit not stated on this sheet,EX_gly_e,-9.684202056653314,-9.684202056653314,mmol/gDW/h,direct numeric transfer per user instruction; source unit and biomass basis unverified,exact_name_or_id,positive consumption; negative production,positive secretion; negative uptake
Keibler2021 extracellular fluxes,Trial 3,KRAS,False,0,3,Isoleucine,47.0047451435059,as reported in workbook; unit not stated on this sheet,EX_ile__L_e,-47.0047451435059,-47.0047451435059,mmol/gDW/h,direct numeric transfer per user instruction; source unit and biomass basis unverified,exact_name_or_id,positive consumption; negative production,positive secretion; negative uptake
Keibler2021 extracellular fluxes,Trial 3,KRAS,False,0,3,Lactate,-2050.103300294289,as reported in workbook; unit not stated on this sheet,EX_lac__L_e,2050.103300294289,2050.103300294289,mmol/gDW/h,direct numeric transfer per user instruction; source unit and biomass basis unverified,curated_alias,positive consumption; negative production,positive secretion; negative uptake
Keibler2021 extracellular fluxes,Trial 3,KRAS,False,0,3,Leucine,46.29938628791338,as reported in workbook; unit not stated on this sheet,EX_leu__L_e,-46.29938628791338,-46.29938628791338,mmol/gDW/h,direct numeric transfer per user instruction; source unit and biomass basis unverified,exact_name_or_id,positive consumption; negative production,positive secretion; negative uptake
Keibler2021 extracellular fluxes,Trial 3,KRAS,False,0,3,Lysine,25.94545215045208,as reported in workbook; unit not stated on this sheet,EX_lys__L_e,-25.94545215045208,-25.94545215045208,mmol/gDW/h,direct numeric transfer per user instruction; source unit and biomass basis unverified,exact_name_or_id,positive consumption; negative production,positive secretion; negative uptake
Keibler2021 extracellular fluxes,Trial 3,KRAS,False,0,3,Methionine,7.701118449368709,as reported in workbook; unit not stated on this sheet,EX_met__L_e,-7.701118449368709,-7.701118449368709,mmol/gDW/h,direct numeric transfer per user instruction; source unit and biomass basis unverified,exact_name_or_id,positive consumption; negative production,positive secretion; negative uptake
Keibler2021 extracellular fluxes,Trial 3,KRAS,False,0,3,Phenylalanine,10.784043165724364,as reported in workbook; unit not stated on this sheet,EX_phe__L_e,-10.784043165724364,-10.784043165724364,mmol/gDW/h,direct numeric transfer per user instruction; source unit and biomass basis unverified,exact_name_or_id,positive consumption; negative production,positive secretion; negative uptake
Keibler2021 extracellular fluxes,Trial 3,KRAS,False,0,3,Proline,-14.384517068192622,as reported in workbook; unit not stated on this sheet,EX_pro__L_e,14.384517068192622,14.384517068192622,mmol/gDW/h,direct numeric transfer per user instruction; source unit and biomass basis unverified,curated_alias,positive consumption; negative production,positive secretion; negative uptake
Keibler2021 extracellular fluxes,Trial 3,KRAS,False,0,3,Pyruvate,-127.86375193539033,as reported in workbook; unit not stated on this sheet,EX_pyr_e,127.86375193539033,127.86375193539033,mmol/gDW/h,direct numeric transfer per user instruction; source unit and biomass basis unverified,exact_name_or_id,positive consumption; negative production,positive secretion; negative uptake
Keibler2021 extracellular fluxes,Trial 3,KRAS,False,0,3,Serine,27.282452801957163,as reported in workbook; unit not stated on this sheet,EX_ser__L_e,-27.282452801957163,-27.282452801957163,mmol/gDW/h,direct numeric transfer per user instruction; source unit and biomass basis unverified,curated_alias,positive consumption; negative production,positive secretion; negative uptake
Keibler2021 extracellular fluxes,Trial 3,KRAS,False,0,3,Threonine,17.8498234290105,as reported in workbook; unit not stated on this sheet,EX_thr__L_e,-17.8498234290105,-17.8498234290105,mmol/gDW/h,direct numeric transfer per user instruction; source unit and biomass basis unverified,exact_name_or_id,positive consumption; negative production,positive secretion; negative uptake
Keibler2021 extracellular fluxes,Trial 3,KRAS,False,0,3,Tyrosine,9.619516233497999,as reported in workbook; unit not stated on this sheet,EX_tyr__L_e,-9.619516233497999,-9.619516233497999,mmol/gDW/h,direct numeric transfer per user instruction; source unit and biomass basis unverified,exact_name_or_id,positive consumption; negative production,positive secretion; negative uptake
Keibler2021 extracellular fluxes,Trial 3,KRAS,False,0,3,Valine,33.087309613690564,as reported in workbook; unit not stated on this sheet,EX_val__L_e,-33.087309613690564,-33.087309613690564,mmol/gDW/h,direct numeric transfer per user instruction; source unit and biomass basis unverified,exact_name_or_id,positive consumption; negative production,positive secretion; negative uptake
Keibler2021 extracellular fluxes,Trial 3,KRAS,False,0,3,Growth Rate,0.017299122049288792,as reported in workbook; unit not stated on this sheet,,,,,not applicable,not_exchange_metabolite,positive consumption; negative production,positive secretion; negative uptake
